robot_id          ts_0                  ts_1                  ts_2                  ts_3
robot_4           1780505011058579888   1780505011058744229   1780505011069000000   1780505011072006777
robot_7           1780505011083198921   1780505011083349924   1780505011090000000   1780505011091055754
robot_5           1780505011093982931   1780505011094121211   1780505011100000000   1780505011100843736
robot_2           1780505011095137341   1780505011095282942   1780505011101000000   1780505011102254484
robot_8           1780505011114934960   1780505011115061947   1780505011121000000   1780505011122662736
robot_6           1780505011124329184   1780505011124489317   1780505011130000000   1780505011131274087
robot_10          1780505011122981060   1780505011123134072   1780505011130000000   1780505011131346113
robot_3           1780505011154702841   1780505011154867063   1780505011162000000   1780505011162876917
robot_1           1780505011156731485   1780505011156898895   1780505011162000000   1780505011162941101
robot_9           1780505011157056438   1780505011157207596   1780505011162000000   1780505011163252277
robot_4           1780505011158579958   1780505011158715955   1780505011170000000   1780505011171378062
robot_7           1780505011183197281   1780505011183979194   1780505011190000000   1780505011191532487
robot_5           1780505011193991103   1780505011194202058   1780505011200000000   1780505011201662326
robot_2           1780505011195104532   1780505011195244513   1780505011202000000   1780505011202964193
robot_6           1780505011224302046   1780505011225087981   1780505011231000000   1780505011231675749
robot_10          1780505011222937952   1780505011223071563   1780505011231000000   1780505011231747440
robot_8           1780505011214949910   1780505011220640416   1780505011232000000   1780505011233079695
robot_1           1780505011256759168   1780505011256891380   1780505011262000000   1780505011263301465
robot_3           1780505011254764805   1780505011254846462   1780505011262000000   1780505011263369271
robot_4           1780505011258531115   1780505011258662705   1780505011271000000   1780505011272084739
robot_9           1780505011257060676   1780505011261086785   1780505011272000000   1780505011273418622
robot_7           1780505011283265398   1780505011283410895   1780505011291000000   1780505011292323636
robot_5           1780505011294022257   1780505011294177864   1780505011301000000   1780505011302322163
robot_2           1780505011295160736   1780505011295344749   1780505011302000000   1780505011303458928
robot_8           1780505011315082359   1780505011315206834   1780505011323000000   1780505011323820048
robot_6           1780505011324227435   1780505011324418659   1780505011331000000   1780505011332645615
robot_10          1780505011323050107   1780505011331318011   1780505011341000000   1780505011342680420
robot_3           1780505011354580540   1780505011354795504   1780505011363000000   1780505011363978213
robot_9           1780505011357002887   1780505011357122554   1780505011363000000   1780505011364187067
robot_4           1780505011358509020   1780505011358644375   1780505011372000000   1780505011372927269
robot_1           1780505011356765903   1780505011360826544   1780505011373000000   1780505011374074709
robot_7           1780505011383285730   1780505011383450595   1780505011392000000   1780505011392905725
robot_5           1780505011393768612   1780505011402343947   1780505011412000000   1780505011413088007
robot_2           1780505011395201789   1780505011401810107   1780505011413000000   1780505011414174386
robot_8           1780505011415060611   1780505011415189734   1780505011423000000   1780505011424336571
robot_6           1780505011424160736   1780505011424332763   1780505011432000000   1780505011433167426
robot_10          1780505011422738925   1780505011422883741   1780505011432000000   1780505011433220046
robot_1           1780505011456886783   1780505011457050571   1780505011464000000   1780505011464641457
robot_3           1780505011454685690   1780505011454830452   1780505011464000000   1780505011464709809
robot_9           1780505011457071626   1780505011457271849   1780505011464000000   1780505011464883490
robot_4           1780505011458498111   1780505011458636348   1780505011472000000   1780505011473521371
robot_7           1780505011483380960   1780505011483536809   1780505011492000000   1780505011493612739
robot_5           1780505011494074107   1780505011494246281   1780505011503000000   1780505011503661757
robot_2           1780505011495213716   1780505011495369304   1780505011504000000   1780505011504836965
robot_8           1780505011515055595   1780505011515182295   1780505011524000000   1780505011524952902
robot_10          1780505011522945628   1780505011523095255   1780505011533000000   1780505011533924646
robot_6           1780505011524161667   1780505011524310415   1780505011533000000   1780505011533981291
robot_4           1780505011558736288   1780505011558964418   1780505011563000000   1780505011564159121
robot_3           1780505011554659928   1780505011554871996   1780505011564000000   1780505011565366894
robot_1           1780505011556796464   1780505011556962436   1780505011564000000   1780505011565423487
robot_9           1780505011557062267   1780505011557274906   1780505011564000000   1780505011565614711
robot_7           1780505011583230432   1780505011584347557   1780505011593000000   1780505011594441530
robot_5           1780505011594039811   1780505011594221766   1780505011603000000   1780505011604359904
robot_2           1780505011595156907   1780505011595297010   1780505011604000000   1780505011605471161
robot_8           1780505011615065237   1780505011616034746   1780505011625000000   1780505011625747837
robot_6           1780505011624224204   1780505011625089105   1780505011633000000   1780505011634812112
robot_10          1780505011622819926   1780505011622947292   1780505011633000000   1780505011634892215
robot_4           1780505011658508198   1780505011658649557   1780505011664000000   1780505011664797328
robot_1           1780505011656860984   1780505011657019628   1780505011665000000   1780505011665857406
robot_3           1780505011655118180   1780505011655301578   1780505011665000000   1780505011665902518
robot_9           1780505011657019221   1780505011657137596   1780505011665000000   1780505011666036094
robot_7           1780505011683233287   1780505011683364623   1780505011694000000   1780505011695005432
robot_5           1780505011693933727   1780505011694050573   1780505011704000000   1780505011705111543
robot_2           1780505011695108591   1780505011695255605   1780505011705000000   1780505011706108047
robot_8           1780505011714983590   1780505011715114409   1780505011725000000   1780505011726301397
robot_10          1780505011722952302   1780505011725020791   1780505011734000000   1780505011735270433
robot_6           1780505011724226159   1780505011724366460   1780505011734000000   1780505011735321682
robot_4           1780505011758544101   1780505011758703752   1780505011764000000   1780505011765439049
robot_3           1780505011754589791   1780505011754778505   1780505011766000000   1780505011766626567
robot_1           1780505011756634682   1780505011760824190   1780505011766000000   1780505011766692200
robot_9           1780505011757041621   1780505011757249934   1780505011766000000   1780505011766836125
robot_7           1780505011783199105   1780505011783334155   1780505011795000000   1780505011795884894
robot_2           1780505011795213639   1780505011802205730   1780505011806000000   1780505011806925109
robot_5           1780505011793758826   1780505011802979244   1780505011815000000   1780505011815868684
robot_8           1780505011815023205   1780505011815159033   1780505011826000000   1780505011826987310
robot_10          1780505011822761328   1780505011822879458   1780505011835000000   1780505011835905314
robot_6           1780505011824171226   1780505011824335406   1780505011835000000   1780505011835964338
robot_4           1780505011858481453   1780505011860733248   1780505011865000000   1780505011866155081
robot_3           1780505011854642888   1780505011854755491   1780505011866000000   1780505011867108480
robot_1           1780505011856777606   1780505011856907125   1780505011866000000   1780505011867149224
robot_9           1780505011856997211   1780505011857125317   1780505011866000000   1780505011867279740
robot_7           1780505011883269597   1780505011883414938   1780505011895000000   1780505011896415698
robot_5           1780505011893978191   1780505011894111833   1780505011905000000   1780505011906513274
robot_2           1780505011895087867   1780505011895218812   1780505011907000000   1780505011907394750
robot_8           1780505011915019149   1780505011915139024   1780505011927000000   1780505011928073038
robot_10          1780505011922972273   1780505011923108831   1780505011936000000   1780505011936776971
robot_6           1780505011924263388   1780505011924426911   1780505011936000000   1780505011936850609
robot_4           1780505011958666777   1780505011958840159   1780505011966000000   1780505011967113628
robot_3           1780505011954758268   1780505011954947912   1780505011967000000   1780505011967999854
robot_9           1780505011957033130   1780505011957204460   1780505011967000000   1780505011968059659
robot_1           1780505011956819657   1780505011956979105   1780505011967000000   1780505011968073010
robot_7           1780505011983317900   1780505011983767208   1780505011996000000   1780505011997287709
robot_5           1780505011994021353   1780505011994174633   1780505012006000000   1780505012007506593
robot_2           1780505011995424623   1780505011995620217   1780505012007000000   1780505012008628240
robot_8           1780505012015056223   1780505012016989386   1780505012027000000   1780505012028474803
robot_6           1780505012024170210   1780505012025119082   1780505012036000000   1780505012038108175
robot_10          1780505012022830071   1780505012022952801   1780505012036000000   1780505012038173259
robot_3           1780505012054729329   1780505012054826166   1780505012058000000   1780505012058776303
robot_4           1780505012058653415   1780505012058840102   1780505012067000000   1780505012067786811
robot_1           1780505012056786105   1780505012056940374   1780505012068000000   1780505012068646683
robot_9           1780505012057030358   1780505012057171232   1780505012068000000   1780505012068714609
robot_7           1780505012083257777   1780505012083390504   1780505012097000000   1780505012098127164
robot_2           1780505012095076050   1780505012095228914   1780505012098000000   1780505012098869527
robot_5           1780505012094004665   1780505012094197139   1780505012107000000   1780505012108244910
robot_8           1780505012114958837   1780505012115089665   1780505012119000000   1780505012123283763
robot_6           1780505012124345293   1780505012124864265   1780505012137000000   1780505012142296099
robot_10          1780505012122879116   1780505012128999416   1780505012139000000   1780505012143404056
robot_4           1780505012158717308   1780505012158917239   1780505012168000000   1780505012169384184
robot_3           1780505012155394318   1780505012155701365   1780505012170000000   1780505012171377999
robot_9           1780505012157348520   1780505012157529175   1780505012170000000   1780505012172590469
robot_1           1780505012156908273   1780505012165675240   1780505012173000000   1780505012175092012
robot_7           1780505012183447369   1780505012183613674   1780505012188000000   1780505012189199737
robot_2           1780505012195526808   1780505012207603321   1780505012210000000   1780505012211254773
robot_5           1780505012193815302   1780505012208166626   1780505012218000000   1780505012219389266
robot_8           1780505012215111848   1780505012215252527   1780505012220000000   1780505012221257061
robot_10          1780505012222911568   1780505012223034460   1780505012228000000   1780505012229307842
robot_6           1780505012224260702   1780505012224433706   1780505012238000000   1780505012239516047
robot_1           1780505012256759793   1780505012256925960   1780505012260000000   1780505012261530619
robot_3           1780505012254718055   1780505012254768515   1780505012260000000   1780505012261600574
robot_9           1780505012257080422   1780505012257226897   1780505012260000000   1780505012261845591
robot_4           1780505012258728356   1780505012258882342   1780505012269000000   1780505012269673210
robot_7           1780505012283469016   1780505012283717655   1780505012289000000   1780505012289880748
robot_5           1780505012294004014   1780505012294156967   1780505012299000000   1780505012299929823
robot_2           1780505012295149624   1780505012295293962   1780505012301000000   1780505012301894254
robot_8           1780505012314980917   1780505012315137329   1780505012321000000   1780505012322198141
robot_10          1780505012323005351   1780505012323144125   1780505012329000000   1780505012330190629
robot_6           1780505012324189291   1780505012324328940   1780505012329000000   1780505012330251385
robot_3           1780505012354628332   1780505012354867776   1780505012361000000   1780505012362466948
robot_1           1780505012356940643   1780505012357091315   1780505012361000000   1780505012362551991
robot_9           1780505012357078425   1780505012357220673   1780505012361000000   1780505012362903969
robot_4           1780505012358547810   1780505012358674138   1780505012369000000   1780505012370633934
robot_7           1780505012383262960   1780505012383894961   1780505012389000000   1780505012390596686
robot_5           1780505012393973329   1780505012394101313   1780505012399000000   1780505012400709280
robot_2           1780505012395158691   1780505012395330347   1780505012402000000   1780505012402959137
robot_8           1780505012414958735   1780505012418617772   1780505012422000000   1780505012422964669
robot_10          1780505012422990797   1780505012423183352   1780505012430000000   1780505012431029896
robot_6           1780505012424215468   1780505012426041372   1780505012440000000   1780505012441292465
robot_3           1780505012454812858   1780505012454958358   1780505012462000000   1780505012463165422
robot_1           1780505012456721094   1780505012456867042   1780505012462000000   1780505012463226604
robot_9           1780505012457099465   1780505012457228917   1780505012462000000   1780505012463439446
robot_4           1780505012458595861   1780505012458738680   1780505012470000000   1780505012471331383
robot_7           1780505012483313379   1780505012483463194   1780505012490000000   1780505012491864131
robot_5           1780505012494064015   1780505012494292724   1780505012500000000   1780505012501613120
robot_2           1780505012495434542   1780505012495630404   1780505012502000000   1780505012503597333
robot_8           1780505012515016959   1780505012515186471   1780505012523000000   1780505012524382737
robot_6           1780505012524415959   1780505012524602026   1780505012531000000   1780505012532779965
robot_10          1780505012523261380   1780505012529864248   1780505012541000000   1780505012542151951
robot_3           1780505012554737591   1780505012555043349   1780505012563000000   1780505012564029805
robot_9           1780505012557106425   1780505012557250841   1780505012563000000   1780505012564303664
robot_4           1780505012558649225   1780505012558796673   1780505012571000000   1780505012572377151
robot_1           1780505012556770366   1780505012562683050   1780505012573000000   1780505012574074695
robot_7           1780505012583453836   1780505012583633403   1780505012591000000   1780505012592411814
robot_5           1780505012593896078   1780505012603555251   1780505012611000000   1780505012612540735
robot_2           1780505012595425909   1780505012603017816   1780505012613000000   1780505012614364312
robot_8           1780505012615030051   1780505012615160506   1780505012623000000   1780505012624398933
robot_6           1780505012624292910   1780505012624468168   1780505012631000000   1780505012632566861
robot_10          1780505012622818206   1780505012622938872   1780505012631000000   1780505012632626670
robot_3           1780505012654872233   1780505012654972439   1780505012664000000   1780505012664669190
robot_9           1780505012657072302   1780505012657223849   1780505012664000000   1780505012664725790
robot_1           1780505012656727420   1780505012656898462   1780505012664000000   1780505012664736110
robot_4           1780505012658561952   1780505012658702263   1780505012672000000   1780505012673000665
robot_7           1780505012683448854   1780505012683615839   1780505012692000000   1780505012693222611
robot_5           1780505012694158442   1780505012694326967   1780505012702000000   1780505012703154139
robot_2           1780505012695177898   1780505012695335835   1780505012704000000   1780505012704986601
robot_8           1780505012715022873   1780505012715164737   1780505012724000000   1780505012724979311
robot_6           1780505012724229246   1780505012724381574   1780505012732000000   1780505012733333595
robot_10          1780505012722811415   1780505012722933327   1780505012732000000   1780505012733393639
robot_3           1780505012754772815   1780505012754899896   1780505012764000000   1780505012765390434
robot_1           1780505012756843863   1780505012757012265   1780505012764000000   1780505012765461225
robot_9           1780505012757028114   1780505012757178244   1780505012764000000   1780505012765775990
robot_4           1780505012758633465   1780505012758782674   1780505012773000000   1780505012773679797
robot_7           1780505012783235441   1780505012783964960   1780505012793000000   1780505012793770629
robot_5           1780505012794136189   1780505012794325748   1780505012803000000   1780505012803835870
robot_2           1780505012795166474   1780505012795323888   1780505012805000000   1780505012805628027
robot_8           1780505012815032453   1780505012815590590   1780505012825000000   1780505012825740405
robot_10          1780505012822846905   1780505012822966772   1780505012833000000   1780505012834041617
robot_6           1780505012824148670   1780505012824655592   1780505012833000000   1780505012834104443
robot_4           1780505012858511884   1780505012858665644   1780505012863000000   1780505012864473787
robot_3           1780505012854665999   1780505012854771207   1780505012865000000   1780505012865977123
robot_1           1780505012856785772   1780505012856946170   1780505012865000000   1780505012866044142
robot_9           1780505012857025209   1780505012857172034   1780505012865000000   1780505012866154896
robot_7           1780505012883251543   1780505012883390195   1780505012893000000   1780505012894844610
robot_5           1780505012894054733   1780505012894218575   1780505012904000000   1780505012904731851
robot_2           1780505012895334141   1780505012895537032   1780505012905000000   1780505012906334389
robot_8           1780505012914961520   1780505012915097652   1780505012925000000   1780505012926514630
robot_6           1780505012924166000   1780505012924300389   1780505012934000000   1780505012934949813
robot_10          1780505012922983239   1780505012930420566   1780505012944000000   1780505012944814492
robot_3           1780505012954661323   1780505012954735176   1780505012956000000   1780505012956498065
robot_4           1780505012958508653   1780505012958642324   1780505012964000000   1780505012964926704
robot_1           1780505012956777284   1780505012961052610   1780505012966000000   1780505012966616762
robot_9           1780505012957001050   1780505012957124663   1780505012966000000   1780505012966668592
robot_7           1780505012983211509   1780505012983325720   1780505012994000000   1780505012995331126
robot_2           1780505012995551320   1780505013002260828   1780505013006000000   1780505013006931902
robot_5           1780505012993864887   1780505013002765284   1780505013014000000   1780505013015479923
robot_8           1780505013015002331   1780505013015158936   1780505013016000000   1780505013016835594
robot_10          1780505013022810135   1780505013022923217   1780505013034000000   1780505013035459728
robot_6           1780505013024165631   1780505013024336107   1780505013034000000   1780505013035514159
robot_3           1780505013054693812   1780505013054747952   1780505013056000000   1780505013057351601
robot_4           1780505013058496393   1780505013058635203   1780505013065000000   1780505013065773850
robot_9           1780505013057119397   1780505013057870209   1780505013066000000   1780505013067071823
robot_1           1780505013056813214   1780505013056974674   1780505013066000000   1780505013067154499
robot_7           1780505013083370368   1780505013083510234   1780505013095000000   1780505013095866896
robot_5           1780505013093971119   1780505013094102159   1780505013105000000   1780505013106143408
robot_2           1780505013095085598   1780505013095232229   1780505013107000000   1780505013107502160
robot_8           1780505013114959040   1780505013115090752   1780505013127000000   1780505013127989003
robot_6           1780505013124217996   1780505013124362214   1780505013135000000   1780505013136386539
robot_10          1780505013123012770   1780505013123145736   1780505013135000000   1780505013136445753
robot_4           1780505013158582132   1780505013158725775   1780505013165000000   1780505013166777651
robot_3           1780505013154744826   1780505013154842521   1780505013167000000   1780505013168066375
robot_1           1780505013156743423   1780505013156930382   1780505013177000000   1780505013178231918
robot_9           1780505013157153059   1780505013157319851   1780505013177000000   1780505013178296393
robot_7           1780505013183227035   1780505013184892435   1780505013196000000   1780505013196620053
robot_5           1780505013194050101   1780505013194223069   1780505013206000000   1780505013206915012
robot_2           1780505013195067924   1780505013195216862   1780505013207000000   1780505013208517961
robot_10          1780505013222966182   1780505013223110698   1780505013236000000   1780505013237309910
robot_6           1780505013224341719   1780505013225410725   1780505013236000000   1780505013237376822
robot_8           1780505013215035320   1780505013216929090   1780505013237000000   1780505013238516954
robot_4           1780505013258506317   1780505013258639339   1780505013266000000   1780505013267212340
robot_1           1780505013256664163   1780505013256775040   1780505013268000000   1780505013268628941
robot_3           1780505013254689868   1780505013254845533   1780505013268000000   1780505013268677186
robot_9           1780505013256977586   1780505013257102649   1780505013268000000   1780505013268849088
robot_7           1780505013283242988   1780505013283361046   1780505013296000000   1780505013297405738
robot_5           1780505013294050819   1780505013294203082   1780505013306000000   1780505013307527932
robot_2           1780505013295178943   1780505013295359666   1780505013308000000   1780505013308849633
robot_8           1780505013315103556   1780505013315263899   1780505013328000000   1780505013329225667
robot_10          1780505013322846167   1780505013328873480   1780505013337000000   1780505013337708389
robot_6           1780505013324120752   1780505013324242479   1780505013337000000   1780505013337766192
robot_4           1780505013358519021   1780505013358654542   1780505013367000000   1780505013368272254
robot_3           1780505013354713137   1780505013354880702   1780505013368000000   1780505013369498362
robot_9           1780505013356971035   1780505013357160815   1780505013368000000   1780505013369764577
robot_1           1780505013356647577   1780505013360739308   1780505013378000000   1780505013379520717
robot_7           1780505013383212298   1780505013383358684   1780505013397000000   1780505013398414846
robot_5           1780505013393778530   1780505013401936734   1780505013407000000   1780505013408398230
robot_2           1780505013395195178   1780505013402221837   1780505013419000000   1780505013419790749
robot_10          1780505013422797961   1780505013422926590   1780505013427000000   1780505013428361621
robot_8           1780505013415104376   1780505013415242105   1780505013429000000   1780505013429722565
robot_6           1780505013424170904   1780505013424321074   1780505013437000000   1780505013438577223
robot_4           1780505013458479476   1780505013458615455   1780505013468000000   1780505013468778228
robot_3           1780505013454914137   1780505013455011701   1780505013469000000   1780505013470037393
robot_1           1780505013456794006   1780505013456954773   1780505013469000000   1780505013470098483
robot_9           1780505013457024280   1780505013457156516   1780505013469000000   1780505013470298724
robot_7           1780505013483211297   1780505013483351681   1780505013498000000   1780505013498934743
robot_5           1780505013493922759   1780505013494038265   1780505013508000000   1780505013509001558
robot_2           1780505013495146387   1780505013495276486   1780505013509000000   1780505013510357853
robot_10          1780505013522856950   1780505013522999179   1780505013528000000   1780505013529252669
robot_8           1780505013514944539   1780505013515064821   1780505013530000000   1780505013530695903
robot_6           1780505013524134757   1780505013524281469   1780505013538000000   1780505013539373163
robot_4           1780505013558631116   1780505013558781844   1780505013568000000   1780505013569527780
robot_3           1780505013554785010   1780505013554873195   1780505013570000000   1780505013570685576
robot_1           1780505013556824632   1780505013556973189   1780505013570000000   1780505013570731608
robot_9           1780505013557036660   1780505013557174842   1780505013570000000   1780505013570897719
robot_7           1780505013583198837   1780505013583770346   1780505013589000000   1780505013589629944
robot_5           1780505013594030288   1780505013594160401   1780505013609000000   1780505013609945922
robot_2           1780505013595040768   1780505013595165200   1780505013610000000   1780505013611045566
robot_10          1780505013622783067   1780505013622904644   1780505013629000000   1780505013629974638
robot_8           1780505013614970307   1780505013615162341   1780505013630000000   1780505013631083946
robot_6           1780505013624161343   1780505013624404102   1780505013639000000   1780505013640303671
robot_3           1780505013654678436   1780505013654840835   1780505013661000000   1780505013661565657
robot_4           1780505013658544183   1780505013658688293   1780505013669000000   1780505013670195689
robot_9           1780505013656997202   1780505013657124123   1780505013670000000   1780505013671411772
robot_1           1780505013656759170   1780505013656882320   1780505013670000000   1780505013671470290
robot_7           1780505013683330436   1780505013683467480   1780505013689000000   1780505013690668096
robot_5           1780505013694070881   1780505013694228924   1780505013699000000   1780505013700443891
robot_2           1780505013695179918   1780505013695331930   1780505013711000000   1780505013711865669
robot_6           1780505013724234313   1780505013724373397   1780505013730000000   1780505013730769513
robot_8           1780505013715083618   1780505013715211488   1780505013731000000   1780505013731943536
robot_10          1780505013723010154   1780505013725777115   1780505013740000000   1780505013740832712
robot_4           1780505013758571814   1780505013758749824   1780505013770000000   1780505013771107010
robot_3           1780505013754723752   1780505013754872523   1780505013771000000   1780505013772829077
robot_9           1780505013756962610   1780505013757097910   1780505013771000000   1780505013773098764
robot_1           1780505013756714135   1780505013761057151   1780505013781000000   1780505013782491484
robot_7           1780505013783304312   1780505013783455722   1780505013790000000   1780505013791149833
robot_5           1780505013793862516   1780505013802801944   1780505013810000000   1780505013811365449
robot_2           1780505013795247136   1780505013801990024   1780505013822000000   1780505013822652309
robot_10          1780505013822821975   1780505013822955736   1780505013830000000   1780505013831402116
robot_6           1780505013824241710   1780505013824396556   1780505013830000000   1780505013831473410
robot_8           1780505013815012507   1780505013815137067   1780505013832000000   1780505013832647380
robot_4           1780505013858496829   1780505013858628534   1780505013871000000   1780505013871664551
robot_1           1780505013856881432   1780505013857033252   1780505013872000000   1780505013872885865
robot_3           1780505013854845822   1780505013854910345   1780505013872000000   1780505013872944458
robot_9           1780505013856992650   1780505013857127408   1780505013872000000   1780505013873127176
robot_7           1780505013883254585   1780505013883398520   1780505013891000000   1780505013891840227
robot_5           1780505013893978120   1780505013894121625   1780505013901000000   1780505013902015655
robot_2           1780505013895203908   1780505013895336628   1780505013912000000   1780505013913339147
robot_6           1780505013924127888   1780505013924263017   1780505013931000000   1780505013932194723
robot_10          1780505013922869638   1780505013922998428   1780505013931000000   1780505013932278228
robot_8           1780505013914955199   1780505013915084375   1780505013932000000   1780505013933388361
robot_4           1780505013958499815   1780505013958643680   1780505013971000000   1780505013972525027
robot_3           1780505013954595913   1780505013954666162   1780505013973000000   1780505013973603763
robot_1           1780505013956794254   1780505013956992062   1780505013973000000   1780505013973652378
robot_9           1780505013957027598   1780505013957165831   1780505013973000000   1780505013973761142
robot_7           1780505013983174368   1780505013983782987   1780505013991000000   1780505013992586908
robot_5           1780505013994008851   1780505013994144862   1780505014002000000   1780505014002817788
robot_2           1780505013995172459   1780505013995306799   1780505014013000000   1780505014014148027
robot_6           1780505014024129944   1780505014024909926   1780505014032000000   1780505014032893217
robot_10          1780505014022757286   1780505014022876563   1780505014032000000   1780505014032953790
robot_8           1780505014014995216   1780505014015413784   1780505014033000000   1780505014033992825
robot_4           1780505014058530810   1780505014058659689   1780505014072000000   1780505014073210778
robot_3           1780505014054712763   1780505014054815346   1780505014073000000   1780505014074391820
robot_1           1780505014056732184   1780505014056849465   1780505014073000000   1780505014074446095
robot_9           1780505014057071495   1780505014057218995   1780505014073000000   1780505014074619658
robot_7           1780505014083276947   1780505014083423223   1780505014092000000   1780505014093605531
robot_5           1780505014094369852   1780505014094529095   1780505014102000000   1780505014103363296
robot_2           1780505014095198988   1780505014095367435   1780505014114000000   1780505014114856224
robot_10          1780505014122912826   1780505014125673061   1780505014133000000   1780505014133625368
robot_6           1780505014124262095   1780505014124395066   1780505014133000000   1780505014133704458
robot_8           1780505014115002888   1780505014115141797   1780505014134000000   1780505014134760926
robot_4           1780505014158562853   1780505014158694168   1780505014173000000   1780505014173905011
robot_3           1780505014154956771   1780505014155055605   1780505014174000000   1780505014175055777
robot_1           1780505014156635452   1780505014160822849   1780505014174000000   1780505014175117954
robot_9           1780505014157030625   1780505014157196262   1780505014174000000   1780505014175322982
robot_7           1780505014183196588   1780505014183330924   1780505014193000000   1780505014194040430
robot_5           1780505014193772539   1780505014205944490   1780505014213000000   1780505014214125138
robot_2           1780505014195318995   1780505014202535285   1780505014214000000   1780505014215357278
robot_10          1780505014222736821   1780505014222859735   1780505014233000000   1780505014234288284
robot_6           1780505014224154601   1780505014224304484   1780505014233000000   1780505014234346953
robot_8           1780505014215090586   1780505014215228856   1780505014234000000   1780505014235267215
robot_4           1780505014258486419   1780505014258618650   1780505014264000000   1780505014264619500
robot_1           1780505014256739679   1780505014256892961   1780505014275000000   1780505014275835356
robot_3           1780505014254894348   1780505014254996699   1780505014275000000   1780505014275911418
robot_9           1780505014257074682   1780505014257231533   1780505014275000000   1780505014275925928
robot_7           1780505014283260144   1780505014283409569   1780505014294000000   1780505014294791773
robot_5           1780505014293943153   1780505014294068258   1780505014304000000   1780505014304828095
robot_2           1780505014295200952   1780505014295337603   1780505014315000000   1780505014315957740
robot_10          1780505014322797585   1780505014322921737   1780505014334000000   1780505014335251341
robot_6           1780505014324143677   1780505014324278358   1780505014334000000   1780505014335322698
robot_8           1780505014314939401   1780505014315067046   1780505014335000000   1780505014336096138
robot_4           1780505014358511504   1780505014358646295   1780505014364000000   1780505014365527149
robot_1           1780505014356729697   1780505014356877883   1780505014375000000   1780505014376519891
robot_3           1780505014354795017   1780505014354906548   1780505014375000000   1780505014376574576
robot_9           1780505014357026795   1780505014357176730   1780505014376000000   1780505014376583459
robot_7           1780505014383166959   1780505014383799661   1780505014394000000   1780505014395400443
robot_5           1780505014393993422   1780505014394130526   1780505014404000000   1780505014405599655
robot_2           1780505014395066590   1780505014395192763   1780505014406000000   1780505014406662152
robot_6           1780505014424130930   1780505014424680028   1780505014435000000   1780505014435859314
robot_10          1780505014422770805   1780505014422899593   1780505014435000000   1780505014435944643
robot_8           1780505014415019588   1780505014415503767   1780505014436000000   1780505014436910712
robot_4           1780505014458549824   1780505014458684359   1780505014465000000   1780505014466017020
robot_3           1780505014454697668   1780505014454825049   1780505014466000000   1780505014466921078
robot_1           1780505014456744241   1780505014456855265   1780505014476000000   1780505014477251208
robot_9           1780505014456965961   1780505014457093996   1780505014476000000   1780505014477302463
robot_7           1780505014483254590   1780505014483369057   1780505014495000000   1780505014496281234
robot_5           1780505014493971947   1780505014494110313   1780505014505000000   1780505014506275970
robot_2           1780505014495130175   1780505014495285825   1780505014506000000   1780505014507148900
robot_8           1780505014514935716   1780505014515056503   1780505014527000000   1780505014527583207
robot_10          1780505014522814013   1780505014524777892   1780505014536000000   1780505014536556302
robot_6           1780505014524174781   1780505014524311076   1780505014536000000   1780505014536612753
robot_4           1780505014558469421   1780505014558597993   1780505014566000000   1780505014566864883
robot_3           1780505014554608744   1780505014554803825   1780505014567000000   1780505014567817038
robot_9           1780505014556982659   1780505014557118944   1780505014577000000   1780505014578028865
robot_1           1780505014556650606   1780505014560728683   1780505014577000000   1780505014578105143
robot_7           1780505014583190283   1780505014583320289   1780505014596000000   1780505014597349491
robot_5           1780505014593750424   1780505014602696751   1780505014616000000   1780505014617135474
robot_2           1780505014595185723   1780505014602246822   1780505014617000000   1780505014618154123
robot_8           1780505014615026919   1780505014615167584   1780505014627000000   1780505014628356398
robot_6           1780505014624176895   1780505014624331206   1780505014636000000   1780505014637432741
robot_10          1780505014622764091   1780505014622894615   1780505014636000000   1780505014637493269
robot_4           1780505014658561696   1780505014658710105   1780505014666000000   1780505014667558053
robot_3           1780505014654707648   1780505014654950248   1780505014668000000   1780505014668819271
robot_1           1780505014656761129   1780505014656909753   1780505014668000000   1780505014668867094
robot_9           1780505014657013955   1780505014657160959   1780505014678000000   1780505014678851416
robot_7           1780505014683290153   1780505014683429537   1780505014697000000   1780505014697731181
robot_5           1780505014693956097   1780505014694104351   1780505014707000000   1780505014707874570
robot_2           1780505014695118172   1780505014695238765   1780505014708000000   1780505014708800434
robot_8           1780505014714975532   1780505014715094092   1780505014728000000   1780505014729086188
robot_6           1780505014724154902   1780505014724310844   1780505014737000000   1780505014738096324
robot_10          1780505014722782873   1780505014722909265   1780505014737000000   1780505014738158924
robot_4           1780505014758593256   1780505014758747909   1780505014767000000   1780505014768434793
robot_3           1780505014754731878   1780505014754817116   1780505014768000000   1780505014769259948
robot_1           1780505014756782900   1780505014756949448   1780505014768000000   1780505014769317434
robot_9           1780505014757049699   1780505014757180651   1780505014768000000   1780505014769491426
robot_7           1780505014783203250   1780505014783891994   1780505014797000000   1780505014798389291
robot_5           1780505014793988782   1780505014794140077   1780505014808000000   1780505014812869670
robot_2           1780505014795049126   1780505014795183737   1780505014809000000   1780505014813518197
robot_10          1780505014822789715   1780505014822915690   1780505014828000000   1780505014828700228
robot_8           1780505014814990260   1780505014819923682   1780505014829000000   1780505014829607374
robot_6           1780505014824136388   1780505014824549789   1780505014838000000   1780505014839042821
robot_3           1780505014854660897   1780505014854760177   1780505014859000000   1780505014859946764
robot_1           1780505014856696671   1780505014856818118   1780505014859000000   1780505014860016997
robot_9           1780505014856983825   1780505014857109920   1780505014859000000   1780505014860148862
robot_4           1780505014858460623   1780505014858578588   1780505014868000000   1780505014869109377
robot_7           1780505014883224010   1780505014883338985   1780505014888000000   1780505014889300807
robot_2           1780505014895077234   1780505014895201494   1780505014899000000   1780505014900467241
robot_5           1780505014893962550   1780505014894079974   1780505014908000000   1780505014909441766
robot_8           1780505014915024410   1780505014915156960   1780505014919000000   1780505014920452037
robot_6           1780505014924168035   1780505014924304595   1780505014939000000   1780505014939667741
robot_10          1780505014922995785   1780505014924938911   1780505014939000000   1780505014939721740
robot_3           1780505014954694604   1780505014954829455   1780505014960000000   1780505014960769380
robot_9           1780505014957018800   1780505014957186025   1780505014960000000   1780505014960852193
robot_4           1780505014958451602   1780505014958573017   1780505014969000000   1780505014969911807
robot_1           1780505014956652292   1780505014960460258   1780505014970000000   1780505014970666691
robot_7           1780505014983213794   1780505014983378815   1780505014989000000   1780505014990051097
robot_5           1780505014993843178   1780505015003135350   1780505015009000000   1780505015010283210
robot_2           1780505014995237253   1780505015002137182   1780505015010000000   1780505015010868808
robot_8           1780505015015143413   1780505015015293629   1780505015020000000   1780505015021063188
robot_10          1780505015022853828   1780505015022989592   1780505015029000000   1780505015030328891
robot_6           1780505015024283135   1780505015024432729   1780505015029000000   1780505015030392840
robot_3           1780505015054682408   1780505015054868449   1780505015060000000   1780505015061258318
robot_1           1780505015056931494   1780505015057085203   1780505015060000000   1780505015061319811
robot_9           1780505015057035591   1780505015057183018   1780505015060000000   1780505015061449585
robot_4           1780505015058532098   1780505015058679738   1780505015070000000   1780505015070726504
robot_7           1780505015083244134   1780505015083365442   1780505015090000000   1780505015090864354
robot_5           1780505015094009321   1780505015094147871   1780505015100000000   1780505015100855724
robot_2           1780505015095127210   1780505015095249588   1780505015101000000   1780505015101453530
robot_8           1780505015114981839   1780505015115107663   1780505015121000000   1780505015121843592
robot_6           1780505015124175843   1780505015124328601   1780505015130000000   1780505015131114737
robot_10          1780505015122829327   1780505015122949828   1780505015130000000   1780505015131175816
robot_3           1780505015154822591   1780505015154923624   1780505015161000000   1780505015162184726
robot_9           1780505015157079755   1780505015157220548   1780505015161000000   1780505015162264086
robot_1           1780505015156812514   1780505015156942310   1780505015161000000   1780505015162277782
robot_4           1780505015158572254   1780505015158711945   1780505015170000000   1780505015171415402
robot_7           1780505015183184140   1780505015183876021   1780505015190000000   1780505015191406624
robot_5           1780505015193975102   1780505015194102527   1780505015200000000   1780505015201604953
robot_2           1780505015195025894   1780505015195163816   1780505015201000000   1780505015202246149
robot_8           1780505015215099367   1780505015215828200   1780505015221000000   1780505015222503928
robot_10          1780505015222828313   1780505015222981516   1780505015231000000   1780505015231664044
robot_6           1780505015224238719   1780505015224797014   1780505015231000000   1780505015231737209
robot_1           1780505015256661503   1780505015256773019   1780505015262000000   1780505015262584112
robot_3           1780505015254720196   1780505015254796904   1780505015262000000   1780505015262638313
robot_9           1780505015256982860   1780505015257138301   1780505015262000000   1780505015262767864
robot_4           1780505015258574767   1780505015258702332   1780505015271000000   1780505015272132678
robot_7           1780505015283249847   1780505015283381599   1780505015291000000   1780505015292254549
robot_5           1780505015293988950   1780505015294137496   1780505015301000000   1780505015302282741
robot_2           1780505015295115859   1780505015295277000   1780505015302000000   1780505015302723290
robot_8           1780505015314949442   1780505015315069948   1780505015322000000   1780505015323069643
robot_6           1780505015324171844   1780505015324327847   1780505015331000000   1780505015332587316
robot_10          1780505015322896265   1780505015328919522   1780505015342000000   1780505015342661824
robot_1           1780505015356666796   1780505015360371474   1780505015362000000   1780505015363248527
robot_3           1780505015354630133   1780505015354720687   1780505015362000000   1780505015363303953
robot_9           1780505015357015931   1780505015357133120   1780505015362000000   1780505015363404623
robot_4           1780505015358522484   1780505015358652714   1780505015372000000   1780505015372895034
robot_7           1780505015383300944   1780505015383468963   1780505015392000000   1780505015392928384
robot_5           1780505015393922220   1780505015402700121   1780505015412000000   1780505015413203326
robot_2           1780505015395328368   1780505015401715511   1780505015413000000   1780505015413409271
robot_8           1780505015415038236   1780505015415183811   1780505015423000000   1780505015423692365
robot_10          1780505015422799425   1780505015422923108   1780505015432000000   1780505015433336651
robot_6           1780505015424195908   1780505015424336122   1780505015432000000   1780505015433388295
robot_3           1780505015454948841   1780505015455040917   1780505015463000000   1780505015463891563
robot_4           1780505015458478210   1780505015458630738   1780505015472000000   1780505015473527885
robot_1           1780505015456770946   1780505015456924263   1780505015473000000   1780505015473809097
robot_9           1780505015457058648   1780505015457207689   1780505015473000000   1780505015474028676
robot_7           1780505015483274801   1780505015483433735   1780505015493000000   1780505015493729650
robot_5           1780505015494022382   1780505015494182238   1780505015503000000   1780505015503796467
robot_2           1780505015495171186   1780505015495327013   1780505015513000000   1780505015514249272
robot_10          1780505015522822171   1780505015522959028   1780505015533000000   1780505015534075203
robot_6           1780505015524154635   1780505015524279541   1780505015533000000   1780505015534133756
robot_8           1780505015515041219   1780505015515169926   1780505015533000000   1780505015534315872
robot_4           1780505015558618311   1780505015558759736   1780505015563000000   1780505015564393642
robot_1           1780505015556803116   1780505015556977807   1780505015574000000   1780505015574700092
robot_3           1780505015554689949   1780505015554820945   1780505015574000000   1780505015574756486
robot_9           1780505015557106742   1780505015557259189   1780505015574000000   1780505015574766479
robot_7           1780505015583205127   1780505015583906907   1780505015594000000   1780505015594835912
robot_5           1780505015594094066   1780505015594262489   1780505015604000000   1780505015604629866
robot_2           1780505015595298113   1780505015595486928   1780505015614000000   1780505015614865864
robot_10          1780505015622867319   1780505015622990855   1780505015634000000   1780505015634978515
robot_6           1780505015624162857   1780505015625471253   1780505015634000000   1780505015635055673
robot_8           1780505015615046160   1780505015619776974   1780505015634000000   1780505015635225946
robot_4           1780505015658529258   1780505015658653932   1780505015664000000   1780505015665071671
robot_3           1780505015654886359   1780505015654986540   1780505015664000000   1780505015665124902
robot_9           1780505015656997817   1780505015657117587   1780505015664000000   1780505015665230000
robot_1           1780505015656692919   1780505015656802560   1780505015674000000   1780505015675188223
robot_7           1780505015683227524   1780505015683361107   1780505015694000000   1780505015695464422
robot_5           1780505015693953944   1780505015694077881   1780505015704000000   1780505015705570431
robot_2           1780505015695080723   1780505015695252341   1780505015704000000   1780505015705776190
robot_6           1780505015724161775   1780505015724304283   1780505015735000000   1780505015735715656
robot_8           1780505015715094143   1780505015715235747   1780505015735000000   1780505015735787946
robot_10          1780505015722959407   1780505015725512186   1780505015735000000   1780505015735928130
robot_4           1780505015758455541   1780505015758582677   1780505015765000000   1780505015765867827
robot_3           1780505015754659142   1780505015754720772   1780505015765000000   1780505015765926597
robot_9           1780505015756983229   1780505015757125735   1780505015775000000   1780505015776037980
robot_1           1780505015756626814   1780505015760462791   1780505015775000000   1780505015776114815
robot_7           1780505015783186440   1780505015783310418   1780505015795000000   1780505015796220563
robot_2           1780505015795293161   1780505015802086470   1780505015815000000   1780505015816146804
robot_5           1780505015793789626   1780505015802826900   1780505015815000000   1780505015816220783
robot_6           1780505015824137393   1780505015824281836   1780505015835000000   1780505015836428032
robot_10          1780505015822768524   1780505015822896319   1780505015835000000   1780505015836480189
robot_8           1780505015815009397   1780505015815131071   1780505015835000000   1780505015836596666
robot_4           1780505015858520214   1780505015858653518   1780505015866000000   1780505015866733974
robot_3           1780505015854626921   1780505015854688186   1780505015866000000   1780505015866921291
robot_9           1780505015857192662   1780505015857356272   1780505015866000000   1780505015866950403
robot_1           1780505015856901865   1780505015857102868   1780505015876000000   1780505015876819826
robot_7           1780505015883230728   1780505015883373640   1780505015896000000   1780505015896715846
robot_2           1780505015895186636   1780505015895326556   1780505015896000000   1780505015896895163
robot_5           1780505015893957659   1780505015894077007   1780505015906000000   1780505015906878786
robot_8           1780505015914947489   1780505015915069175   1780505015926000000   1780505015927267365
robot_6           1780505015924205572   1780505015924330690   1780505015936000000   1780505015937246223
robot_10          1780505015922813474   1780505015922937183   1780505015936000000   1780505015937309565
robot_4           1780505015958585545   1780505015958729472   1780505015966000000   1780505015967575637
robot_3           1780505015954751156   1780505015954830234   1780505015967000000   1780505015967643245
robot_9           1780505015957121882   1780505015957267736   1780505015967000000   1780505015967827583
robot_1           1780505015956796993   1780505015956956707   1780505015976000000   1780505015977593342
robot_7           1780505015983208313   1780505015983683690   1780505015997000000   1780505015997548866
robot_2           1780505015995149843   1780505015995277076   1780505016007000000   1780505016008026940
robot_5           1780505015993953528   1780505015994081655   1780505016007000000   1780505016008317254
robot_8           1780505016014972630   1780505016015210810   1780505016027000000   1780505016027863943
robot_10          1780505016022754373   1780505016022877167   1780505016037000000   1780505016038215902
robot_6           1780505016024135168   1780505016024712745   1780505016037000000   1780505016038289768
robot_4           1780505016058493561   1780505016058619485   1780505016067000000   1780505016068280036
robot_3           1780505016054699242   1780505016054891738   1780505016067000000   1780505016068487553
robot_9           1780505016056970487   1780505016057092441   1780505016067000000   1780505016068500299
robot_1           1780505016056690936   1780505016056809495   1780505016077000000   1780505016078417555
robot_7           1780505016083292587   1780505016083455670   1780505016097000000   1780505016098422955
robot_2           1780505016095051995   1780505016095196588   1780505016097000000   1780505016098486702
robot_5           1780505016094011118   1780505016094155793   1780505016107000000   1780505016108475606
robot_8           1780505016114982866   1780505016115175218   1780505016128000000   1780505016128823446
robot_6           1780505016124142093   1780505016124288556   1780505016138000000   1780505016138733987
robot_10          1780505016122887008   1780505016129392521   1780505016138000000   1780505016138793878
robot_3           1780505016154625205   1780505016154714319   1780505016168000000   1780505016169099016
robot_9           1780505016156964315   1780505016157082845   1780505016168000000   1780505016169165264
robot_1           1780505016156636158   1780505016160763054   1780505016168000000   1780505016169175131
robot_4           1780505016158562771   1780505016158705818   1780505016168000000   1780505016169359620
robot_7           1780505016183201311   1780505016183339308   1780505016188000000   1780505016189399309
robot_5           1780505016193764410   1780505016202639443   1780505016208000000   1780505016209567205
robot_2           1780505016195458235   1780505016201493922   1780505016218000000   1780505016219381746
robot_8           1780505016215150777   1780505016215307039   1780505016228000000   1780505016229282383
robot_10          1780505016222790531   1780505016222922463   1780505016229000000   1780505016229447920
robot_6           1780505016224188986   1780505016224363769   1780505016239000000   1780505016239967040
robot_3           1780505016255314498   1780505016255732842   1780505016258000000   1780505016259549017
robot_1           1780505016256956720   1780505016257168840   1780505016269000000   1780505016269730140
robot_9           1780505016257162575   1780505016257342669   1780505016269000000   1780505016269792757
robot_4           1780505016258713870   1780505016258860531   1780505016269000000   1780505016269895913
robot_7           1780505016283476382   1780505016283638954   1780505016289000000   1780505016290229862
robot_2           1780505016295165771   1780505016295330541   1780505016309000000   1780505016310097584
robot_5           1780505016294155601   1780505016294336363   1780505016309000000   1780505016310329808
robot_8           1780505016315081895   1780505016315242825   1780505016329000000   1780505016330428122
robot_6           1780505016324347100   1780505016324493570   1780505016329000000   1780505016330512089
robot_10          1780505016323005746   1780505016323172350   1780505016329000000   1780505016330719188
robot_1           1780505016356892721   1780505016357074640   1780505016359000000   1780505016360617146
robot_3           1780505016354880074   1780505016355068287   1780505016369000000   1780505016370489976
robot_9           1780505016357048275   1780505016357232659   1780505016369000000   1780505016370715081
robot_4           1780505016358624780   1780505016358778916   1780505016370000000   1780505016370732017
robot_7           1780505016383246308   1780505016384203528   1780505016390000000   1780505016390689021
robot_5           1780505016394040655   1780505016394191727   1780505016400000000   1780505016400748653
robot_2           1780505016395225070   1780505016395391168   1780505016410000000   1780505016410817552
robot_8           1780505016414978958   1780505016416099743   1780505016430000000   1780505016430751168
robot_10          1780505016422784920   1780505016422909633   1780505016430000000   1780505016430991351
robot_6           1780505016424170792   1780505016424984623   1780505016440000000   1780505016441223012
robot_1           1780505016456707263   1780505016456836797   1780505016470000000   1780505016471104739
robot_3           1780505016454792464   1780505016454914216   1780505016470000000   1780505016471157209
robot_9           1780505016457074732   1780505016457201639   1780505016470000000   1780505016471166186
robot_4           1780505016458598253   1780505016458739223   1780505016470000000   1780505016471312921
robot_7           1780505016483251688   1780505016483404250   1780505016490000000   1780505016491482439
robot_2           1780505016495272833   1780505016495486300   1780505016500000000   1780505016501556666
robot_5           1780505016494039386   1780505016494182898   1780505016500000000   1780505016501644481
robot_6           1780505016524169756   1780505016524311673   1780505016531000000   1780505016531543161
robot_8           1780505016514960527   1780505016515102729   1780505016531000000   1780505016531622988
robot_10          1780505016522994875   1780505016529163202   1780505016541000000   1780505016541811260
robot_4           1780505016558539151   1780505016558700590   1780505016571000000   1780505016572009350
robot_3           1780505016554714676   1780505016554943375   1780505016571000000   1780505016572089336
robot_9           1780505016556973932   1780505016557124634   1780505016571000000   1780505016572279017
robot_1           1780505016556708304   1780505016561913573   1780505016581000000   1780505016582066753
robot_7           1780505016583255611   1780505016583406873   1780505016591000000   1780505016592016654
robot_5           1780505016593780330   1780505016602524046   1780505016611000000   1780505016612199074
robot_2           1780505016595345466   1780505016606220032   1780505016611000000   1780505016612262121
robot_10          1780505016622909895   1780505016623061384   1780505016631000000   1780505016632346985
robot_6           1780505016624327681   1780505016624486956   1780505016631000000   1780505016632425316
robot_8           1780505016614993259   1780505016615174499   1780505016631000000   1780505016632619167
robot_1           1780505016656841746   1780505016657003676   1780505016671000000   1780505016672546974
robot_3           1780505016654756955   1780505016654866913   1780505016671000000   1780505016672611745
robot_9           1780505016657044041   1780505016657196084   1780505016672000000   1780505016672622122
robot_4           1780505016658507420   1780505016658622987   1780505016672000000   1780505016672742116
robot_7           1780505016683381632   1780505016683511277   1780505016692000000   1780505016692788929
robot_5           1780505016693973117   1780505016694118355   1780505016702000000   1780505016702725954
robot_2           1780505016695100741   1780505016695226973   1780505016712000000   1780505016712941655
robot_6           1780505016724241823   1780505016724390589   1780505016732000000   1780505016733129525
robot_10          1780505016722873568   1780505016722993853   1780505016732000000   1780505016733199704
robot_8           1780505016715003068   1780505016715122062   1780505016732000000   1780505016733355560
robot_3           1780505016754569288   1780505016754864992   1780505016772000000   1780505016773288953
robot_1           1780505016756686297   1780505016756810260   1780505016772000000   1780505016773341893
robot_9           1780505016757024946   1780505016757178411   1780505016772000000   1780505016773464809
robot_4           1780505016758491741   1780505016758643064   1780505016772000000   1780505016773478614
robot_7           1780505016783199375   1780505016783576673   1780505016792000000   1780505016793457349
robot_5           1780505016794016062   1780505016794168091   1780505016802000000   1780505016803458721
robot_2           1780505016795061961   1780505016795189786   1780505016802000000   1780505016803625598
robot_6           1780505016824145378   1780505016824748347   1780505016833000000   1780505016833678060
robot_8           1780505016814947932   1780505016815250753   1780505016833000000   1780505016833732465
robot_10          1780505016822744885   1780505016822865084   1780505016833000000   1780505016833939852
robot_3           1780505016855014014   1780505016855115852   1780505016873000000   1780505016874028510
robot_1           1780505016856752966   1780505016856892965   1780505016873000000   1780505016874121168
robot_9           1780505016857024444   1780505016857160617   1780505016873000000   1780505016874380811
robot_4           1780505016858644280   1780505016858808297   1780505016873000000   1780505016874411233
robot_7           1780505016883260931   1780505016883423414   1780505016893000000   1780505016894378248
robot_5           1780505016894159399   1780505016894368538   1780505016903000000   1780505016904373391
robot_2           1780505016895281198   1780505016895445445   1780505016913000000   1780505016914366384
robot_10          1780505016923077916   1780505016925945041   1780505016933000000   1780505016934575942
robot_8           1780505016915000687   1780505016915156071   1780505016933000000   1780505016934660220
robot_6           1780505016924247817   1780505016924396545   1780505016933000000   1780505016934813258
robot_4           1780505016958555900   1780505016958704702   1780505016964000000   1780505016964625050
robot_1           1780505016956666327   1780505016961304457   1780505016974000000   1780505016974890914
robot_3           1780505016954737426   1780505016954959017   1780505016974000000   1780505016974969745
robot_9           1780505016956974256   1780505016957102814   1780505016974000000   1780505016974985356
robot_7           1780505016983250513   1780505016983403943   1780505016994000000   1780505016995045027
robot_2           1780505016995377023   1780505017002169925   1780505017014000000   1780505017015201369
robot_5           1780505016993860901   1780505017003209718   1780505017014000000   1780505017015450111
robot_8           1780505017015125139   1780505017015290157   1780505017034000000   1780505017035276184
robot_6           1780505017024303832   1780505017024482914   1780505017034000000   1780505017035486203
robot_10          1780505017022876539   1780505017023028322   1780505017034000000   1780505017035504578
robot_4           1780505017058549960   1780505017058683833   1780505017064000000   1780505017065443420
robot_1           1780505017056801529   1780505017056961644   1780505017074000000   1780505017075510490
robot_3           1780505017054890747   1780505017054984582   1780505017074000000   1780505017075590678
robot_9           1780505017057064682   1780505017057207263   1780505017075000000   1780505017075661816
robot_7           1780505017083455671   1780505017083619865   1780505017095000000   1780505017095687842
robot_5           1780505017093996207   1780505017094138970   1780505017105000000   1780505017106054047
robot_2           1780505017095291021   1780505017095454441   1780505017105000000   1780505017106122638
robot_6           1780505017124275416   1780505017124417451   1780505017135000000   1780505017136080635
robot_10          1780505017122867561   1780505017122996557   1780505017135000000   1780505017136152052
robot_8           1780505017115079892   1780505017115216877   1780505017135000000   1780505017136339862
robot_4           1780505017158637908   1780505017158781882   1780505017165000000   1780505017166292006
robot_3           1780505017155050966   1780505017155162744   1780505017175000000   1780505017176256440
robot_1           1780505017156858090   1780505017157016272   1780505017175000000   1780505017176327638
robot_9           1780505017157197615   1780505017157370919   1780505017175000000   1780505017176424969
robot_7           1780505017183379024   1780505017185028646   1780505017195000000   1780505017196248363
robot_5           1780505017194023040   1780505017194188831   1780505017205000000   1780505017206515493
robot_2           1780505017195034801   1780505017195164552   1780505017215000000   1780505017216707922
robot_6           1780505017224188906   1780505017225940018   1780505017236000000   1780505017236995512
robot_10          1780505017222832863   1780505017222952547   1780505017236000000   1780505017237068192
robot_8           1780505017215000384   1780505017216727390   1780505017236000000   1780505017237268116
robot_1           1780505017256736126   1780505017256868463   1780505017266000000   1780505017266857084
robot_3           1780505017254630629   1780505017254689707   1780505017266000000   1780505017266910964
robot_4           1780505017258475650   1780505017258603351   1780505017266000000   1780505017267018580
robot_9           1780505017257004587   1780505017257117820   1780505017276000000   1780505017276984693
robot_7           1780505017283233556   1780505017283390498   1780505017296000000   1780505017296989342
robot_2           1780505017295125168   1780505017295275224   1780505017306000000   1780505017307195753
robot_5           1780505017294014212   1780505017294164197   1780505017306000000   1780505017307249666
robot_8           1780505017315044173   1780505017315206931   1780505017326000000   1780505017327291990
robot_6           1780505017324165636   1780505017324332690   1780505017336000000   1780505017337418080
robot_10          1780505017322904381   1780505017325918916   1780505017336000000   1780505017337473466
robot_4           1780505017358460847   1780505017358594964   1780505017367000000   1780505017367851735
robot_3           1780505017354583477   1780505017354647872   1780505017367000000   1780505017368048329
robot_9           1780505017357070380   1780505017357189871   1780505017367000000   1780505017368065518
robot_1           1780505017356697287   1780505017360501605   1780505017377000000   1780505017377777964
robot_7           1780505017383235299   1780505017383350120   1780505017397000000   1780505017398133281
robot_2           1780505017395199809   1780505017402465687   1780505017417000000   1780505017418044597
robot_5           1780505017393755802   1780505017402622460   1780505017417000000   1780505017418367309
robot_8           1780505017415077451   1780505017415214617   1780505017427000000   1780505017428209363
robot_10          1780505017422778156   1780505017422924919   1780505017437000000   1780505017438173952
robot_6           1780505017424293963   1780505017424488900   1780505017437000000   1780505017438237574
robot_4           1780505017458636321   1780505017458777827   1780505017467000000   1780505017468556403
robot_3           1780505017455049612   1780505017455146369   1780505017467000000   1780505017468630362
robot_9           1780505017457102909   1780505017457242858   1780505017467000000   1780505017468888772
robot_1           1780505017456862192   1780505017457016877   1780505017477000000   1780505017478775703
robot_7           1780505017483379386   1780505017483530983   1780505017498000000   1780505017498634248
robot_2           1780505017495087756   1780505017495251333   1780505017498000000   1780505017498889186
robot_5           1780505017493990859   1780505017494135170   1780505017508000000   1780505017508715572
robot_10          1780505017522944646   1780505017523095796   1780505017528000000   1780505017528961997
robot_8           1780505017514939264   1780505017515071046   1780505017528000000   1780505017529170063
robot_6           1780505017524277298   1780505017524426086   1780505017538000000   1780505017538999762
robot_3           1780505017554978639   1780505017555173686   1780505017568000000   1780505017570255055
robot_4           1780505017558865821   1780505017559042793   1780505017569000000   1780505017570476380
robot_9           1780505017557191258   1780505017557593120   1780505017578000000   1780505017579624993
robot_1           1780505017557107460   1780505017557414463   1780505017578000000   1780505017579678631
robot_7           1780505017583295456   1780505017584488482   1780505017599000000   1780505017600016557
robot_2           1780505017595105858   1780505017595226615   1780505017609000000   1780505017609926272
robot_5           1780505017593962188   1780505017594088027   1780505017609000000   1780505017610163020
robot_8           1780505017615134196   1780505017616976270   1780505017629000000   1780505017629835934
robot_10          1780505017622873024   1780505017623008982   1780505017629000000   1780505017629984587
robot_6           1780505017624217467   1780505017625664573   1780505017639000000   1780505017640417851
robot_3           1780505017654702336   1780505017654856512   1780505017669000000   1780505017670170012
robot_1           1780505017656720607   1780505017656860561   1780505017669000000   1780505017670243797
robot_9           1780505017656997905   1780505017657117093   1780505017669000000   1780505017670336942
robot_4           1780505017658572850   1780505017658753898   1780505017669000000   1780505017670350647
robot_7           1780505017683310320   1780505017683439613   1780505017689000000   1780505017690560275
robot_2           1780505017695144866   1780505017695317730   1780505017699000000   1780505017700353753
robot_5           1780505017693989181   1780505017694143454   1780505017699000000   1780505017700496288
robot_6           1780505017724120824   1780505017724249260   1780505017730000000   1780505017730595799
robot_8           1780505017714918602   1780505017715044409   1780505017730000000   1780505017730654685
robot_10          1780505017722770196   1780505017729158768   1780505017740000000   1780505017740798260
robot_3           1780505017754738885   1780505017755305953   1780505017770000000   1780505017771055813
robot_9           1780505017756976340   1780505017757097061   1780505017770000000   1780505017771127460
robot_4           1780505017758442678   1780505017758587871   1780505017770000000   1780505017771242339
robot_1           1780505017756653785   1780505017760978525   1780505017780000000   1780505017781068116
robot_7           1780505017783288959   1780505017783419349   1780505017790000000   1780505017791065722
robot_5           1780505017793870411   1780505017803047964   1780505017810000000   1780505017811147164
robot_2           1780505017795622680   1780505017806359565   1780505017810000000   1780505017811346908
robot_10          1780505017822844406   1780505017822992858   1780505017830000000   1780505017831366566
robot_6           1780505017824239943   1780505017824401309   1780505017830000000   1780505017831432229
robot_8           1780505017815118285   1780505017815258268   1780505017830000000   1780505017831549761
robot_1           1780505017856895681   1780505017857064836   1780505017871000000   1780505017871549288
robot_4           1780505017858543032   1780505017858681659   1780505017871000000   1780505017871600285
robot_3           1780505017854704834   1780505017854822321   1780505017871000000   1780505017871757351
robot_9           1780505017857096438   1780505017857226284   1780505017871000000   1780505017871772554
robot_7           1780505017883442362   1780505017883600521   1780505017891000000   1780505017891691467
robot_5           1780505017893957912   1780505017894088670   1780505017901000000   1780505017901744865
robot_2           1780505017895115506   1780505017895251400   1780505017911000000   1780505017911858857
robot_8           1780505017914980337   1780505017915119281   1780505017931000000   1780505017932037285
robot_6           1780505017924141953   1780505017924273943   1780505017931000000   1780505017932109035
robot_10          1780505017922802833   1780505017922926151   1780505017931000000   1780505017932269462
robot_3           1780505017955405090   1780505017956410659   1780505017962000000   1780505017966856581
robot_9           1780505017957172725   1780505017961701316   1780505017972000000   1780505017976885289
robot_4           1780505017961118736   1780505017961366768   1780505017974000000   1780505017976962301
robot_1           1780505017958042722   1780505017958641914   1780505017983000000   1780505017985990274
robot_5           1780505017994046925   1780505017994176438   1780505018003000000   1780505018004624414
robot_2           1780505017996488264   1780505017996643093   1780505018017000000   1780505018019845353
robot_7           1780505017983406420   1780505017998343895   1780505018017000000   1780505018019924098
robot_6           1780505018026141453   1780505018038314483   1780505018056000000   1780505018057030836
robot_8           1780505018015523562   1780505018027529109   1780505018066000000   1780505018068046052
robot_10          1780505018046529043   1780505018047552885   1780505018066000000   1780505018068125486
robot_1           1780505018056955091   1780505018057428603   1780505018076000000   1780505018082762624
robot_3           1780505018070062758   1780505018076523222   1780505018096000000   1780505018097021324
robot_9           1780505018058124572   1780505018074251456   1780505018096000000   1780505018097087565
robot_4           1780505018065176456   1780505018065370285   1780505018096000000   1780505018097097622
robot_7           1780505018083383968   1780505018083540007   1780505018096000000   1780505018097104750
robot_5           1780505018093999243   1780505018094146013   1780505018106000000   1780505018107058656
robot_2           1780505018095193855   1780505018095350981   1780505018106000000   1780505018107134697
robot_8           1780505018115016070   1780505018115148961   1780505018126000000   1780505018127184851
robot_6           1780505018124193192   1780505018124367068   1780505018136000000   1780505018137373167
robot_10          1780505018123041434   1780505018125584175   1780505018136000000   1780505018137451380
robot_3           1780505018154788437   1780505018154998389   1780505018166000000   1780505018167787418
robot_9           1780505018157035286   1780505018157182474   1780505018167000000   1780505018167863460
robot_4           1780505018158576419   1780505018158755149   1780505018167000000   1780505018168138270
robot_1           1780505018156689292   1780505018161183138   1780505018177000000   1780505018177709673
robot_7           1780505018183212111   1780505018183355971   1780505018197000000   1780505018197889600
robot_2           1780505018195416753   1780505018205862386   1780505018217000000   1780505018217811927
robot_5           1780505018193885429   1780505018202784154   1780505018217000000   1780505018217988925
robot_8           1780505018214973316   1780505018215128225   1780505018227000000   1780505018227801053
robot_10          1780505018222784148   1780505018222905600   1780505018237000000   1780505018237951881
robot_6           1780505018224258464   1780505018224391627   1780505018237000000   1780505018238022365
robot_1           1780505018256834837   1780505018257008260   1780505018267000000   1780505018268227971
robot_4           1780505018258550644   1780505018258705704   1780505018267000000   1780505018268309120
robot_3           1780505018254913123   1780505018255002606   1780505018267000000   1780505018268410073
robot_9           1780505018257102076   1780505018257245752   1780505018267000000   1780505018268424027
robot_7           1780505018283262744   1780505018283412072   1780505018297000000   1780505018298326977
robot_5           1780505018294040456   1780505018294184967   1780505018307000000   1780505018308500098
robot_2           1780505018295197854   1780505018295347421   1780505018308000000   1780505018308632141
robot_8           1780505018314963696   1780505018315103678   1780505018328000000   1780505018328951094
robot_6           1780505018324273292   1780505018324429116   1780505018338000000   1780505018338749739
robot_10          1780505018322865243   1780505018322999687   1780505018338000000   1780505018338826901
robot_1           1780505018356943888   1780505018357110589   1780505018368000000   1780505018368985065
robot_3           1780505018354668744   1780505018354841221   1780505018368000000   1780505018369041024
robot_9           1780505018357058753   1780505018357211138   1780505018368000000   1780505018369050969
robot_4           1780505018358636453   1780505018358790677   1780505018368000000   1780505018369197024
robot_7           1780505018383225418   1780505018383838268   1780505018398000000   1780505018399240900
robot_2           1780505018395114045   1780505018395248946   1780505018408000000   1780505018409273748
robot_5           1780505018393941326   1780505018394090928   1780505018408000000   1780505018409493178
robot_8           1780505018414992561   1780505018415553587   1780505018428000000   1780505018429234875
robot_10          1780505018422872145   1780505018422994534   1780505018438000000   1780505018439683454
robot_6           1780505018424250006   1780505018424982544   1780505018438000000   1780505018439768620
robot_1           1780505018456702504   1780505018456847012   1780505018469000000   1780505018469695962
robot_4           1780505018458529925   1780505018458664954   1780505018469000000   1780505018469862039
robot_3           1780505018454880397   1780505018455003554   1780505018469000000   1780505018469885041
robot_9           1780505018457062631   1780505018457203609   1780505018469000000   1780505018469899755
robot_7           1780505018483253492   1780505018483395339   1780505018499000000   1780505018500059084
robot_5           1780505018494048995   1780505018494195806   1780505018509000000   1780505018509889432
robot_2           1780505018495139771   1780505018495284007   1780505018509000000   1780505018509955608
robot_8           1780505018514958749   1780505018515102481   1780505018529000000   1780505018530143128
robot_10          1780505018522915486   1780505018525483194   1780505018539000000   1780505018540213677
robot_6           1780505018524180488   1780505018524319073   1780505018539000000   1780505018540278893
robot_3           1780505018554707144   1780505018554765050   1780505018569000000   1780505018570331696
robot_9           1780505018556970630   1780505018557093376   1780505018569000000   1780505018570407008
robot_1           1780505018556650605   1780505018561166330   1780505018569000000   1780505018570421656
robot_4           1780505018558424517   1780505018558556764   1780505018569000000   1780505018570517827
robot_7           1780505018583217476   1780505018583335804   1780505018599000000   1780505018600594745
robot_5           1780505018593764471   1780505018607004266   1780505018620000000   1780505018620740671
robot_2           1780505018595409755   1780505018606596349   1780505018620000000   1780505018620933186
robot_10          1780505018622812820   1780505018622940840   1780505018630000000   1780505018630776137
robot_8           1780505018614935256   1780505018615081368   1780505018630000000   1780505018630942449
robot_6           1780505018624193465   1780505018624349517   1780505018640000000   1780505018641079545
robot_1           1780505018656770030   1780505018656944099   1780505018670000000   1780505018671052462
robot_4           1780505018658517340   1780505018658670816   1780505018670000000   1780505018671123944
robot_3           1780505018655020087   1780505018655142083   1780505018670000000   1780505018671133622
robot_9           1780505018657126706   1780505018657297118   1780505018670000000   1780505018671140951
robot_7           1780505018683326873   1780505018683500224   1780505018700000000   1780505018701283383
robot_2           1780505018695121487   1780505018695269556   1780505018710000000   1780505018711268923
robot_5           1780505018694054739   1780505018694236315   1780505018710000000   1780505018711443663
robot_8           1780505018714968749   1780505018715092716   1780505018730000000   1780505018731471422
robot_10          1780505018722825496   1780505018722946583   1780505018730000000   1780505018731538660
robot_6           1780505018724175596   1780505018724338891   1780505018740000000   1780505018741631518
robot_1           1780505018756851715   1780505018756991226   1780505018771000000   1780505018771608626
robot_3           1780505018754681813   1780505018754733676   1780505018771000000   1780505018771662415
robot_9           1780505018757004675   1780505018757145623   1780505018771000000   1780505018771781545
robot_4           1780505018758509305   1780505018758645940   1780505018771000000   1780505018771827819
robot_7           1780505018783164457   1780505018783809716   1780505018801000000   1780505018801915927
robot_2           1780505018795156887   1780505018795302614   1780505018811000000   1780505018811995032
robot_5           1780505018793949017   1780505018794085040   1780505018811000000   1780505018812076001
robot_8           1780505018815020386   1780505018816174962   1780505018831000000   1780505018831957052
robot_10          1780505018822793398   1780505018822911312   1780505018831000000   1780505018832129489
robot_6           1780505018824105058   1780505018826649717   1780505018841000000   1780505018842523340
robot_3           1780505018854690752   1780505018854780607   1780505018861000000   1780505018862251561
robot_9           1780505018856956270   1780505018857075020   1780505018871000000   1780505018872365495
robot_1           1780505018856689126   1780505018856787609   1780505018871000000   1780505018872439747
robot_4           1780505018858524979   1780505018858645098   1780505018871000000   1780505018872572573
robot_7           1780505018883226781   1780505018883347148   1780505018892000000   1780505018892685073
robot_5           1780505018893960557   1780505018894100675   1780505018902000000   1780505018902615039
robot_2           1780505018895162126   1780505018895308009   1780505018912000000   1780505018912576953
robot_6           1780505018924144135   1780505018924293385   1780505018932000000   1780505018932760057
robot_8           1780505018914961407   1780505018915084967   1780505018932000000   1780505018932838874
robot_10          1780505018922943890   1780505018925045258   1780505018942000000   1780505018942823087
robot_3           1780505018954719731   1780505018954793565   1780505018962000000   1780505018962841176
robot_9           1780505018956963065   1780505018957078250   1780505018972000000   1780505018973013056
robot_1           1780505018956651750   1780505018960346328   1780505018972000000   1780505018973088268
robot_4           1780505018958451606   1780505018958578728   1780505018972000000   1780505018973166727
robot_7           1780505018983282106   1780505018983437647   1780505018992000000   1780505018993203209
robot_2           1780505018995376951   1780505019002594880   1780505019012000000   1780505019013277271
robot_5           1780505018993802291   1780505019002494039   1780505019012000000   1780505019013423731
robot_8           1780505019014980842   1780505019015131267   1780505019022000000   1780505019023327494
robot_6           1780505019024179667   1780505019024340445   1780505019032000000   1780505019033350093
robot_10          1780505019022737728   1780505019022863022   1780505019032000000   1780505019033411543
robot_3           1780505019054684606   1780505019054755871   1780505019063000000   1780505019063741020
robot_1           1780505019056729332   1780505019056893249   1780505019073000000   1780505019073607429
robot_4           1780505019058496960   1780505019058650791   1780505019073000000   1780505019073659964
robot_9           1780505019057043895   1780505019057191005   1780505019073000000   1780505019073723789
robot_7           1780505019083271731   1780505019083400251   1780505019093000000   1780505019094032338
robot_5           1780505019094116268   1780505019094291647   1780505019103000000   1780505019103997969
robot_2           1780505019095164396   1780505019095301728   1780505019103000000   1780505019104059467
robot_8           1780505019114937512   1780505019115059878   1780505019123000000   1780505019123988917
robot_6           1780505019124163045   1780505019124297510   1780505019133000000   1780505019134128458
robot_10          1780505019122893033   1780505019123006619   1780505019133000000   1780505019134192379
robot_3           1780505019154796077   1780505019154911261   1780505019163000000   1780505019164478909
robot_1           1780505019156859417   1780505019157023261   1780505019173000000   1780505019174490967
robot_9           1780505019157018780   1780505019157172340   1780505019173000000   1780505019174569108
robot_4           1780505019158558264   1780505019158733712   1780505019174000000   1780505019174724110
robot_7           1780505019183172789   1780505019183658651   1780505019194000000   1780505019194571347
robot_5           1780505019193939274   1780505019194052759   1780505019204000000   1780505019204650949
robot_2           1780505019195120837   1780505019195245249   1780505019204000000   1780505019204724919
robot_8           1780505019215005998   1780505019215475255   1780505019224000000   1780505019224832626
robot_6           1780505019224112818   1780505019225298988   1780505019234000000   1780505019235010232
robot_10          1780505019222742845   1780505019222866371   1780505019234000000   1780505019235095272
robot_3           1780505019254859721   1780505019254954902   1780505019264000000   1780505019265213992
robot_9           1780505019257055530   1780505019257203604   1780505019264000000   1780505019265267879
robot_1           1780505019256877289   1780505019257010984   1780505019264000000   1780505019265277831
robot_4           1780505019258517423   1780505019258649076   1780505019274000000   1780505019275197168
robot_7           1780505019283306974   1780505019283479004   1780505019294000000   1780505019295519464
robot_2           1780505019295163315   1780505019295351451   1780505019304000000   1780505019305504615
robot_5           1780505019294048293   1780505019294215607   1780505019304000000   1780505019305668977
robot_8           1780505019314939224   1780505019315057135   1780505019325000000   1780505019325520352
robot_6           1780505019324147024   1780505019324282979   1780505019335000000   1780505019335607246
robot_10          1780505019322900633   1780505019328955125   1780505019345000000   1780505019345636995
robot_3           1780505019354651245   1780505019354732440   1780505019365000000   1780505019366091425
robot_9           1780505019356966700   1780505019357090215   1780505019365000000   1780505019366158484
robot_4           1780505019358426472   1780505019358557747   1780505019375000000   1780505019375859016
robot_1           1780505019364064826   1780505019374442472   1780505019385000000   1780505019385996623
robot_7           1780505019383263343   1780505019383390809   1780505019395000000   1780505019396277612
robot_2           1780505019395281363   1780505019402454687   1780505019415000000   1780505019416235559
robot_5           1780505019393795811   1780505019407893301   1780505019415000000   1780505019416295953
robot_8           1780505019415017504   1780505019415167344   1780505019425000000   1780505019426237411
robot_10          1780505019422849132   1780505019422983836   1780505019435000000   1780505019436358446
robot_6           1780505019424249257   1780505019424408671   1780505019435000000   1780505019436430718
robot_1           1780505019456792406   1780505019456941837   1780505019465000000   1780505019466606023
robot_4           1780505019458498043   1780505019458642568   1780505019465000000   1780505019466663534
robot_3           1780505019454734397   1780505019454803516   1780505019466000000   1780505019466674173
robot_9           1780505019457014378   1780505019457160550   1780505019466000000   1780505019466735358
robot_7           1780505019483342912   1780505019483517993   1780505019496000000   1780505019496776890
robot_2           1780505019495168726   1780505019495327311   1780505019506000000   1780505019506844536
robot_5           1780505019494051715   1780505019494205323   1780505019506000000   1780505019506979024
robot_8           1780505019514967933   1780505019515095508   1780505019526000000   1780505019527005745
robot_6           1780505019524169804   1780505019524294334   1780505019536000000   1780505019537124467
robot_10          1780505019522889875   1780505019523025819   1780505019536000000   1780505019537195440
robot_1           1780505019556828240   1780505019556983323   1780505019566000000   1780505019567290728
robot_4           1780505019558583637   1780505019558706682   1780505019566000000   1780505019567363585
robot_3           1780505019554935754   1780505019555033172   1780505019566000000   1780505019567429583
robot_9           1780505019557047613   1780505019557199966   1780505019566000000   1780505019567445202
robot_7           1780505019583165824   1780505019583553456   1780505019596000000   1780505019597394519
robot_5           1780505019594025050   1780505019594183810   1780505019607000000   1780505019607852681
robot_2           1780505019595124533   1780505019595270259   1780505019607000000   1780505019608078983
robot_8           1780505019615085453   1780505019615476709   1780505019627000000   1780505019627710270
robot_10          1780505019622778680   1780505019622898296   1780505019637000000   1780505019637967934
robot_6           1780505019624151899   1780505019624521849   1780505019637000000   1780505019638031907
robot_1           1780505019656708536   1780505019656869033   1780505019667000000   1780505019668107293
robot_3           1780505019654772667   1780505019654895027   1780505019667000000   1780505019668180891
robot_9           1780505019656981000   1780505019657103251   1780505019667000000   1780505019668261158
robot_4           1780505019658489242   1780505019658622848   1780505019667000000   1780505019668298558
robot_7           1780505019683234353   1780505019683371172   1780505019697000000   1780505019698208795
robot_2           1780505019695099376   1780505019695243891   1780505019707000000   1780505019708360581
robot_5           1780505019694035677   1780505019694177306   1780505019707000000   1780505019708494225
robot_8           1780505019715049313   1780505019715192626   1780505019727000000   1780505019728434127
robot_6           1780505019724194199   1780505019724324372   1780505019737000000   1780505019738473938
robot_10          1780505019722843476   1780505019725186931   1780505019737000000   1780505019738524912
robot_1           1780505019756638190   1780505019760593073   1780505019768000000   1780505019769011434
robot_4           1780505019758499137   1780505019758649774   1780505019768000000   1780505019769088371
robot_3           1780505019754591887   1780505019754667441   1780505019768000000   1780505019769201400
robot_9           1780505019757031143   1780505019757144439   1780505019768000000   1780505019769217134
robot_7           1780505019783189684   1780505019783315011   1780505019798000000   1780505019799251024
robot_2           1780505019795337573   1780505019801859553   1780505019818000000   1780505019819048120
robot_5           1780505019793785072   1780505019802514436   1780505019818000000   1780505019819222555
robot_8           1780505019814986812   1780505019815114938   1780505019828000000   1780505019828981325
robot_10          1780505019822791167   1780505019822918772   1780505019838000000   1780505019839255853
robot_6           1780505019824153598   1780505019824319747   1780505019838000000   1780505019839330237
robot_3           1780505019854723110   1780505019854879580   1780505019868000000   1780505019869457315
robot_1           1780505019856838817   1780505019857000425   1780505019868000000   1780505019869513066
robot_9           1780505019857103729   1780505019857249265   1780505019868000000   1780505019869634014
robot_4           1780505019858509756   1780505019858635241   1780505019869000000   1780505019869644294
robot_7           1780505019883266738   1780505019883395590   1780505019899000000   1780505019899611454
robot_2           1780505019895068234   1780505019895185472   1780505019909000000   1780505019909682583
robot_5           1780505019893948757   1780505019894071830   1780505019909000000   1780505019909742838
robot_8           1780505019914946280   1780505019915063972   1780505019929000000   1780505019929885974
robot_6           1780505019924144193   1780505019924266965   1780505019939000000   1780505019939943366
robot_10          1780505019922800953   1780505019922923894   1780505019939000000   1780505019939999293
robot_1           1780505019956864186   1780505019957000424   1780505019969000000   1780505019970091548
robot_4           1780505019958597147   1780505019958748691   1780505019969000000   1780505019970240187
robot_3           1780505019954640039   1780505019954786269   1780505019969000000   1780505019970257900
robot_9           1780505019957045921   1780505019957172930   1780505019969000000   1780505019970266735
robot_7           1780505019983176024   1780505019983619336   1780505019999000000   1780505020000362735
robot_5           1780505019993959265   1780505019994082298   1780505020009000000   1780505020010581998
robot_2           1780505019995023621   1780505019995150117   1780505020010000000   1780505020010722754
robot_10          1780505020022773398   1780505020022907135   1780505020030000000   1780505020030603637
robot_8           1780505020014993110   1780505020015233249   1780505020030000000   1780505020030732306
robot_6           1780505020024158360   1780505020024485347   1780505020040000000   1780505020040868171
robot_1           1780505020056664855   1780505020056762098   1780505020070000000   1780505020070843214
robot_4           1780505020058490077   1780505020058618199   1780505020070000000   1780505020070901285
robot_3           1780505020054726670   1780505020054833517   1780505020070000000   1780505020071033008
robot_9           1780505020057030131   1780505020057160293   1780505020070000000   1780505020071045707
robot_7           1780505020083216087   1780505020083364544   1780505020090000000   1780505020091088332
robot_5           1780505020093972383   1780505020094114829   1780505020110000000   1780505020111133963
robot_2           1780505020095084860   1780505020095237114   1780505020110000000   1780505020111188482
robot_8           1780505020115000003   1780505020115147988   1780505020130000000   1780505020131275422
robot_6           1780505020124227674   1780505020124375819   1780505020140000000   1780505020141448842
robot_10          1780505020122934823   1780505020125643715   1780505020140000000   1780505020141520722
robot_3           1780505020154621218   1780505020154902035   1780505020161000000   1780505020161728874
robot_4           1780505020158573674   1780505020158730805   1780505020171000000   1780505020171649393
robot_1           1780505020156657920   1780505020161007232   1780505020171000000   1780505020171721883
robot_9           1780505020157046109   1780505020157200249   1780505020171000000   1780505020171877295
robot_7           1780505020183229555   1780505020183397822   1780505020191000000   1780505020191810138
robot_5           1780505020193814493   1780505020207575603   1780505020221000000   1780505020221956229
robot_2           1780505020195272519   1780505020206992401   1780505020221000000   1780505020222135530
robot_6           1780505020224184031   1780505020224330162   1780505020231000000   1780505020232091497
robot_10          1780505020222873277   1780505020222996358   1780505020231000000   1780505020232149245
robot_8           1780505020214998879   1780505020215150749   1780505020231000000   1780505020232158733
robot_4           1780505020258498216   1780505020258645152   1780505020271000000   1780505020272313835
robot_3           1780505020254808529   1780505020254901463   1780505020271000000   1780505020272388600
robot_1           1780505020256778286   1780505020256924492   1780505020271000000   1780505020272516671
robot_9           1780505020257148413   1780505020257314616   1780505020271000000   1780505020272543442
robot_7           1780505020283246311   1780505020283370309   1780505020291000000   1780505020292412003
robot_5           1780505020294014925   1780505020294158966   1780505020301000000   1780505020302374717
robot_2           1780505020295085098   1780505020295229520   1780505020311000000   1780505020312523898
robot_6           1780505020324128162   1780505020324261821   1780505020332000000   1780505020332669150
robot_10          1780505020322873649   1780505020322998478   1780505020332000000   1780505020332732369
robot_8           1780505020314939753   1780505020315074962   1780505020332000000   1780505020332906770
robot_3           1780505020354686675   1780505020354766736   1780505020362000000   1780505020362981877
robot_4           1780505020358480843   1780505020358622281   1780505020372000000   1780505020372860546
robot_1           1780505020356697973   1780505020356847102   1780505020372000000   1780505020372929632
robot_9           1780505020357144888   1780505020357305818   1780505020372000000   1780505020373000265
robot_7           1780505020383254355   1780505020384251044   1780505020392000000   1780505020393044724
robot_5           1780505020393987740   1780505020394133734   1780505020402000000   1780505020403084820
robot_2           1780505020395088196   1780505020395210609   1780505020402000000   1780505020403143584
robot_8           1780505020414997888   1780505020415434919   1780505020422000000   1780505020423201281
robot_10          1780505020422825290   1780505020422953419   1780505020432000000   1780505020433227105
robot_6           1780505020424151072   1780505020424783168   1780505020432000000   1780505020433288158
robot_3           1780505020454708307   1780505020454844804   1780505020462000000   1780505020463425870
robot_4           1780505020458485070   1780505020458609939   1780505020473000000   1780505020473500825
robot_1           1780505020456660427   1780505020456780408   1780505020473000000   1780505020473560863
robot_9           1780505020457095419   1780505020457228153   1780505020473000000   1780505020473621609
robot_7           1780505020483249098   1780505020483379705   1780505020493000000   1780505020493662945
robot_2           1780505020495307841   1780505020495484806   1780505020503000000   1780505020503819088
robot_5           1780505020494095131   1780505020494258862   1780505020503000000   1780505020503960215
robot_8           1780505020514953670   1780505020515075049   1780505020523000000   1780505020524011160
robot_6           1780505020524267266   1780505020524429347   1780505020533000000   1780505020534019470
robot_10          1780505020522861906   1780505020525312285   1780505020533000000   1780505020534093980
robot_3           1780505020554672915   1780505020554825238   1780505020563000000   1780505020564114553
robot_9           1780505020556961518   1780505020557080769   1780505020563000000   1780505020564170155
robot_4           1780505020558554658   1780505020558706013   1780505020573000000   1780505020574272248
robot_1           1780505020556698445   1780505020560639955   1780505020573000000   1780505020574328754
robot_7           1780505020583183995   1780505020583314683   1780505020593000000   1780505020594508008
robot_2           1780505020595485493   1780505020602260869   1780505020614000000   1780505020614663218
robot_5           1780505020593753120   1780505020602506133   1780505020614000000   1780505020614872497
robot_8           1780505020615087625   1780505020615238829   1780505020624000000   1780505020624732816
robot_10          1780505020622840172   1780505020622973757   1780505020634000000   1780505020634766192
robot_6           1780505020624227849   1780505020624393837   1780505020634000000   1780505020634854526
robot_3           1780505020654847782   1780505020654939892   1780505020664000000   1780505020664855739
robot_1           1780505020656892167   1780505020657041466   1780505020664000000   1780505020664918007
robot_9           1780505020657119577   1780505020657282838   1780505020674000000   1780505020675007694
robot_4           1780505020658607986   1780505020658763713   1780505020674000000   1780505020675158366
robot_7           1780505020683269450   1780505020683425391   1780505020694000000   1780505020695150582
robot_2           1780505020695145353   1780505020695298169   1780505020704000000   1780505020705244801
robot_5           1780505020694046336   1780505020694171331   1780505020704000000   1780505020705406775
robot_8           1780505020714950704   1780505020715065135   1780505020724000000   1780505020725207800
robot_10          1780505020722878678   1780505020723004272   1780505020734000000   1780505020735463928
robot_6           1780505020724153531   1780505020724300669   1780505020734000000   1780505020735537794
robot_1           1780505020756721278   1780505020756854696   1780505020765000000   1780505020765715380
robot_3           1780505020754763071   1780505020754868048   1780505020765000000   1780505020765771139
robot_9           1780505020757016989   1780505020757139278   1780505020765000000   1780505020765780393
robot_4           1780505020758493661   1780505020758638220   1780505020775000000   1780505020775843171
robot_7           1780505020783289624   1780505020784299682   1780505020795000000   1780505020795734120
robot_5           1780505020793963676   1780505020794097064   1780505020805000000   1780505020805902715
robot_2           1780505020795128775   1780505020795273356   1780505020805000000   1780505020805966560
robot_8           1780505020815008406   1780505020815312221   1780505020825000000   1780505020825920908
robot_10          1780505020822742015   1780505020822869867   1780505020835000000   1780505020836225664
robot_6           1780505020824177297   1780505020824648136   1780505020835000000   1780505020836287435
robot_4           1780505020858481216   1780505020858627912   1780505020865000000   1780505020866384407
robot_1           1780505020856670942   1780505020856777635   1780505020865000000   1780505020866438264
robot_3           1780505020854776650   1780505020854872024   1780505020865000000   1780505020866520365
robot_9           1780505020857023097   1780505020857149559   1780505020865000000   1780505020866528037
robot_7           1780505020883219155   1780505020883336986   1780505020896000000   1780505020896518926
robot_2           1780505020895094135   1780505020895237726   1780505020906000000   1780505020906737163
robot_5           1780505020894003152   1780505020894147303   1780505020906000000   1780505020906882345
robot_8           1780505020915035851   1780505020915153727   1780505020926000000   1780505020926748447
robot_6           1780505020924156576   1780505020924318818   1780505020936000000   1780505020936858400
robot_10          1780505020922861966   1780505020925333946   1780505020936000000   1780505020936914750
robot_4           1780505020958451054   1780505020958590592   1780505020966000000   1780505020967274875
robot_3           1780505020954675042   1780505020954738531   1780505020966000000   1780505020967415887
robot_9           1780505020956953432   1780505020957070301   1780505020966000000   1780505020967430112
robot_1           1780505020956645932   1780505020960468143   1780505020976000000   1780505020977210868
robot_7           1780505020983191421   1780505020983404984   1780505020996000000   1780505020997550037
robot_5           1780505020993755474   1780505021002370029   1780505021016000000   1780505021017446532
robot_2           1780505020995353394   1780505021002139935   1780505021017000000   1780505021017576747
robot_8           1780505021015036739   1780505021015172685   1780505021027000000   1780505021027431009
robot_6           1780505021024234141   1780505021024363108   1780505021037000000   1780505021037597159
robot_10          1780505021022771289   1780505021022895815   1780505021037000000   1780505021037654854
robot_3           1780505021054701256   1780505021054772339   1780505021067000000   1780505021067857874
robot_1           1780505021056740284   1780505021056880652   1780505021067000000   1780505021067936963
robot_9           1780505021057071091   1780505021057223793   1780505021067000000   1780505021068088485
robot_4           1780505021058487531   1780505021058604151   1780505021067000000   1780505021068174603
robot_7           1780505021083306005   1780505021083490644   1780505021097000000   1780505021098205555
robot_5           1780505021093946866   1780505021094081230   1780505021107000000   1780505021108222074
robot_2           1780505021095089501   1780505021095213572   1780505021107000000   1780505021108277494
robot_8           1780505021115031530   1780505021115170045   1780505021127000000   1780505021129050116
robot_6           1780505021124131903   1780505021124265097   1780505021137000000   1780505021138319062
robot_10          1780505021122795582   1780505021122925087   1780505021137000000   1780505021138373273
robot_3           1780505021154725162   1780505021154847819   1780505021168000000   1780505021168670111
robot_9           1780505021157075376   1780505021157221942   1780505021168000000   1780505021168750735
robot_1           1780505021156703967   1780505021156834658   1780505021168000000   1780505021168761833
robot_4           1780505021158502918   1780505021158626109   1780505021168000000   1780505021168877740
robot_7           1780505021183191392   1780505021183580309   1780505021198000000   1780505021198795629
robot_2           1780505021195087645   1780505021195201351   1780505021208000000   1780505021208897862
robot_5           1780505021193917039   1780505021194046741   1780505021208000000   1780505021208966151
robot_8           1780505021214943581   1780505021215099740   1780505021228000000   1780505021228889158
robot_6           1780505021224118516   1780505021224282933   1780505021238000000   1780505021239203300
robot_10          1780505021222746173   1780505021222855696   1780505021238000000   1780505021239262366
robot_1           1780505021256754770   1780505021256881720   1780505021268000000   1780505021269211143
robot_3           1780505021254688397   1780505021254760480   1780505021268000000   1780505021269277451
robot_9           1780505021256980791   1780505021257102133   1780505021268000000   1780505021269385743
robot_4           1780505021258455176   1780505021258599369   1780505021268000000   1780505021269394267
robot_7           1780505021283227733   1780505021283365567   1780505021298000000   1780505021299449941
robot_2           1780505021295177879   1780505021295328754   1780505021308000000   1780505021309444311
robot_5           1780505021294009594   1780505021294144593   1780505021309000000   1780505021309499918
robot_8           1780505021315039420   1780505021315169692   1780505021329000000   1780505021329594974
robot_10          1780505021323048270   1780505021325446581   1780505021339000000   1780505021339700341
robot_6           1780505021324222734   1780505021324377531   1780505021339000000   1780505021339766519
robot_3           1780505021354727874   1780505021354812100   1780505021363000000   1780505021364034495
robot_9           1780505021357029596   1780505021357145618   1780505021369000000   1780505021369974434
robot_1           1780505021356677549   1780505021360599654   1780505021369000000   1780505021370028390
robot_4           1780505021358468635   1780505021358613924   1780505021369000000   1780505021370145595
robot_7           1780505021383213557   1780505021383340508   1780505021399000000   1780505021400168616
robot_2           1780505021395247701   1780505021402635485   1780505021409000000   1780505021410250190
robot_5           1780505021393851344   1780505021403213306   1780505021419000000   1780505021420274404
robot_8           1780505021415062352   1780505021415229148   1780505021429000000   1780505021430381681
robot_10          1780505021422891439   1780505021423017456   1780505021429000000   1780505021430567310
robot_6           1780505021424172640   1780505021424300847   1780505021439000000   1780505021440689017
robot_3           1780505021454838324   1780505021454928559   1780505021460000000   1780505021460517637
robot_9           1780505021457007703   1780505021457156988   1780505021470000000   1780505021470628382
robot_4           1780505021458471250   1780505021458591701   1780505021470000000   1780505021470678019
robot_1           1780505021456737266   1780505021456870299   1780505021470000000   1780505021470688759
robot_7           1780505021483267485   1780505021483397513   1780505021490000000   1780505021490913016
robot_5           1780505021494067338   1780505021494209814   1780505021510000000   1780505021511017473
robot_2           1780505021495109935   1780505021495237204   1780505021510000000   1780505021511170084
robot_8           1780505021515021673   1780505021515188086   1780505021530000000   1780505021531271717
robot_10          1780505021522847907   1780505021522971535   1780505021530000000   1780505021531330125
robot_6           1780505021524200739   1780505021524350891   1780505021540000000   1780505021541287850
robot_1           1780505021556821834   1780505021556972647   1780505021570000000   1780505021571376063
robot_3           1780505021554754136   1780505021554849876   1780505021570000000   1780505021571432456
robot_9           1780505021557140965   1780505021557307356   1780505021570000000   1780505021571540201
robot_4           1780505021558562283   1780505021558698418   1780505021571000000   1780505021571548784
robot_7           1780505021583150296   1780505021584006690   1780505021591000000   1780505021591501378
robot_5           1780505021594073574   1780505021594221983   1780505021601000000   1780505021601887014
robot_2           1780505021594991704   1780505021595121524   1780505021611000000   1780505021611747107
robot_10          1780505021622786303   1780505021622907703   1780505021631000000   1780505021631733813
robot_8           1780505021615095567   1780505021615524693   1780505021631000000   1780505021631803559
robot_6           1780505021624113700   1780505021624552326   1780505021641000000   1780505021642357386
robot_1           1780505021656660033   1780505021656739259   1780505021671000000   1780505021672047417
robot_3           1780505021654731961   1780505021654840962   1780505021671000000   1780505021672203460
robot_9           1780505021657044629   1780505021657195169   1780505021671000000   1780505021672223081
robot_4           1780505021658477073   1780505021658608500   1780505021671000000   1780505021672232674
robot_7           1780505021683244136   1780505021683380135   1780505021691000000   1780505021692356938
robot_5           1780505021693970497   1780505021694110009   1780505021701000000   1780505021702351976
robot_2           1780505021695114361   1780505021695241201   1780505021711000000   1780505021712417418
robot_8           1780505021714991666   1780505021715129541   1780505021722000000   1780505021722621061
robot_6           1780505021724208060   1780505021724355503   1780505021732000000   1780505021732604810
robot_10          1780505021723022464   1780505021726233592   1780505021742000000   1780505021742623944
robot_3           1780505021754615101   1780505021754749146   1780505021762000000   1780505021762735486
robot_1           1780505021756691764   1780505021761232130   1780505021772000000   1780505021772990433
robot_9           1780505021756941715   1780505021757060685   1780505021772000000   1780505021773194223
robot_4           1780505021758527607   1780505021758666696   1780505021772000000   1780505021773233891
robot_7           1780505021783248809   1780505021783385681   1780505021792000000   1780505021793123848
robot_2           1780505021795213500   1780505021803983631   1780505021812000000   1780505021813443711
robot_5           1780505021793853526   1780505021805251595   1780505021812000000   1780505021813625230
robot_8           1780505021815105847   1780505021815269639   1780505021822000000   1780505021823371210
robot_10          1780505021823029244   1780505021823197944   1780505021832000000   1780505021833314973
robot_6           1780505021824409192   1780505021824593077   1780505021832000000   1780505021833382935
robot_3           1780505021854643343   1780505021854704579   1780505021862000000   1780505021863530328
robot_9           1780505021857155829   1780505021857321468   1780505021873000000   1780505021873578695
robot_1           1780505021856760021   1780505021856906694   1780505021873000000   1780505021873645521
robot_4           1780505021858607504   1780505021858749499   1780505021873000000   1780505021873726889
robot_7           1780505021883291549   1780505021883448413   1780505021893000000   1780505021893736627
robot_5           1780505021894178886   1780505021894364794   1780505021903000000   1780505021903865609
robot_2           1780505021895174184   1780505021895331194   1780505021903000000   1780505021903923227
robot_8           1780505021914928849   1780505021915042762   1780505021923000000   1780505021923890518
robot_10          1780505021922872846   1780505021923009288   1780505021933000000   1780505021933981557
robot_6           1780505021924227915   1780505021924378366   1780505021933000000   1780505021934053202
robot_3           1780505021954694493   1780505021954775228   1780505021963000000   1780505021964227154
robot_1           1780505021956778881   1780505021956941464   1780505021973000000   1780505021974344931
robot_9           1780505021957062586   1780505021957212824   1780505021973000000   1780505021974404990
robot_4           1780505021958539911   1780505021958687809   1780505021973000000   1780505021974521726
robot_7           1780505021983166787   1780505021983852128   1780505021993000000   1780505021994492163
robot_2           1780505021995154515   1780505021995290970   1780505022004000000   1780505022004525481
robot_5           1780505021994006272   1780505021994160817   1780505022004000000   1780505022004593904
robot_10          1780505022022974438   1780505022023104706   1780505022034000000   1780505022034923770
robot_8           1780505022015014386   1780505022019937866   1780505022034000000   1780505022034997909
robot_6           1780505022024196314   1780505022024734842   1780505022034000000   1780505022035013109
robot_1           1780505022056803688   1780505022056957693   1780505022064000000   1780505022065314199
robot_3           1780505022054993265   1780505022055103696   1780505022064000000   1780505022065376899
robot_9           1780505022057092542   1780505022057231567   1780505022064000000   1780505022065386902
robot_4           1780505022058582190   1780505022058719448   1780505022074000000   1780505022075194738
robot_7           1780505022083281138   1780505022083418823   1780505022094000000   1780505022095905442
robot_5           1780505022094133823   1780505022094281791   1780505022104000000   1780505022105469048
robot_2           1780505022095320243   1780505022095598319   1780505022104000000   1780505022105675463
robot_8           1780505022115080955   1780505022115217662   1780505022124000000   1780505022125400751
robot_10          1780505022122948692   1780505022125314083   1780505022134000000   1780505022135434936
robot_6           1780505022124169682   1780505022124330737   1780505022134000000   1780505022135487511
robot_3           1780505022154730040   1780505022154818993   1780505022165000000   1780505022165600938
robot_9           1780505022156950930   1780505022157071488   1780505022165000000   1780505022165661876
robot_1           1780505022156681725   1780505022162692284   1780505022175000000   1780505022175904509
robot_4           1780505022158519999   1780505022158675991   1780505022175000000   1780505022175988389
robot_7           1780505022183240350   1780505022183367757   1780505022195000000   1780505022196033435
robot_2           1780505022195153779   1780505022201694533   1780505022215000000   1780505022215987720
robot_5           1780505022193854139   1780505022202934613   1780505022215000000   1780505022216043911
robot_8           1780505022214979115   1780505022215111953   1780505022225000000   1780505022226010156
robot_6           1780505022224137960   1780505022224283658   1780505022235000000   1780505022236181885
robot_10          1780505022222748466   1780505022222873164   1780505022235000000   1780505022236233503
robot_3           1780505022254717212   1780505022254855705   1780505022265000000   1780505022266362096
robot_1           1780505022256718101   1780505022256853273   1780505022265000000   1780505022266417270
robot_9           1780505022256999249   1780505022257122941   1780505022265000000   1780505022266484406
robot_4           1780505022258458765   1780505022258593028   1780505022265000000   1780505022266492858
robot_7           1780505022283277609   1780505022283431818   1780505022296000000   1780505022296580887
robot_2           1780505022295096925   1780505022295216224   1780505022306000000   1780505022306692035
robot_5           1780505022293966249   1780505022294108949   1780505022306000000   1780505022306743376
robot_8           1780505022314985284   1780505022315108623   1780505022326000000   1780505022326958372
robot_10          1780505022322842060   1780505022322952328   1780505022336000000   1780505022337040702
robot_6           1780505022324209958   1780505022324393493   1780505022336000000   1780505022337115663
robot_4           1780505022358585850   1780505022358768524   1780505022366000000   1780505022367312532
robot_1           1780505022356943321   1780505022357107478   1780505022366000000   1780505022367389613
robot_3           1780505022354911472   1780505022355032425   1780505022366000000   1780505022367444427
robot_9           1780505022357088416   1780505022357257209   1780505022366000000   1780505022367455820
robot_7           1780505022383253241   1780505022383562429   1780505022396000000   1780505022397485049
robot_2           1780505022395217261   1780505022395354608   1780505022406000000   1780505022407796777
robot_5           1780505022393985254   1780505022394134484   1780505022407000000   1780505022408346137
robot_8           1780505022414971640   1780505022415486047   1780505022427000000   1780505022427646514
robot_6           1780505022424158798   1780505022425849956   1780505022437000000   1780505022437900344
robot_10          1780505022422766582   1780505022422892679   1780505022437000000   1780505022437965255
robot_1           1780505022456710055   1780505022456859419   1780505022467000000   1780505022468111748
robot_3           1780505022454873414   1780505022454972471   1780505022467000000   1780505022468187112
robot_9           1780505022457021741   1780505022457149937   1780505022467000000   1780505022468199653
robot_4           1780505022458562275   1780505022458704820   1780505022467000000   1780505022468277839
robot_7           1780505022483234487   1780505022483351519   1780505022497000000   1780505022498196364
robot_5           1780505022493971764   1780505022494104715   1780505022507000000   1780505022508261135
robot_2           1780505022495205550   1780505022495350435   1780505022507000000   1780505022508426090
robot_8           1780505022514925336   1780505022515054783   1780505022527000000   1780505022528400007
robot_10          1780505022522982406   1780505022525320475   1780505022537000000   1780505022538451261
robot_6           1780505022524152699   1780505022524301909   1780505022537000000   1780505022538503243
robot_4           1780505022558506462   1780505022558661402   1780505022568000000   1780505022568786145
robot_3           1780505022554686104   1780505022554886337   1780505022568000000   1780505022568867563
robot_9           1780505022556968643   1780505022557093120   1780505022568000000   1780505022568880356
robot_1           1780505022556648186   1780505022560449931   1780505022568000000   1780505022568893102
robot_7           1780505022583224845   1780505022583366001   1780505022598000000   1780505022599180481
robot_5           1780505022593760829   1780505022601935186   1780505022618000000   1780505022618997956
robot_2           1780505022595272408   1780505022602322308   1780505022618000000   1780505022619055991
robot_8           1780505022615003119   1780505022615123592   1780505022628000000   1780505022629010783
robot_6           1780505022624202123   1780505022624348997   1780505022638000000   1780505022639125151
robot_10          1780505022622816156   1780505022622930837   1780505022638000000   1780505022639182152
robot_1           1780505022656752873   1780505022656911575   1780505022668000000   1780505022669467591
robot_3           1780505022654819108   1780505022654923200   1780505022668000000   1780505022669548409
robot_9           1780505022657028139   1780505022657160403   1780505022668000000   1780505022669563169
robot_4           1780505022658549495   1780505022658700526   1780505022668000000   1780505022669649382
robot_7           1780505022683263373   1780505022683411917   1780505022699000000   1780505022699646078
robot_2           1780505022695120316   1780505022695245176   1780505022709000000   1780505022709606016
robot_5           1780505022693944448   1780505022694067952   1780505022709000000   1780505022709739074
robot_8           1780505022714995325   1780505022715116366   1780505022729000000   1780505022729802612
robot_10          1780505022722820701   1780505022722934412   1780505022729000000   1780505022729891378
robot_6           1780505022724148409   1780505022724266234   1780505022739000000   1780505022739892015
robot_3           1780505022754651228   1780505022754752022   1780505022759000000   1780505022759915301
robot_1           1780505022756827367   1780505022756953042   1780505022769000000   1780505022770018098
robot_9           1780505022757081782   1780505022757226811   1780505022769000000   1780505022770072686
robot_4           1780505022758572924   1780505022758723187   1780505022769000000   1780505022770145200
robot_7           1780505022783148831   1780505022783347022   1780505022799000000   1780505022800342793
robot_2           1780505022795052900   1780505022795170330   1780505022809000000   1780505022810509745
robot_5           1780505022793980003   1780505022794110675   1780505022809000000   1780505022810666929
robot_10          1780505022822816571   1780505022822937198   1780505022829000000   1780505022830428826
robot_8           1780505022815035619   1780505022819754977   1780505022830000000   1780505022830554421
robot_6           1780505022824186168   1780505022824848788   1780505022840000000   1780505022840750977
robot_1           1780505022856702349   1780505022856818947   1780505022870000000   1780505022870738970
robot_4           1780505022858490629   1780505022858616992   1780505022870000000   1780505022870797755
robot_3           1780505022854776889   1780505022854891442   1780505022870000000   1780505022870882946
robot_9           1780505022857036444   1780505022857157759   1780505022870000000   1780505022870894109
robot_7           1780505022883219061   1780505022883342818   1780505022890000000   1780505022891079405
robot_2           1780505022895203347   1780505022895372655   1780505022910000000   1780505022910974381
robot_5           1780505022894054031   1780505022894221743   1780505022910000000   1780505022911100131
robot_8           1780505022914982609   1780505022915111684   1780505022930000000   1780505022931227154
robot_6           1780505022924149948   1780505022924288325   1780505022940000000   1780505022941302611
robot_10          1780505022922995802   1780505022925256296   1780505022940000000   1780505022941378808
robot_4           1780505022958462168   1780505022958596016   1780505022970000000   1780505022971395293
robot_1           1780505022956651138   1780505022960540792   1780505022970000000   1780505022971453576
robot_3           1780505022954608691   1780505022954680970   1780505022970000000   1780505022971546773
robot_9           1780505022956949116   1780505022957075354   1780505022971000000   1780505022971556674
robot_7           1780505022983214728   1780505022983418395   1780505022991000000   1780505022991541851
robot_2           1780505022995402399   1780505023002002831   1780505023011000000   1780505023011679738
robot_5           1780505022993777210   1780505023002523432   1780505023011000000   1780505023011735989
robot_10          1780505023022751711   1780505023022878604   1780505023031000000   1780505023031782480
robot_6           1780505023024162581   1780505023024301580   1780505023031000000   1780505023031856140
robot_8           1780505023014993061   1780505023015114239   1780505023031000000   1780505023031913892
robot_3           1780505023054634757   1780505023054693881   1780505023061000000   1780505023061984765
robot_9           1780505023057020571   1780505023057163777   1780505023071000000   1780505023072026102
robot_4           1780505023058468268   1780505023058594001   1780505023071000000   1780505023072083221
robot_1           1780505023056835602   1780505023056981777   1780505023071000000   1780505023072165228
robot_7           1780505023083283847   1780505023083463338   1780505023091000000   1780505023092293258
robot_2           1780505023095127667   1780505023095269479   1780505023101000000   1780505023102387127
robot_5           1780505023093954355   1780505023094086422   1780505023101000000   1780505023102556758
robot_8           1780505023114947941   1780505023115071344   1780505023121000000   1780505023122517079
robot_10          1780505023122945708   1780505023123070864   1780505023132000000   1780505023132663772
robot_6           1780505023124132907   1780505023124290631   1780505023132000000   1780505023132738586
robot_3           1780505023154693240   1780505023154953046   1780505023162000000   1780505023162950955
robot_1           1780505023156830278   1780505023156972066   1780505023172000000   1780505023172903882
robot_9           1780505023157060140   1780505023157218687   1780505023172000000   1780505023172985145
robot_4           1780505023158598185   1780505023158740323   1780505023172000000   1780505023173043983
robot_7           1780505023183276392   1780505023185317998   1780505023192000000   1780505023193061484
robot_2           1780505023195108989   1780505023195256484   1780505023202000000   1780505023203124202
robot_5           1780505023194139772   1780505023194313467   1780505023202000000   1780505023203207972
robot_10          1780505023222879925   1780505023223013032   1780505023232000000   1780505023233296013
robot_6           1780505023224174029   1780505023225947941   1780505023232000000   1780505023233362115
robot_8           1780505023215039545   1780505023221264759   1780505023232000000   1780505023233442218
robot_3           1780505023254762706   1780505023254886401   1780505023262000000   1780505023264054332
robot_4           1780505023258621728   1780505023258774537   1780505023273000000   1780505023273541819
robot_1           1780505023256725138   1780505023256863215   1780505023273000000   1780505023273617571
robot_9           1780505023257056395   1780505023257192619   1780505023273000000   1780505023273697990
robot_7           1780505023283267171   1780505023283396497   1780505023293000000   1780505023293685101
robot_2           1780505023295133814   1780505023295296821   1780505023303000000   1780505023303705623
robot_5           1780505023294083548   1780505023294277941   1780505023303000000   1780505023303759345
robot_8           1780505023314926747   1780505023315057211   1780505023323000000   1780505023323903236
robot_10          1780505023322906952   1780505023325029025   1780505023333000000   1780505023333998161
robot_6           1780505023324213869   1780505023324346213   1780505023333000000   1780505023334056094
robot_3           1780505023354604845   1780505023354659758   1780505023363000000   1780505023364113501
robot_9           1780505023356955663   1780505023357072520   1780505023363000000   1780505023364172453
robot_1           1780505023356642152   1780505023360347308   1780505023373000000   1780505023374202342
robot_4           1780505023358472180   1780505023358609596   1780505023373000000   1780505023374266507
robot_7           1780505023383259635   1780505023383381387   1780505023393000000   1780505023394387427
robot_2           1780505023395323998   1780505023401910773   1780505023413000000   1780505023414478103
robot_5           1780505023393751931   1780505023402033503   1780505023414000000   1780505023414550307
robot_8           1780505023414946824   1780505023415082638   1780505023424000000   1780505023424585829
robot_6           1780505023424251750   1780505023424397368   1780505023434000000   1780505023434599176
robot_10          1780505023422745043   1780505023422895828   1780505023434000000   1780505023434656396
robot_3           1780505023454685764   1780505023454750894   1780505023464000000   1780505023464830860
robot_9           1780505023457028373   1780505023457173942   1780505023464000000   1780505023464894574
robot_1           1780505023456686426   1780505023456821820   1780505023464000000   1780505023464904414
robot_4           1780505023458491910   1780505023458610730   1780505023474000000   1780505023474983456
robot_7           1780505023483239382   1780505023483383622   1780505023494000000   1780505023495199132
robot_2           1780505023495300423   1780505023495444351   1780505023504000000   1780505023505082603
robot_5           1780505023494010562   1780505023494121981   1780505023504000000   1780505023505249970
robot_6           1780505023528182953   1780505023528735342   1780505023545000000   1780505023549651036
robot_10          1780505023523239621   1780505023523612401   1780505023566000000   1780505023570846719
robot_8           1780505023515573438   1780505023515784641   1780505023569000000   1780505023570917862
robot_3           1780505023554704473   1780505023554868050   1780505023569000000   1780505023570933910
robot_4           1780505023558534045   1780505023558690667   1780505023587000000   1780505023590838834
robot_1           1780505023556888997   1780505023557067189   1780505023589000000   1780505023590906974
robot_9           1780505023557101677   1780505023558293335   1780505023589000000   1780505023592112690
robot_5           1780505023595147296   1780505023595397203   1780505023607000000   1780505023609557899
robot_7           1780505023583365172   1780505023596729250   1780505023607000000   1780505023609633605
robot_2           1780505023596295798   1780505023596657003   1780505023609000000   1780505023610693060
robot_6           1780505023626168334   1780505023630825252   1780505023637000000   1780505023639644224
robot_8           1780505023615102662   1780505023621902019   1780505023639000000   1780505023641145554
robot_10          1780505023625133484   1780505023627243157   1780505023647000000   1780505023662695654
robot_4           1780505023663777454   1780505023664212813   1780505023673000000   1780505023674379970
robot_3           1780505023655727614   1780505023655822798   1780505023682000000   1780505023683314054
robot_1           1780505023659391685   1780505023662180701   1780505023682000000   1780505023683427714
robot_9           1780505023657005543   1780505023665278849   1780505023682000000   1780505023683440124
robot_7           1780505023683370326   1780505023683522475   1780505023693000000   1780505023694482865
robot_5           1780505023693973539   1780505023694121298   1780505023703000000   1780505023704413756
robot_2           1780505023695159504   1780505023695308288   1780505023713000000   1780505023713484733
robot_8           1780505023715036968   1780505023715162406   1780505023733000000   1780505023733691802
robot_10          1780505023722889839   1780505023725399456   1780505023734000000   1780505023734505024
robot_6           1780505023724247944   1780505023724402988   1780505023734000000   1780505023734566988
robot_3           1780505023754598386   1780505023754677639   1780505023773000000   1780505023774000247
robot_9           1780505023756964102   1780505023757089110   1780505023773000000   1780505023774063952
robot_1           1780505023756629194   1780505023760419813   1780505023773000000   1780505023774074012
robot_4           1780505023758461454   1780505023758597759   1780505023774000000   1780505023774825366
robot_7           1780505023783213783   1780505023783351748   1780505023794000000   1780505023795274785
robot_2           1780505023795478098   1780505023802498924   1780505023813000000   1780505023814298725
robot_5           1780505023793759622   1780505023803568511   1780505023814000000   1780505023815236935
robot_8           1780505023815100539   1780505023815274894   1780505023833000000   1780505023834408244
robot_10          1780505023822774960   1780505023822891684   1780505023834000000   1780505023835227766
robot_6           1780505023824178547   1780505023824312783   1780505023834000000   1780505023835269161
robot_3           1780505023854788825   1780505023854902919   1780505023874000000   1780505023874802357
robot_1           1780505023856750262   1780505023856888370   1780505023874000000   1780505023874883704
robot_9           1780505023857032632   1780505023857178066   1780505023874000000   1780505023874957390
robot_4           1780505023858541953   1780505023858707187   1780505023875000000   1780505023875479520
robot_7           1780505023883331416   1780505023883475624   1780505023895000000   1780505023895661593
robot_5           1780505023894024311   1780505023894166657   1780505023905000000   1780505023905801367
robot_2           1780505023895089872   1780505023895216960   1780505023914000000   1780505023915035862
robot_8           1780505023914975887   1780505023915121147   1780505023924000000   1780505023924955608
robot_6           1780505023924167993   1780505023924287826   1780505023935000000   1780505023936172635
robot_10          1780505023922786060   1780505023922912936   1780505023935000000   1780505023936231143
robot_3           1780505023954689786   1780505023954942502   1780505023964000000   1780505023965418064
robot_9           1780505023957089693   1780505023957240627   1780505023974000000   1780505023975411843
robot_1           1780505023956755212   1780505023956900884   1780505023974000000   1780505023975468022
robot_4           1780505023958481715   1780505023958622567   1780505023975000000   1780505023976115529
robot_7           1780505023983182636   1780505023983720637   1780505023995000000   1780505023996396079
robot_2           1780505023995083752   1780505023995211341   1780505024005000000   1780505024005613963
robot_5           1780505023993974456   1780505023994101086   1780505024006000000   1780505024006506465
robot_10          1780505024022767477   1780505024022897458   1780505024026000000   1780505024026673345
robot_8           1780505024014998401   1780505024015411832   1780505024035000000   1780505024035958204
robot_6           1780505024024194921   1780505024024730732   1780505024036000000   1780505024036918654
robot_3           1780505024054722583   1780505024054880923   1780505024065000000   1780505024065987931
robot_4           1780505024058520380   1780505024058687445   1780505024066000000   1780505024066773439
robot_9           1780505024056972925   1780505024057097112   1780505024075000000   1780505024076092008
robot_1           1780505024056655806   1780505024056764669   1780505024075000000   1780505024076142184
robot_7           1780505024083213710   1780505024083332417   1780505024096000000   1780505024097375318
robot_2           1780505024095108332   1780505024095244834   1780505024105000000   1780505024106319055
robot_5           1780505024093993089   1780505024094123976   1780505024106000000   1780505024107112664
robot_8           1780505024114998201   1780505024115117335   1780505024125000000   1780505024126412524
robot_10          1780505024122901902   1780505024128522772   1780505024137000000   1780505024137540784
robot_6           1780505024124110957   1780505024124264441   1780505024137000000   1780505024137593454
robot_3           1780505024154650536   1780505024154818230   1780505024166000000   1780505024166845004
robot_4           1780505024158483998   1780505024158622752   1780505024167000000   1780505024167714781
robot_9           1780505024156958085   1780505024157103198   1780505024176000000   1780505024176865887
robot_1           1780505024156610086   1780505024160410874   1780505024176000000   1780505024176917405
robot_7           1780505024183172171   1780505024183313619   1780505024197000000   1780505024198187647
robot_2           1780505024195337903   1780505024202433770   1780505024216000000   1780505024217127749
robot_5           1780505024193757480   1780505024206285199   1780505024217000000   1780505024217981101
robot_8           1780505024215043677   1780505024215195339   1780505024226000000   1780505024227148320
robot_10          1780505024222777768   1780505024222915719   1780505024237000000   1780505024238357373
robot_6           1780505024224156220   1780505024224287634   1780505024237000000   1780505024238409354
robot_3           1780505024254663168   1780505024254726123   1780505024267000000   1780505024267491124
robot_9           1780505024257005998   1780505024257148526   1780505024267000000   1780505024267544913
robot_1           1780505024256687341   1780505024256809560   1780505024267000000   1780505024267554060
robot_4           1780505024258499004   1780505024258614040   1780505024267000000   1780505024268281506
robot_7           1780505024283230028   1780505024283373418   1780505024298000000   1780505024298590712
robot_2           1780505024295079190   1780505024295211496   1780505024307000000   1780505024307781756
robot_5           1780505024294034680   1780505024294176499   1780505024308000000   1780505024308534038
robot_8           1780505024315022495   1780505024315140842   1780505024327000000   1780505024328041911
robot_6           1780505024324122620   1780505024324251469   1780505024338000000   1780505024339006400
robot_10          1780505024322831213   1780505024322984493   1780505024338000000   1780505024339079367
robot_3           1780505024354828027   1780505024354956707   1780505024367000000   1780505024368297219
robot_9           1780505024356989455   1780505024357121088   1780505024367000000   1780505024368365187
robot_1           1780505024356741745   1780505024356871511   1780505024367000000   1780505024368376436
robot_4           1780505024358447517   1780505024358587416   1780505024368000000   1780505024369163093
robot_7           1780505024383174625   1780505024383595951   1780505024398000000   1780505024399461928
robot_2           1780505024395116254   1780505024395253011   1780505024407000000   1780505024408519113
robot_5           1780505024393997450   1780505024394122213   1780505024408000000   1780505024409201749
robot_8           1780505024414971294   1780505024416326040   1780505024428000000   1780505024428525776
robot_6           1780505024424111299   1780505024425055275   1780505024439000000   1780505024439838386
robot_10          1780505024422746328   1780505024422864919   1780505024439000000   1780505024439909767
robot_3           1780505024454888302   1780505024455015743   1780505024468000000   1780505024468784665
robot_1           1780505024456686613   1780505024456797777   1780505024468000000   1780505024468852956
robot_9           1780505024456976856   1780505024457101024   1780505024468000000   1780505024468961201
robot_4           1780505024458449343   1780505024458572786   1780505024469000000   1780505024469649544
robot_7           1780505024483222424   1780505024483360737   1780505024499000000   1780505024499973129
robot_2           1780505024495258456   1780505024495424598   1780505024508000000   1780505024509077976
robot_5           1780505024493995881   1780505024494135254   1780505024509000000   1780505024509945739
robot_8           1780505024514944384   1780505024515071357   1780505024528000000   1780505024529173263
robot_6           1780505024524176866   1780505024524323061   1780505024539000000   1780505024540373204
robot_10          1780505024522935363   1780505024525192163   1780505024539000000   1780505024540425871
robot_3           1780505024554609338   1780505024554708085   1780505024568000000   1780505024569637823
robot_9           1780505024556944938   1780505024557066554   1780505024569000000   1780505024569702973
robot_4           1780505024558511599   1780505024558659364   1780505024570000000   1780505024570452814
robot_1           1780505024556635630   1780505024561318126   1780505024579000000   1780505024579597770
robot_7           1780505024583222045   1780505024583463080   1780505024600000000   1780505024600809449
robot_2           1780505024595383424   1780505024606720957   1780505024619000000   1780505024619793581
robot_5           1780505024593751894   1780505024607194268   1780505024620000000   1780505024620827382
robot_8           1780505024615040480   1780505024615184532   1780505024629000000   1780505024629881188
robot_10          1780505024622812919   1780505024622928227   1780505024630000000   1780505024630757373
robot_6           1780505024624167353   1780505024624317085   1780505024640000000   1780505024641187875
robot_1           1780505024656686340   1780505024656795277   1780505024669000000   1780505024670193189
robot_3           1780505024654621779   1780505024654680449   1780505024669000000   1780505024670274834
robot_9           1780505024657004798   1780505024657139426   1780505024669000000   1780505024670332869
robot_4           1780505024658493845   1780505024661372181   1780505024670000000   1780505024671085119
robot_7           1780505024683344320   1780505024683509841   1780505024700000000   1780505024701403383
robot_2           1780505024695157279   1780505024695280668   1780505024710000000   1780505024710556270
robot_5           1780505024693942055   1780505024694072061   1780505024711000000   1780505024711338625
robot_8           1780505024714960547   1780505024715106052   1780505024730000000   1780505024730915280
robot_10          1780505024722836473   1780505024722955928   1780505024731000000   1780505024731558047
robot_6           1780505024724228861   1780505024724368232   1780505024741000000   1780505024741864305
robot_3           1780505024754668305   1780505024754834223   1780505024770000000   1780505024771286214
robot_9           1780505024757027417   1780505024757147637   1780505024770000000   1780505024771340341
robot_1           1780505024756767892   1780505024756921220   1780505024770000000   1780505024771350887
robot_4           1780505024758514309   1780505024758647135   1780505024771000000   1780505024771820744
robot_7           1780505024783233008   1780505024784619260   1780505024801000000   1780505024802423993
robot_2           1780505024795124702   1780505024795266750   1780505024810000000   1780505024811555774
robot_5           1780505024794066233   1780505024794221013   1780505024811000000   1780505024812891865
robot_8           1780505024814983107   1780505024816249539   1780505024831000000   1780505024831515682
robot_10          1780505024822837284   1780505024822953562   1780505024831000000   1780505024832284422
robot_6           1780505024824188420   1780505024825685941   1780505024842000000   1780505024842643407
robot_3           1780505024854737118   1780505024854870016   1780505024871000000   1780505024871879545
robot_9           1780505024856987219   1780505024857109683   1780505024871000000   1780505024871942836
robot_1           1780505024856770272   1780505024856910344   1780505024871000000   1780505024871956732
robot_4           1780505024858467639   1780505024858594677   1780505024872000000   1780505024872724032
robot_7           1780505024883218893   1780505024883341846   1780505024892000000   1780505024892931492
robot_5           1780505024894025444   1780505024894182842   1780505024902000000   1780505024902820394
robot_2           1780505024895117803   1780505024895266306   1780505024911000000   1780505024912129269
robot_8           1780505024915013820   1780505024915154697   1780505024931000000   1780505024932243072
robot_6           1780505024924142388   1780505024924283270   1780505024932000000   1780505024932954840
robot_10          1780505024922817644   1780505024929020223   1780505024942000000   1780505024943109445
robot_3           1780505024954672561   1780505024954788648   1780505024972000000   1780505024972656730
robot_9           1780505024956973296   1780505024957092692   1780505024972000000   1780505024972738394
robot_4           1780505024958476591   1780505024958614164   1780505024972000000   1780505024973421340
robot_1           1780505024964022197   1780505024972609434   1780505024992000000   1780505024992636645
robot_7           1780505024983217789   1780505024983337775   1780505024992000000   1780505024993345913
robot_5           1780505024994010921   1780505025002814241   1780505025013000000   1780505025013572303
robot_2           1780505024995375184   1780505025002193036   1780505025022000000   1780505025022892814
robot_8           1780505025014968648   1780505025015107018   1780505025032000000   1780505025033030983
robot_10          1780505025022951902   1780505025023134815   1780505025033000000   1780505025033608155
robot_6           1780505025024234177   1780505025024380160   1780505025033000000   1780505025033643577
robot_1           1780505025056773092   1780505025056954602   1780505025072000000   1780505025073214313
robot_3           1780505025054657869   1780505025054719865   1780505025072000000   1780505025073272898
robot_9           1780505025057202640   1780505025057363954   1780505025072000000   1780505025073358510
robot_4           1780505025058485420   1780505025058603660   1780505025073000000   1780505025073818284
robot_7           1780505025083248370   1780505025083389929   1780505025093000000   1780505025094335949
robot_5           1780505025094170889   1780505025094377872   1780505025103000000   1780505025104251361
robot_2           1780505025095252970   1780505025095410757   1780505025113000000   1780505025113888700
robot_8           1780505025114944554   1780505025115075100   1780505025133000000   1780505025133755621
robot_6           1780505025124143886   1780505025124286960   1780505025133000000   1780505025134345711
robot_10          1780505025122829409   1780505025122948844   1780505025133000000   1780505025134391993
robot_1           1780505025156771212   1780505025156933540   1780505025173000000   1780505025174106223
robot_3           1780505025154819217   1780505025154901884   1780505025173000000   1780505025174178563
robot_9           1780505025157106763   1780505025157243287   1780505025173000000   1780505025174277435
robot_4           1780505025158486519   1780505025158633155   1780505025174000000   1780505025174468809
robot_7           1780505025183186962   1780505025183677697   1780505025194000000   1780505025194955439
robot_5           1780505025194059384   1780505025194190556   1780505025204000000   1780505025204983776
robot_2           1780505025195150608   1780505025195290819   1780505025213000000   1780505025214544221
robot_8           1780505025214994230   1780505025215329414   1780505025234000000   1780505025234629260
robot_6           1780505025224203100   1780505025224558655   1780505025234000000   1780505025235108356
robot_10          1780505025222713439   1780505025222847496   1780505025234000000   1780505025235161868
robot_3           1780505025254859049   1780505025254962423   1780505025274000000   1780505025274939089
robot_9           1780505025257015771   1780505025257138585   1780505025274000000   1780505025275004705
robot_1           1780505025256625834   1780505025256737740   1780505025274000000   1780505025275017476
robot_4           1780505025258470942   1780505025258595522   1780505025274000000   1780505025275228197
robot_7           1780505025283306839   1780505025283429551   1780505025295000000   1780505025295664192
robot_5           1780505025294020376   1780505025294166758   1780505025305000000   1780505025305722089
robot_2           1780505025295093221   1780505025295261964   1780505025314000000   1780505025315343167
robot_8           1780505025314949803   1780505025315087698   1780505025334000000   1780505025335367521
robot_6           1780505025324150476   1780505025324307939   1780505025335000000   1780505025335734730
robot_10          1780505025322924408   1780505025328851945   1780505025345000000   1780505025345954808
robot_3           1780505025354610806   1780505025354898280   1780505025365000000   1780505025365494388
robot_9           1780505025356963613   1780505025357089711   1780505025365000000   1780505025365552564
robot_1           1780505025356679973   1780505025360956482   1780505025375000000   1780505025375729716
robot_4           1780505025358535609   1780505025358675001   1780505025375000000   1780505025376036609
robot_7           1780505025383187971   1780505025383342953   1780505025395000000   1780505025396467227
robot_2           1780505025395234645   1780505025401923315   1780505025415000000   1780505025415927398
robot_5           1780505025393756980   1780505025402327042   1780505025415000000   1780505025416251484
robot_8           1780505025414992989   1780505025415124503   1780505025435000000   1780505025436122013
robot_10          1780505025422767929   1780505025422882968   1780505025436000000   1780505025436346329
robot_6           1780505025424169583   1780505025424293443   1780505025436000000   1780505025436485746
robot_3           1780505025454724109   1780505025454790814   1780505025465000000   1780505025466366846
robot_4           1780505025458475777   1780505025458610554   1780505025466000000   1780505025466523844
robot_9           1780505025457075332   1780505025457217916   1780505025475000000   1780505025476481081
robot_1           1780505025456758483   1780505025456909566   1780505025475000000   1780505025476551924
robot_7           1780505025483242142   1780505025483361922   1780505025496000000   1780505025497067314
robot_2           1780505025495168457   1780505025495301567   1780505025506000000   1780505025506573815
robot_5           1780505025494012395   1780505025494129217   1780505025506000000   1780505025506916000
robot_8           1780505025514935997   1780505025515053446   1780505025526000000   1780505025526802334
robot_6           1780505025524148822   1780505025524291548   1780505025536000000   1780505025537417510
robot_10          1780505025522905121   1780505025523032050   1780505025536000000   1780505025537485601
robot_3           1780505025554582652   1780505025554640472   1780505025566000000   1780505025567170470
robot_4           1780505025558510784   1780505025558648869   1780505025567000000   1780505025567357175
robot_9           1780505025557075870   1780505025557243373   1780505025576000000   1780505025577214490
robot_1           1780505025556720745   1780505025556869886   1780505025576000000   1780505025577289059
robot_7           1780505025583192106   1780505025583398009   1780505025597000000   1780505025597762038
robot_2           1780505025594997066   1780505025595128506   1780505025607000000   1780505025607762119
robot_5           1780505025593933754   1780505025594056937   1780505025607000000   1780505025607976131
robot_8           1780505025614962311   1780505025615282424   1780505025627000000   1780505025627570654
robot_10          1780505025622758073   1780505025622898410   1780505025637000000   1780505025638312539
robot_6           1780505025624132991   1780505025624313625   1780505025637000000   1780505025638384868
robot_3           1780505025654867314   1780505025654969567   1780505025667000000   1780505025668056032
robot_4           1780505025658446716   1780505025658587802   1780505025667000000   1780505025668275751
robot_1           1780505025656680613   1780505025656817199   1780505025677000000   1780505025678069344
robot_9           1780505025657020134   1780505025657152502   1780505025677000000   1780505025678145619
robot_7           1780505025683315530   1780505025683463001   1780505025698000000   1780505025698458080
robot_2           1780505025695260359   1780505025695469919   1780505025707000000   1780505025708284828
robot_5           1780505025694123906   1780505025694302461   1780505025708000000   1780505025708412362
robot_8           1780505025714942004   1780505025715064593   1780505025727000000   1780505025728440012
robot_10          1780505025722879931   1780505025724936742   1780505025738000000   1780505025738791878
robot_6           1780505025724189306   1780505025724330728   1780505025738000000   1780505025738867935
robot_3           1780505025754748284   1780505025754874080   1780505025768000000   1780505025769041475
robot_9           1780505025756998291   1780505025757114999   1780505025768000000   1780505025769241296
robot_4           1780505025758521368   1780505025758663097   1780505025768000000   1780505025769286451
robot_1           1780505025756632926   1780505025761991254   1780505025778000000   1780505025778735105
robot_7           1780505025783207247   1780505025783339698   1780505025798000000   1780505025799393235
robot_2           1780505025795321494   1780505025802681195   1780505025818000000   1780505025819060622
robot_5           1780505025793838699   1780505025802887303   1780505025818000000   1780505025819251855
robot_8           1780505025814962078   1780505025815087206   1780505025828000000   1780505025829006312
robot_6           1780505025824147072   1780505025824286403   1780505025838000000   1780505025839490438
robot_10          1780505025822811269   1780505025822932245   1780505025838000000   1780505025839554245
robot_3           1780505025854863530   1780505025854973723   1780505025868000000   1780505025869384462
robot_1           1780505025856767351   1780505025856953770   1780505025868000000   1780505025869442368
robot_9           1780505025857175921   1780505025857307836   1780505025868000000   1780505025869543487
robot_4           1780505025858493537   1780505025858626699   1780505025869000000   1780505025869574353
robot_7           1780505025883224847   1780505025883349304   1780505025899000000   1780505025899812505
robot_2           1780505025895134874   1780505025895257204   1780505025909000000   1780505025909622181
robot_5           1780505025893954429   1780505025894081802   1780505025909000000   1780505025909728734
robot_8           1780505025915028820   1780505025915158598   1780505025929000000   1780505025929883107
robot_6           1780505025924131784   1780505025924254726   1780505025939000000   1780505025940117586
robot_10          1780505025922875981   1780505025922992002   1780505025939000000   1780505025940173384
robot_3           1780505025954697636   1780505025954766283   1780505025969000000   1780505025970062502
robot_1           1780505025956671433   1780505025956793433   1780505025969000000   1780505025970119724
robot_9           1780505025956993549   1780505025957138084   1780505025969000000   1780505025970187648
robot_4           1780505025958528013   1780505025958695685   1780505025969000000   1780505025970202859
robot_7           1780505025983228243   1780505025983520273   1780505025999000000   1780505026000388392
robot_2           1780505025995080713   1780505025995216619   1780505026009000000   1780505026010578328
robot_5           1780505025994010937   1780505025994154240   1780505026010000000   1780505026010756413
robot_8           1780505026014978003   1780505026017131552   1780505026029000000   1780505026030473325
robot_10          1780505026022768252   1780505026022880701   1780505026040000000   1780505026040922256
robot_6           1780505026024118888   1780505026024751420   1780505026040000000   1780505026041011085
robot_3           1780505026054593968   1780505026054843209   1780505026070000000   1780505026070794572
robot_1           1780505026056707572   1780505026056832225   1780505026070000000   1780505026070855207
robot_9           1780505026056996905   1780505026057117055   1780505026070000000   1780505026070926120
robot_4           1780505026058472934   1780505026058596466   1780505026070000000   1780505026070934783
robot_7           1780505026083269586   1780505026083397288   1780505026100000000   1780505026101003442
robot_2           1780505026095104275   1780505026095291255   1780505026110000000   1780505026110986681
robot_5           1780505026093932133   1780505026094070153   1780505026110000000   1780505026111050001
robot_8           1780505026114956162   1780505026115097739   1780505026130000000   1780505026131162301
robot_6           1780505026124224206   1780505026124369802   1780505026140000000   1780505026141320596
robot_10          1780505026122974171   1780505026125742011   1780505026140000000   1780505026141382291
robot_4           1780505026158452477   1780505026158595511   1780505026170000000   1780505026171509706
robot_3           1780505026154644753   1780505026154712751   1780505026171000000   1780505026171571520
robot_9           1780505026157093098   1780505026157254613   1780505026171000000   1780505026171633730
robot_1           1780505026156733945   1780505026161352832   1780505026181000000   1780505026181535938
robot_7           1780505026183224210   1780505026183353152   1780505026191000000   1780505026191600973
robot_5           1780505026193780630   1780505026202471821   1780505026211000000   1780505026211758607
robot_2           1780505026195155763   1780505026201831283   1780505026211000000   1780505026211841551
robot_8           1780505026215023351   1780505026215162170   1780505026231000000   1780505026231862982
robot_10          1780505026222797326   1780505026222910313   1780505026231000000   1780505026232037300
robot_6           1780505026224194996   1780505026224336620   1780505026241000000   1780505026242047536
robot_1           1780505026256823350   1780505026256971059   1780505026271000000   1780505026272195454
robot_3           1780505026254732249   1780505026254819943   1780505026271000000   1780505026272270873
robot_9           1780505026257033771   1780505026257185858   1780505026271000000   1780505026272361033
robot_4           1780505026258490533   1780505026258633683   1780505026271000000   1780505026272377382
robot_7           1780505026283245112   1780505026283393690   1780505026291000000   1780505026292361167
robot_5           1780505026293944016   1780505026294086800   1780505026301000000   1780505026302394921
robot_2           1780505026295172367   1780505026295294916   1780505026311000000   1780505026312464301
robot_6           1780505026324117582   1780505026324251821   1780505026332000000   1780505026332644499
robot_8           1780505026314926032   1780505026315051316   1780505026332000000   1780505026332729405
robot_10          1780505026322879646   1780505026323009976   1780505026332000000   1780505026332886603
robot_3           1780505026354829926   1780505026354921707   1780505026372000000   1780505026372820363
robot_1           1780505026356776480   1780505026356914608   1780505026372000000   1780505026372888670
robot_9           1780505026357010748   1780505026357137983   1780505026372000000   1780505026372983167
robot_4           1780505026358561366   1780505026358682467   1780505026372000000   1780505026373012727
robot_7           1780505026383220368   1780505026384460617   1780505026392000000   1780505026392870192
robot_5           1780505026393988031   1780505026394115698   1780505026402000000   1780505026402953983
robot_2           1780505026395106456   1780505026395223590   1780505026412000000   1780505026413072247
robot_6           1780505026424124956   1780505026424835451   1780505026432000000   1780505026433198980
robot_8           1780505026415012447   1780505026415146805   1780505026432000000   1780505026433271644
robot_10          1780505026422718726   1780505026422819128   1780505026432000000   1780505026433370489
robot_1           1780505026456757317   1780505026456896784   1780505026472000000   1780505026473423691
robot_3           1780505026454738438   1780505026454862558   1780505026472000000   1780505026473476707
robot_9           1780505026457001107   1780505026457123467   1780505026473000000   1780505026473577124
robot_4           1780505026458476730   1780505026458617551   1780505026473000000   1780505026473613039
robot_7           1780505026483302208   1780505026483447305   1780505026493000000   1780505026493590335
robot_5           1780505026494100472   1780505026494261601   1780505026503000000   1780505026503600162
robot_2           1780505026495245406   1780505026495410847   1780505026513000000   1780505026513714505
robot_8           1780505026514996371   1780505026515126318   1780505026533000000   1780505026533789796
robot_10          1780505026522896964   1780505026525274011   1780505026533000000   1780505026533866769
robot_6           1780505026524170534   1780505026524324014   1780505026533000000   1780505026533878185
robot_1           1780505026556695947   1780505026561771725   1780505026573000000   1780505026574230468
robot_3           1780505026554851114   1780505026554933108   1780505026573000000   1780505026574295546
robot_9           1780505026557133698   1780505026557294087   1780505026573000000   1780505026574306683
robot_4           1780505026558470501   1780505026558594168   1780505026573000000   1780505026574314718
robot_7           1780505026583223246   1780505026583374103   1780505026593000000   1780505026594407833
robot_5           1780505026593798998   1780505026602420679   1780505026613000000   1780505026614479606
robot_2           1780505026595344246   1780505026606382896   1780505026623000000   1780505026624425832
robot_8           1780505026615021753   1780505026615164045   1780505026634000000   1780505026634674586
robot_10          1780505026622892995   1780505026623029536   1780505026634000000   1780505026634753985
robot_6           1780505026624306199   1780505026624498929   1780505026634000000   1780505026634771677
robot_1           1780505026656720911   1780505026656841231   1780505026664000000   1780505026664715724
robot_3           1780505026654891008   1780505026654977222   1780505026664000000   1780505026664796858
robot_9           1780505026657033671   1780505026657193607   1780505026674000000   1780505026674882153
robot_4           1780505026658519830   1780505026662409910   1780505026674000000   1780505026675051544
robot_7           1780505026683304571   1780505026683451835   1780505026694000000   1780505026695068210
robot_5           1780505026693951802   1780505026694083769   1780505026704000000   1780505026704982536
robot_2           1780505026695174671   1780505026695309224   1780505026714000000   1780505026715028813
robot_6           1780505026724141791   1780505026724272660   1780505026734000000   1780505026735307527
robot_8           1780505026715065933   1780505026715210108   1780505026734000000   1780505026735389428
robot_10          1780505026722794276   1780505026722909397   1780505026734000000   1780505026735499943
robot_4           1780505026758553103   1780505026758721140   1780505026774000000   1780505026775465620
robot_1           1780505026756672643   1780505026756787117   1780505026774000000   1780505026775520208
robot_3           1780505026754668564   1780505026754727753   1780505026775000000   1780505026775571117
robot_9           1780505026757029874   1780505026757155201   1780505026775000000   1780505026775579238
robot_7           1780505026783186852   1780505026783769504   1780505026795000000   1780505026795517959
robot_5           1780505026793971926   1780505026794100984   1780505026805000000   1780505026805682823
robot_2           1780505026795038326   1780505026795166264   1780505026815000000   1780505026815872179
robot_6           1780505026824127363   1780505026825078727   1780505026835000000   1780505026836075487
robot_10          1780505026822761205   1780505026822880857   1780505026835000000   1780505026836141648
robot_8           1780505026815041979   1780505026816493074   1780505026835000000   1780505026836229719
robot_4           1780505026858497454   1780505026858630575   1780505026865000000   1780505026866064203
robot_3           1780505026854580584   1780505026854664244   1780505026875000000   1780505026876141500
robot_9           1780505026856973829   1780505026857088842   1780505026875000000   1780505026876194595
robot_1           1780505026856736760   1780505026856866411   1780505026875000000   1780505026876203806
robot_7           1780505026883298767   1780505026883421874   1780505026895000000   1780505026896337817
robot_5           1780505026894028439   1780505026894198712   1780505026905000000   1780505026906357353
robot_2           1780505026895064490   1780505026895217958   1780505026915000000   1780505026916461089
robot_8           1780505026915040480   1780505026915159846   1780505026936000000   1780505026936596080
robot_6           1780505026924149687   1780505026924285984   1780505026936000000   1780505026936651860
robot_10          1780505026922896099   1780505026925431678   1780505026936000000   1780505026936724566
robot_4           1780505026958500580   1780505026958638738   1780505026966000000   1780505026966874664
robot_3           1780505026954731544   1780505026954835149   1780505026966000000   1780505026967074246
robot_9           1780505026956961840   1780505026957075941   1780505026966000000   1780505026967093584
robot_1           1780505026956633186   1780505026960475449   1780505026976000000   1780505026976872569
robot_7           1780505026983248382   1780505026983367547   1780505026996000000   1780505026997222665
robot_2           1780505026995247982   1780505027001604605   1780505027006000000   1780505027007122570
robot_5           1780505026993769227   1780505027002407726   1780505027016000000   1780505027017084212
robot_8           1780505027015052983   1780505027015191439   1780505027016000000   1780505027017139303
robot_10          1780505027022809794   1780505027022932189   1780505027036000000   1780505027037271175
robot_6           1780505027024128079   1780505027024259847   1780505027036000000   1780505027037334989
robot_3           1780505027054620825   1780505027054870878   1780505027066000000   1780505027067399637
robot_4           1780505027058464332   1780505027058584545   1780505027067000000   1780505027067467282
robot_9           1780505027057011327   1780505027057149931   1780505027077000000   1780505027077671724
robot_1           1780505027056771802   1780505027056925559   1780505027077000000   1780505027077792682
robot_7           1780505027083246097   1780505027083388954   1780505027097000000   1780505027097955643
robot_2           1780505027095357802   1780505027095500553   1780505027107000000   1780505027107884935
robot_5           1780505027094148675   1780505027094313144   1780505027107000000   1780505027107952601
robot_8           1780505027115082826   1780505027115230425   1780505027127000000   1780505027128137785
robot_10          1780505027122903704   1780505027123050021   1780505027137000000   1780505027138104687
robot_6           1780505027124254009   1780505027124430201   1780505027137000000   1780505027138166932
robot_3           1780505027154897997   1780505027155002027   1780505027167000000   1780505027168263284
robot_4           1780505027158487328   1780505027158617731   1780505027167000000   1780505027168349150
robot_9           1780505027157063837   1780505027157214925   1780505027177000000   1780505027178228911
robot_1           1780505027156749901   1780505027156918048   1780505027177000000   1780505027178286020
robot_7           1780505027183223713   1780505027183841482   1780505027197000000   1780505027198250134
robot_2           1780505027195062273   1780505027195179548   1780505027197000000   1780505027198420149
robot_5           1780505027193989656   1780505027194129928   1780505027207000000   1780505027208584365
robot_8           1780505027215016154   1780505027215421622   1780505027228000000   1780505027228504965
robot_10          1780505027222740852   1780505027222856428   1780505027238000000   1780505027238743490
robot_6           1780505027224163207   1780505027225197610   1780505027238000000   1780505027238814252
robot_3           1780505027254717141   1780505027254833078   1780505027268000000   1780505027268796871
robot_1           1780505027256709565   1780505027256851172   1780505027268000000   1780505027268863940
robot_9           1780505027256959330   1780505027257086829   1780505027268000000   1780505027268939482
robot_4           1780505027258532567   1780505027258688776   1780505027268000000   1780505027268947586
robot_7           1780505027283216822   1780505027283339901   1780505027298000000   1780505027299043764
robot_2           1780505027295163855   1780505027295318010   1780505027308000000   1780505027309057239
robot_5           1780505027293985762   1780505027294131641   1780505027308000000   1780505027309106062
robot_8           1780505027314968326   1780505027315098972   1780505027328000000   1780505027329246446
robot_6           1780505027324167691   1780505027324309165   1780505027338000000   1780505027339279933
robot_10          1780505027322787006   1780505027324662531   1780505027338000000   1780505027339332611
robot_3           1780505027354669569   1780505027354759240   1780505027369000000   1780505027369642834
robot_9           1780505027357020602   1780505027357145597   1780505027369000000   1780505027369726960
robot_4           1780505027358497977   1780505027358651689   1780505027369000000   1780505027369793203
robot_1           1780505027356685151   1780505027360850703   1780505027379000000   1780505027379551099
robot_7           1780505027383216498   1780505027383340213   1780505027399000000   1780505027399838615
robot_5           1780505027393822664   1780505027403218656   1780505027419000000   1780505027419789452
robot_2           1780505027395424300   1780505027402521535   1780505027419000000   1780505027419909766
robot_8           1780505027415090373   1780505027415216482   1780505027419000000   1780505027419920231
robot_10          1780505027422875947   1780505027422998640   1780505027439000000   1780505027440110557
robot_6           1780505027424220725   1780505027424375079   1780505027439000000   1780505027440170377
robot_4           1780505027458560547   1780505027458684437   1780505027469000000   1780505027470097407
robot_1           1780505027457406602   1780505027457585640   1780505027469000000   1780505027470156558
robot_3           1780505027455010853   1780505027455182013   1780505027469000000   1780505027470250404
robot_9           1780505027457266057   1780505027457484888   1780505027469000000   1780505027470258302
robot_7           1780505027483325597   1780505027483480785   1780505027499000000   1780505027500322746
robot_2           1780505027495062643   1780505027495198552   1780505027499000000   1780505027500384234
robot_5           1780505027493955789   1780505027494095583   1780505027509000000   1780505027510398665
robot_10          1780505027522829016   1780505027522956166   1780505027530000000   1780505027530687857
robot_8           1780505027514942958   1780505027515070421   1780505027530000000   1780505027530896658
robot_6           1780505027524131659   1780505027524287304   1780505027540000000   1780505027540649727
robot_1           1780505027556909682   1780505027557044633   1780505027570000000   1780505027570780850
robot_4           1780505027558602052   1780505027558740614   1780505027570000000   1780505027570853286
robot_3           1780505027554871675   1780505027554968303   1780505027570000000   1780505027570952646
robot_9           1780505027557007317   1780505027557148924   1780505027570000000   1780505027570960932
robot_7           1780505027583210532   1780505027585209191   1780505027600000000   1780505027601112449
robot_5           1780505027593963875   1780505027594094645   1780505027610000000   1780505027611089132
robot_2           1780505027595005140   1780505027595125743   1780505027610000000   1780505027611256560
robot_8           1780505027614951787   1780505027615293529   1780505027630000000   1780505027631151840
robot_10          1780505027622794455   1780505027622912999   1780505027630000000   1780505027631278520
robot_6           1780505027624106296   1780505027624603765   1780505027640000000   1780505027641682522
robot_3           1780505027654678392   1780505027654751134   1780505027660000000   1780505027661283728
robot_9           1780505027656992247   1780505027657107577   1780505027670000000   1780505027671501968
robot_1           1780505027656665708   1780505027656766520   1780505027670000000   1780505027671579805
robot_4           1780505027658455969   1780505027658587906   1780505027671000000   1780505027671673314
robot_7           1780505027683275029   1780505027683424496   1780505027691000000   1780505027691733974
robot_2           1780505027695209624   1780505027695376940   1780505027711000000   1780505027711702952
robot_5           1780505027694011390   1780505027694186712   1780505027711000000   1780505027711861373
robot_6           1780505027724258234   1780505027724416556   1780505027731000000   1780505027731800108
robot_8           1780505027714921685   1780505027715067998   1780505027731000000   1780505027731875702
robot_10          1780505027723020222   1780505027725558520   1780505027741000000   1780505027741899968
robot_3           1780505027754656667   1780505027754790744   1780505027771000000   1780505027772169526
robot_9           1780505027756943508   1780505027757053985   1780505027771000000   1780505027772248786
robot_4           1780505027758459662   1780505027758676389   1780505027771000000   1780505027772645417
robot_1           1780505027760750757   1780505027760855060   1780505027781000000   1780505027782229011
robot_7           1780505027783231903   1780505027783371915   1780505027791000000   1780505027792223098
robot_5           1780505027793764323   1780505027802764804   1780505027811000000   1780505027812421070
robot_2           1780505027795219632   1780505027802511819   1780505027821000000   1780505027822388824
robot_6           1780505027824170870   1780505027824308715   1780505027831000000   1780505027832534291
robot_8           1780505027815014297   1780505027815143119   1780505027831000000   1780505027832596643
robot_10          1780505027822868762   1780505027823000032   1780505027832000000   1780505027832606479
robot_1           1780505027856761063   1780505027856917254   1780505027872000000   1780505027872858428
robot_3           1780505027854653191   1780505027854793603   1780505027872000000   1780505027872934870
robot_9           1780505027857013989   1780505027857143495   1780505027872000000   1780505027873020239
robot_4           1780505027858455507   1780505027858579836   1780505027872000000   1780505027873029054
robot_7           1780505027883239014   1780505027883373834   1780505027892000000   1780505027892942399
robot_5           1780505027893985299   1780505027894126801   1780505027902000000   1780505027902868554
robot_2           1780505027895078860   1780505027895205390   1780505027912000000   1780505027913063890
robot_8           1780505027914921157   1780505027915057118   1780505027922000000   1780505027923438254
robot_10          1780505027922942463   1780505027923107146   1780505027932000000   1780505027933159529
robot_6           1780505027924319670   1780505027924523334   1780505027932000000   1780505027933231934
robot_3           1780505027954705852   1780505027954764839   1780505027962000000   1780505027963443736
robot_9           1780505027957120435   1780505027957262769   1780505027963000000   1780505027963514896
robot_1           1780505027956767358   1780505027956895095   1780505027963000000   1780505027963528877
robot_4           1780505027958607504   1780505027958763619   1780505027972000000   1780505027973348425
robot_7           1780505027983190061   1780505027983867031   1780505027993000000   1780505027993489547
robot_5           1780505027994013802   1780505027994166633   1780505028003000000   1780505028003541124
robot_2           1780505027995159521   1780505027995319288   1780505028003000000   1780505028003621339
robot_8           1780505028015013018   1780505028015224562   1780505028023000000   1780505028023798397
robot_10          1780505028022789701   1780505028022910454   1780505028033000000   1780505028033708595
robot_6           1780505028024211321   1780505028024378229   1780505028033000000   1780505028033762402
robot_3           1780505028054840627   1780505028054909539   1780505028063000000   1780505028064106238
robot_1           1780505028056672367   1780505028056776258   1780505028063000000   1780505028064170419
robot_9           1780505028056984813   1780505028057135493   1780505028063000000   1780505028064256994
robot_4           1780505028058479500   1780505028058620826   1780505028073000000   1780505028074130421
robot_7           1780505028083228706   1780505028083373993   1780505028093000000   1780505028094291672
robot_5           1780505028094090064   1780505028094265677   1780505028103000000   1780505028104336442
robot_2           1780505028095135862   1780505028095290388   1780505028103000000   1780505028104395929
robot_8           1780505028114980280   1780505028115117293   1780505028123000000   1780505028124612302
robot_10          1780505028122978180   1780505028125917804   1780505028133000000   1780505028134481381
robot_6           1780505028124186654   1780505028124348905   1780505028133000000   1780505028134538926
robot_3           1780505028154745193   1780505028154836975   1780505028164000000   1780505028164659079
robot_9           1780505028156947508   1780505028157067434   1780505028164000000   1780505028164712261
robot_4           1780505028158519364   1780505028158653837   1780505028174000000   1780505028174826588
robot_1           1780505028156630073   1780505028160355572   1780505028174000000   1780505028174922123
robot_7           1780505028183265653   1780505028183404505   1780505028194000000   1780505028194986843
robot_5           1780505028193757959   1780505028202750765   1780505028214000000   1780505028215095889
robot_2           1780505028195413373   1780505028206114468   1780505028214000000   1780505028215159604
robot_10          1780505028222735545   1780505028222848780   1780505028234000000   1780505028235138942
robot_8           1780505028215133316   1780505028215287956   1780505028234000000   1780505028235189903
robot_6           1780505028224107335   1780505028224251286   1780505028234000000   1780505028235199888
robot_1           1780505028256756725   1780505028256888359   1780505028274000000   1780505028275501918
robot_3           1780505028254677578   1780505028254740463   1780505028274000000   1780505028275565017
robot_9           1780505028257028347   1780505028257154379   1780505028275000000   1780505028275653326
robot_4           1780505028258508738   1780505028258650373   1780505028275000000   1780505028275662510
robot_7           1780505028283306883   1780505028283450059   1780505028295000000   1780505028295603268
robot_5           1780505028293970413   1780505028294101508   1780505028305000000   1780505028305636535
robot_2           1780505028295077558   1780505028295208262   1780505028305000000   1780505028305684696
robot_10          1780505028322896263   1780505028323037649   1780505028335000000   1780505028335948162
robot_8           1780505028314919317   1780505028315041236   1780505028335000000   1780505028336019936
robot_6           1780505028324121240   1780505028324250806   1780505028335000000   1780505028336034267
robot_4           1780505028358610200   1780505028358759557   1780505028365000000   1780505028366104490
robot_3           1780505028354661488   1780505028354854198   1780505028365000000   1780505028366159152
robot_9           1780505028357015741   1780505028357158938   1780505028365000000   1780505028366201134
robot_1           1780505028356787796   1780505028356966090   1780505028375000000   1780505028376161911
robot_7           1780505028383179218   1780505028383437871   1780505028395000000   1780505028396220901
robot_2           1780505028394992439   1780505028395115488   1780505028395000000   1780505028396342701
robot_5           1780505028393961052   1780505028394082652   1780505028405000000   1780505028406423162
robot_10          1780505028422740887   1780505028422862180   1780505028436000000   1780505028436716662
robot_8           1780505028414992816   1780505028415661569   1780505028436000000   1780505028436802381
robot_6           1780505028424108741   1780505028425220785   1780505028436000000   1780505028436823111
robot_4           1780505028458498340   1780505028458638345   1780505028466000000   1780505028466773459
robot_3           1780505028454707485   1780505028454776304   1780505028466000000   1780505028466942240
robot_9           1780505028456935863   1780505028457060746   1780505028466000000   1780505028466963077
robot_1           1780505028456756900   1780505028456883763   1780505028476000000   1780505028476876496
robot_7           1780505028483230958   1780505028483380834   1780505028496000000   1780505028497029480
robot_2           1780505028495088313   1780505028495225052   1780505028496000000   1780505028497087666
robot_5           1780505028493947193   1780505028494073901   1780505028506000000   1780505028507062514
robot_8           1780505028515030308   1780505028515149945   1780505028526000000   1780505028527139124
robot_10          1780505028522905514   1780505028525802761   1780505028536000000   1780505028537340772
robot_6           1780505028524139444   1780505028524271417   1780505028536000000   1780505028537401717
robot_4           1780505028558545237   1780505028558699785   1780505028567000000   1780505028567608204
robot_3           1780505028554629993   1780505028554687136   1780505028567000000   1780505028567669789
robot_9           1780505028556958835   1780505028557085910   1780505028567000000   1780505028567790000
robot_1           1780505028556631008   1780505028561001910   1780505028577000000   1780505028577592509
robot_7           1780505028583189498   1780505028583328989   1780505028597000000   1780505028597921260
robot_2           1780505028595295480   1780505028602198264   1780505028617000000   1780505028617786692
robot_5           1780505028593768851   1780505028602589981   1780505028617000000   1780505028617851675
robot_8           1780505028615059458   1780505028615178469   1780505028627000000   1780505028627850682
robot_6           1780505028624181339   1780505028624312576   1780505028637000000   1780505028638050841
robot_10          1780505028622793670   1780505028622920744   1780505028637000000   1780505028638186361
robot_3           1780505028654942535   1780505028655048231   1780505028667000000   1780505028668347762
robot_4           1780505028658613327   1780505028658724044   1780505028667000000   1780505028668536094
robot_1           1780505028656827726   1780505028656995348   1780505028677000000   1780505028678566442
robot_9           1780505028657130020   1780505028657280210   1780505028677000000   1780505028678646096
robot_7           1780505028683262914   1780505028683395883   1780505028697000000   1780505028698456601
robot_2           1780505028695145769   1780505028695292925   1780505028708000000   1780505028708498171
robot_5           1780505028693961458   1780505028694094704   1780505028708000000   1780505028708647772
robot_8           1780505028715065547   1780505028715190695   1780505028728000000   1780505028728868546
robot_6           1780505028724178773   1780505028724322310   1780505028738000000   1780505028738751422
robot_10          1780505028722942421   1780505028723084313   1780505028738000000   1780505028738826264
robot_4           1780505028758642196   1780505028758796618   1780505028768000000   1780505028769065586
robot_1           1780505028756758225   1780505028756928789   1780505028768000000   1780505028769150447
robot_3           1780505028754906202   1780505028755039018   1780505028768000000   1780505028769251366
robot_9           1780505028757038528   1780505028757198170   1780505028768000000   1780505028769264305
robot_7           1780505028783310854   1780505028783781516   1780505028798000000   1780505028799295374
robot_2           1780505028795020950   1780505028795136713   1780505028808000000   1780505028809276860
robot_5           1780505028793933458   1780505028794055339   1780505028808000000   1780505028809343613
robot_8           1780505028814952610   1780505028815189290   1780505028828000000   1780505028829306566
robot_10          1780505028822791536   1780505028822906454   1780505028838000000   1780505028839541707
robot_6           1780505028824102692   1780505028824450173   1780505028838000000   1780505028839614279
robot_1           1780505028856767114   1780505028856895840   1780505028869000000   1780505028869619329
robot_4           1780505028858489464   1780505028858617371   1780505028869000000   1780505028869676479
robot_3           1780505028854702758   1780505028854942845   1780505028869000000   1780505028869761237
robot_9           1780505028856973791   1780505028857107641   1780505028869000000   1780505028869769135
robot_7           1780505028883237559   1780505028883355286   1780505028899000000   1780505028899863246
robot_2           1780505028895121621   1780505028895280591   1780505028909000000   1780505028909900028
robot_5           1780505028894055648   1780505028894213050   1780505028909000000   1780505028909950541
robot_8           1780505028915005074   1780505028915133168   1780505028929000000   1780505028930054414
robot_6           1780505028924156327   1780505028924305664   1780505028939000000   1780505028940299225
robot_10          1780505028922870127   1780505028925426697   1780505028939000000   1780505028940354116
robot_4           1780505028958472622   1780505028958596027   1780505028969000000   1780505028970474130
robot_3           1780505028954589902   1780505028954793273   1780505028969000000   1780505028970553859
robot_9           1780505028956961536   1780505028957081034   1780505028970000000   1780505028970628804
robot_1           1780505028956632318   1780505028960619332   1780505028979000000   1780505028980495368
robot_7           1780505028983206347   1780505028983336842   1780505029000000000   1780505029000625103
robot_5           1780505028993828916   1780505029002644625   1780505029010000000   1780505029010655244
robot_2           1780505028995280357   1780505029001903031   1780505029010000000   1780505029010710701
robot_10          1780505029022790672   1780505029022906493   1780505029030000000   1780505029030822236
robot_8           1780505029015056930   1780505029015189055   1780505029030000000   1780505029030894271
robot_6           1780505029024152577   1780505029024291178   1780505029040000000   1780505029040996862
robot_3           1780505029054882623   1780505029054964022   1780505029060000000   1780505029061093341
robot_1           1780505029056710360   1780505029056844478   1780505029070000000   1780505029071058718
robot_9           1780505029057164867   1780505029057311204   1780505029070000000   1780505029071130891
robot_4           1780505029058510703   1780505029058655589   1780505029070000000   1780505029071245387
robot_7           1780505029083397718   1780505029083565810   1780505029090000000   1780505029091320534
robot_2           1780505029095121337   1780505029095250043   1780505029110000000   1780505029111425993
robot_5           1780505029093976839   1780505029094106297   1780505029110000000   1780505029111506552
robot_8           1780505029115027633   1780505029115146452   1780505029131000000   1780505029131607216
robot_6           1780505029124150131   1780505029124283483   1780505029131000000   1780505029131677192
robot_10          1780505029122828619   1780505029122950013   1780505029131000000   1780505029131778718
robot_3           1780505029154821899   1780505029154952665   1780505029171000000   1780505029171908706
robot_9           1780505029157011307   1780505029157154513   1780505029171000000   1780505029171987428
robot_1           1780505029156751856   1780505029156879805   1780505029171000000   1780505029172000596
robot_4           1780505029158467163   1780505029158602574   1780505029171000000   1780505029172058279
robot_7           1780505029183230455   1780505029183647138   1780505029191000000   1780505029192010415
robot_5           1780505029194085723   1780505029194237083   1780505029201000000   1780505029202074377
robot_2           1780505029195026472   1780505029195172930   1780505029211000000   1780505029212156278
robot_6           1780505029224181356   1780505029224339307   1780505029231000000   1780505029232198532
robot_8           1780505029214999369   1780505029219581706   1780505029231000000   1780505029232271480
robot_10          1780505029222825524   1780505029222951608   1780505029231000000   1780505029232374125
robot_1           1780505029256704170   1780505029256855894   1780505029261000000   1780505029262388292
robot_3           1780505029254733890   1780505029254839520   1780505029261000000   1780505029262622829
robot_4           1780505029258503234   1780505029258642741   1780505029272000000   1780505029272646048
robot_9           1780505029256953017   1780505029257081026   1780505029272000000   1780505029272943231
robot_7           1780505029283199124   1780505029283335064   1780505029292000000   1780505029292710512
robot_5           1780505029294008257   1780505029294135054   1780505029302000000   1780505029302710271
robot_2           1780505029295065223   1780505029295184014   1780505029302000000   1780505029302828189
robot_6           1780505029324109639   1780505029324243230   1780505029332000000   1780505029332955502
robot_8           1780505029315006948   1780505029315130284   1780505029332000000   1780505029333017549
robot_10          1780505029322924219   1780505029328754983   1780505029342000000   1780505029342963549
robot_4           1780505029358448902   1780505029358572311   1780505029372000000   1780505029373186292
robot_1           1780505029356664897   1780505029360666452   1780505029372000000   1780505029373239856
robot_3           1780505029354583270   1780505029354674512   1780505029372000000   1780505029373293983
robot_9           1780505029356982772   1780505029357100697   1780505029372000000   1780505029373302144
robot_7           1780505029383184284   1780505029383313797   1780505029392000000   1780505029393281512
robot_5           1780505029393800547   1780505029402759088   1780505029412000000   1780505029413402243
robot_2           1780505029395246136   1780505029401779937   1780505029413000000   1780505029413512678
robot_6           1780505029424146663   1780505029424272385   1780505029433000000   1780505029433524658
robot_10          1780505029422783676   1780505029422906050   1780505029433000000   1780505029433577260
robot_8           1780505029415079111   1780505029415220809   1780505029433000000   1780505029433587365
robot_4           1780505029458509660   1780505029458658058   1780505029473000000   1780505029473889012
robot_1           1780505029456697324   1780505029456840163   1780505029473000000   1780505029473948335
robot_3           1780505029454846009   1780505029454935756   1780505029473000000   1780505029474029217
robot_9           1780505029457158496   1780505029457312869   1780505029473000000   1780505029474042909
robot_7           1780505029483307946   1780505029483465146   1780505029493000000   1780505029494135399
robot_5           1780505029493994968   1780505029494153951   1780505029503000000   1780505029504118232
robot_2           1780505029495202959   1780505029495337743   1780505029503000000   1780505029504240288
robot_8           1780505029514945207   1780505029515064390   1780505029523000000   1780505029524254167
robot_10          1780505029522887490   1780505029523013463   1780505029533000000   1780505029534381360
robot_6           1780505029524212921   1780505029524364261   1780505029533000000   1780505029534452169
robot_1           1780505029556734875   1780505029556894959   1780505029574000000   1780505029574693175
robot_3           1780505029554754899   1780505029554823132   1780505029574000000   1780505029574750914
robot_9           1780505029557069824   1780505029557219109   1780505029574000000   1780505029574759917
robot_4           1780505029558550437   1780505029558687628   1780505029574000000   1780505029574861645
robot_7           1780505029583188365   1780505029583784471   1780505029594000000   1780505029594862524
robot_5           1780505029593954799   1780505029594075927   1780505029604000000   1780505029604944860
robot_2           1780505029595109051   1780505029595245308   1780505029614000000   1780505029615127599
robot_6           1780505029624102682   1780505029624664385   1780505029634000000   1780505029635212533
robot_8           1780505029615073830   1780505029615216635   1780505029634000000   1780505029635287556
robot_10          1780505029622782658   1780505029622905107   1780505029634000000   1780505029635395575
robot_1           1780505029656668756   1780505029656755321   1780505029674000000   1780505029675412735
robot_3           1780505029654788220   1780505029654900268   1780505029674000000   1780505029675488075
robot_9           1780505029656968015   1780505029657109721   1780505029675000000   1780505029675542478
robot_4           1780505029658474339   1780505029658596498   1780505029675000000   1780505029675555412
robot_7           1780505029683274994   1780505029683423000   1780505029695000000   1780505029695601330
robot_5           1780505029694044388   1780505029694175427   1780505029705000000   1780505029705708427
robot_2           1780505029695128869   1780505029695275169   1780505029715000000   1780505029715884017
robot_6           1780505029724160720   1780505029724288216   1780505029735000000   1780505029735878721
robot_8           1780505029714950946   1780505029715068653   1780505029735000000   1780505029735933216
robot_10          1780505029722965013   1780505029728785286   1780505029745000000   1780505029746008543
robot_4           1780505029758488782   1780505029758632751   1780505029765000000   1780505029766173364
robot_1           1780505029756663634   1780505029761000588   1780505029775000000   1780505029776251427
robot_3           1780505029754696485   1780505029754756171   1780505029775000000   1780505029776318913
robot_9           1780505029756960400   1780505029757083549   1780505029775000000   1780505029776332517
robot_7           1780505029783279412   1780505029783404449   1780505029795000000   1780505029796533004
robot_5           1780505029793796044   1780505029802861782   1780505029815000000   1780505029816407620
robot_2           1780505029795294522   1780505029802190286   1780505029816000000   1780505029816552644
robot_8           1780505029814982613   1780505029815115730   1780505029816000000   1780505029816571888
robot_10          1780505029822747688   1780505029822882721   1780505029836000000   1780505029836547322
robot_6           1780505029824194731   1780505029824357664   1780505029836000000   1780505029836602628
robot_3           1780505029854616725   1780505029854887212   1780505029866000000   1780505029866809668
robot_4           1780505029858444559   1780505029858561520   1780505029866000000   1780505029866911462
robot_9           1780505029857029767   1780505029857171048   1780505029876000000   1780505029877073903
robot_1           1780505029856739144   1780505029856893776   1780505029876000000   1780505029877150497
robot_7           1780505029883246644   1780505029883382218   1780505029896000000   1780505029896987359
robot_5           1780505029893989525   1780505029894146249   1780505029906000000   1780505029907634967
robot_2           1780505029895209896   1780505029895362733   1780505029907000000   1780505029908714057
robot_8           1780505029915179933   1780505029915432783   1780505029919000000   1780505029921036410
robot_6           1780505029924355212   1780505029924768288   1780505029936000000   1780505029938208175
robot_10          1780505029922924462   1780505029923138157   1780505029936000000   1780505029939213160
robot_4           1780505029958752311   1780505029959887909   1780505029967000000   1780505029968433981
robot_3           1780505029956140379   1780505029958921890   1780505029969000000   1780505029969844701
robot_1           1780505029957517182   1780505029958198037   1780505029969000000   1780505029969911012
robot_9           1780505029959866626   1780505029960880669   1780505029969000000   1780505029969969874
robot_7           1780505029983178471   1780505029984092187   1780505029997000000   1780505029998243742
robot_2           1780505029995043111   1780505029995165977   1780505029999000000   1780505029999954897
robot_5           1780505029993958918   1780505029994095650   1780505030007000000   1780505030009391141
robot_10          1780505030022821903   1780505030022943546   1780505030028000000   1780505030028707562
robot_8           1780505030015217463   1780505030016982335   1780505030029000000   1780505030030103484
robot_6           1780505030024142174   1780505030026036430   1780505030038000000   1780505030038878379
robot_1           1780505030056756449   1780505030056900720   1780505030059000000   1780505030060396371
robot_3           1780505030054832375   1780505030054922534   1780505030059000000   1780505030060454176
robot_4           1780505030058530985   1780505030058660201   1780505030068000000   1780505030068813944
robot_9           1780505030057062838   1780505030057196642   1780505030070000000   1780505030070470277
robot_7           1780505030083268690   1780505030083403386   1780505030088000000   1780505030089138989
robot_2           1780505030095008363   1780505030095138941   1780505030100000000   1780505030101015161
robot_5           1780505030094076866   1780505030094201386   1780505030108000000   1780505030109024769
robot_8           1780505030114959471   1780505030115089290   1780505030120000000   1780505030120999540
robot_10          1780505030122888999   1780505030125121219   1780505030138000000   1780505030139316985
robot_6           1780505030124182498   1780505030124315218   1780505030138000000   1780505030139383754
robot_3           1780505030154596283   1780505030154668712   1780505030160000000   1780505030161269511
robot_9           1780505030157086339   1780505030157262674   1780505030160000000   1780505030161447780
robot_4           1780505030158494759   1780505030158619254   1780505030168000000   1780505030169604250
robot_1           1780505030156675767   1780505030160628714   1780505030170000000   1780505030171226556
robot_7           1780505030183249955   1780505030183386856   1780505030189000000   1780505030189592686
robot_5           1780505030193747320   1780505030203145240   1780505030209000000   1780505030209860582
robot_2           1780505030195368133   1780505030202094965   1780505030211000000   1780505030211432608
robot_8           1780505030214982516   1780505030215116858   1780505030221000000   1780505030221534223
robot_6           1780505030224232208   1780505030224377152   1780505030229000000   1780505030229754876
robot_10          1780505030222803018   1780505030222924740   1780505030229000000   1780505030229905661
robot_3           1780505030254578034   1780505030254845728   1780505030261000000   1780505030261760747
robot_1           1780505030256895247   1780505030257031981   1780505030261000000   1780505030261825752
robot_9           1780505030257003435   1780505030257131248   1780505030261000000   1780505030261904689
robot_4           1780505030258469569   1780505030258638497   1780505030269000000   1780505030270129659
robot_7           1780505030283247297   1780505030283417485   1780505030289000000   1780505030290305348
robot_5           1780505030293935469   1780505030294055369   1780505030299000000   1780505030300278948
robot_2           1780505030295072809   1780505030295201782   1780505030301000000   1780505030302089789
robot_8           1780505030314954261   1780505030315079476   1780505030321000000   1780505030322334103
robot_10          1780505030322881220   1780505030323015570   1780505030330000000   1780505030330595348
robot_6           1780505030324141925   1780505030324275728   1780505030330000000   1780505030330671221
robot_1           1780505030356696289   1780505030356840172   1780505030362000000   1780505030362929435
robot_3           1780505030354604989   1780505030354687106   1780505030362000000   1780505030363000403
robot_9           1780505030357194706   1780505030357367590   1780505030362000000   1780505030363036106
robot_4           1780505030358502029   1780505030358638537   1780505030370000000   1780505030370823194
robot_7           1780505030383215089   1780505030383630657   1780505030390000000   1780505030390860750
robot_5           1780505030393965388   1780505030394097725   1780505030400000000   1780505030401579271
robot_2           1780505030395024741   1780505030395143477   1780505030402000000   1780505030402872980
robot_8           1780505030415006934   1780505030416357609   1780505030422000000   1780505030423036898
robot_10          1780505030422867204   1780505030423008915   1780505030430000000   1780505030431071776
robot_6           1780505030424136483   1780505030424884844   1780505030430000000   1780505030431121200
robot_3           1780505030454727256   1780505030454818198   1780505030462000000   1780505030463263605
robot_9           1780505030457010877   1780505030457140144   1780505030462000000   1780505030463321736
robot_1           1780505030456669217   1780505030456792166   1780505030462000000   1780505030463331205
robot_4           1780505030458456618   1780505030458587226   1780505030470000000   1780505030471443344
robot_7           1780505030483249537   1780505030483378607   1780505030491000000   1780505030491629450
robot_5           1780505030493961563   1780505030494088190   1780505030501000000   1780505030501682420
robot_2           1780505030495096825   1780505030495252249   1780505030503000000   1780505030503468593
robot_8           1780505030515014029   1780505030515138235   1780505030523000000   1780505030523743918
robot_10          1780505030522899626   1780505030525137899   1780505030531000000   1780505030531775427
robot_6           1780505030524215140   1780505030524372263   1780505030531000000   1780505030531850075
robot_3           1780505030554612615   1780505030554697549   1780505030563000000   1780505030563997692
robot_9           1780505030556968269   1780505030557084496   1780505030563000000   1780505030564052658
robot_4           1780505030558478410   1780505030558598635   1780505030571000000   1780505030572081362
robot_1           1780505030556646169   1780505030560637328   1780505030573000000   1780505030574149232
robot_7           1780505030583176228   1780505030583300275   1780505030591000000   1780505030592226619
robot_5           1780505030593763291   1780505030602645018   1780505030611000000   1780505030612364686
robot_2           1780505030595156092   1780505030601750174   1780505030613000000   1780505030614346504
robot_8           1780505030615000350   1780505030615152540   1780505030623000000   1780505030624344272
robot_10          1780505030622810641   1780505030622925829   1780505030631000000   1780505030632551317
robot_6           1780505030624250431   1780505030624404373   1780505030631000000   1780505030632632758
robot_1           1780505030656814492   1780505030656951648   1780505030664000000   1780505030664738257
robot_3           1780505030654867636   1780505030654968137   1780505030664000000   1780505030664815644
robot_9           1780505030657051654   1780505030657193175   1780505030664000000   1780505030664828507
robot_4           1780505030658468603   1780505030658590066   1780505030672000000   1780505030672692842
robot_7           1780505030683301861   1780505030683464958   1780505030692000000   1780505030692916146
robot_5           1780505030694010329   1780505030694147293   1780505030702000000   1780505030702918641
robot_2           1780505030695079339   1780505030695206985   1780505030704000000   1780505030705005424
robot_8           1780505030714963481   1780505030715087382   1780505030724000000   1780505030725088003
robot_10          1780505030722843244   1780505030722965920   1780505030733000000   1780505030733660741
robot_6           1780505030724191407   1780505030724322581   1780505030733000000   1780505030733719232
robot_3           1780505030754991073   1780505030755077703   1780505030764000000   1780505030765488208
robot_9           1780505030757103265   1780505030757253274   1780505030765000000   1780505030765554187
robot_1           1780505030756764139   1780505030756929744   1780505030764000000   1780505030765564682
robot_4           1780505030758511603   1780505030758654908   1780505030773000000   1780505030773969369
robot_7           1780505030783202886   1780505030783593152   1780505030793000000   1780505030794128499
robot_5           1780505030794019034   1780505030794189763   1780505030803000000   1780505030804118883
robot_2           1780505030795092469   1780505030795222487   1780505030805000000   1780505030805587185
robot_8           1780505030815035891   1780505030815214657   1780505030825000000   1780505030825708046
robot_6           1780505030824095170   1780505030824580972   1780505030833000000   1780505030834338847
robot_10          1780505030822768131   1780505030822884865   1780505030833000000   1780505030834397658
robot_4           1780505030858442527   1780505030858559960   1780505030864000000   1780505030864634891
robot_3           1780505030854828491   1780505030854913052   1780505030865000000   1780505030865967543
robot_1           1780505030856784108   1780505030856913038   1780505030865000000   1780505030865991135
robot_9           1780505030857017562   1780505030857145325   1780505030865000000   1780505030866086717
robot_7           1780505030883200598   1780505030883344844   1780505030894000000   1780505030894902805
robot_5           1780505030894045819   1780505030894199468   1780505030904000000   1780505030904909374
robot_2           1780505030895237948   1780505030895430963   1780505030905000000   1780505030906223120
robot_8           1780505030914914664   1780505030915042468   1780505030926000000   1780505030926549982
robot_6           1780505030924167617   1780505030924292297   1780505030934000000   1780505030935147363
robot_10          1780505030922779966   1780505030924574494   1780505030934000000   1780505030935221919
robot_4           1780505030958478680   1780505030958602910   1780505030964000000   1780505030965218970
robot_3           1780505030954803455   1780505030954893259   1780505030966000000   1780505030966828130
robot_1           1780505030956618144   1780505030960687571   1780505030966000000   1780505030966884933
robot_9           1780505030956958522   1780505030957084089   1780505030966000000   1780505030967000884
robot_7           1780505030983215809   1780505030983352248   1780505030995000000   1780505030995599424
robot_2           1780505030995243510   1780505031002073366   1780505031006000000   1780505031007123987
robot_5           1780505030993865829   1780505031002633968   1780505031015000000   1780505031015625383
robot_8           1780505031015009449   1780505031015153303   1780505031026000000   1780505031027179978
robot_10          1780505031022766636   1780505031022884516   1780505031035000000   1780505031035776203
robot_6           1780505031024145819   1780505031024277056   1780505031035000000   1780505031035845668
robot_4           1780505031058490933   1780505031058616805   1780505031065000000   1780505031066154947
robot_3           1780505031054769076   1780505031054838027   1780505031067000000   1780505031067479569
robot_9           1780505031056998495   1780505031057145983   1780505031067000000   1780505031067516450
robot_1           1780505031056715299   1780505031056842535   1780505031067000000   1780505031067599402
robot_7           1780505031083272374   1780505031083432618   1780505031095000000   1780505031096250895
robot_5           1780505031093951230   1780505031094078964   1780505031105000000   1780505031106392231
robot_2           1780505031095126390   1780505031095254633   1780505031107000000   1780505031107706695
robot_8           1780505031114935903   1780505031115056241   1780505031127000000   1780505031128330806
robot_10          1780505031122796841   1780505031122921305   1780505031136000000   1780505031136604366
robot_6           1780505031124136254   1780505031124268507   1780505031136000000   1780505031136656489
robot_4           1780505031158475953   1780505031158609648   1780505031166000000   1780505031166815588
robot_3           1780505031154643019   1780505031154714126   1780505031167000000   1780505031168272594
robot_9           1780505031157074830   1780505031157218065   1780505031167000000   1780505031168334444
robot_1           1780505031156755266   1780505031156933442   1780505031167000000   1780505031168348327
robot_7           1780505031183188459   1780505031183299114   1780505031196000000   1780505031196980982
robot_2           1780505031195034330   1780505031195150901   1780505031198000000   1780505031198347652
robot_5           1780505031193923591   1780505031194048685   1780505031206000000   1780505031207196332
robot_8           1780505031214971348   1780505031215113009   1780505031228000000   1780505031228605032
robot_6           1780505031224146552   1780505031224958199   1780505031236000000   1780505031237485604
robot_10          1780505031222734024   1780505031222846111   1780505031236000000   1780505031237555177
robot_3           1780505031254653545   1780505031254757181   1780505031258000000   1780505031258868632
robot_4           1780505031258578301   1780505031258743882   1780505031267000000   1780505031267483989
robot_9           1780505031256958671   1780505031257080369   1780505031268000000   1780505031268863463
robot_1           1780505031256662597   1780505031256763540   1780505031268000000   1780505031268907168
robot_7           1780505031283219638   1780505031283354800   1780505031297000000   1780505031297704682
robot_2           1780505031295138614   1780505031295299525   1780505031298000000   1780505031299106464
robot_5           1780505031293973531   1780505031294121247   1780505031307000000   1780505031307847981
robot_8           1780505031314920029   1780505031315043499   1780505031318000000   1780505031319430620
robot_6           1780505031324138632   1780505031324285744   1780505031337000000   1780505031338062129
robot_10          1780505031322981252   1780505031325234996   1780505031337000000   1780505031338120819
robot_3           1780505031354609280   1780505031354667652   1780505031359000000   1780505031359603859
robot_4           1780505031358546785   1780505031358668876   1780505031367000000   1780505031368409573
robot_1           1780505031356617338   1780505031360652027   1780505031369000000   1780505031369705730
robot_9           1780505031356947577   1780505031357065886   1780505031369000000   1780505031369765987
robot_7           1780505031383263506   1780505031383411280   1780505031397000000   1780505031398656702
robot_2           1780505031395246531   1780505031402227923   1780505031409000000   1780505031410111787
robot_5           1780505031393761478   1780505031403119854   1780505031418000000   1780505031418465194
robot_8           1780505031414976845   1780505031415109852   1780505031419000000   1780505031420002662
robot_10          1780505031422851750   1780505031422966631   1780505031428000000   1780505031428539818
robot_6           1780505031424119212   1780505031424269810   1780505031438000000   1780505031438725201
robot_1           1780505031456690776   1780505031456813028   1780505031459000000   1780505031460812925
robot_3           1780505031454661055   1780505031454751012   1780505031459000000   1780505031460868806
robot_9           1780505031456990751   1780505031457119638   1780505031460000000   1780505031460878357
robot_4           1780505031458474011   1780505031461418587   1780505031468000000   1780505031468940812
robot_7           1780505031483341659   1780505031483478560   1780505031488000000   1780505031489100693
robot_2           1780505031495069106   1780505031495208385   1780505031500000000   1780505031500708323
robot_5           1780505031494028414   1780505031494146515   1780505031508000000   1780505031509165514
robot_8           1780505031514989555   1780505031515109582   1780505031520000000   1780505031520909521
robot_10          1780505031522839405   1780505031522973206   1780505031528000000   1780505031529501265
robot_6           1780505031524171141   1780505031524315875   1780505031538000000   1780505031539697884
robot_3           1780505031554697781   1780505031554899867   1780505031560000000   1780505031561279873
robot_9           1780505031557169245   1780505031557330887   1780505031560000000   1780505031561360266
robot_1           1780505031556848473   1780505031557003809   1780505031560000000   1780505031561374604
robot_4           1780505031558603163   1780505031558752718   1780505031569000000   1780505031569651160
robot_7           1780505031583231899   1780505031584000050   1780505031589000000   1780505031589725347
robot_5           1780505031593952647   1780505031594094853   1780505031599000000   1780505031599850224
robot_2           1780505031595029035   1780505031595148001   1780505031600000000   1780505031601401274
robot_8           1780505031614949534   1780505031615453841   1780505031621000000   1780505031621606551
robot_10          1780505031622843373   1780505031622959455   1780505031629000000   1780505031630121300
robot_6           1780505031624217799   1780505031625643880   1780505031639000000   1780505031640336435
robot_1           1780505031656661528   1780505031656771424   1780505031661000000   1780505031661803139
robot_3           1780505031654659754   1780505031654762375   1780505031661000000   1780505031661893452
robot_9           1780505031657012071   1780505031657133253   1780505031661000000   1780505031661907654
robot_4           1780505031658419579   1780505031658537336   1780505031669000000   1780505031670320267
robot_7           1780505031683229044   1780505031683346236   1780505031700000000   1780505031700494398
robot_5           1780505031694100983   1780505031694258811   1780505031700000000   1780505031700548779
robot_2           1780505031695145553   1780505031695316410   1780505031701000000   1780505031702000644
robot_8           1780505031714941872   1780505031715070629   1780505031721000000   1780505031722526720
robot_6           1780505031724205909   1780505031724344051   1780505031730000000   1780505031730771542
robot_10          1780505031723024959   1780505031725498180   1780505031740000000   1780505031740905210
robot_3           1780505031754875801   1780505031754964091   1780505031762000000   1780505031762568028
robot_9           1780505031756973166   1780505031757089422   1780505031762000000   1780505031762625797
robot_4           1780505031758460379   1780505031758577775   1780505031770000000   1780505031771113624
robot_1           1780505031756641305   1780505031760665558   1780505031772000000   1780505031772752273
robot_7           1780505031783208129   1780505031783339884   1780505031790000000   1780505031791330578
robot_2           1780505031795174267   1780505031802479117   1780505031812000000   1780505031812984025
robot_5           1780505031793760854   1780505031806878944   1780505031820000000   1780505031821642537
robot_8           1780505031814993678   1780505031815141453   1780505031822000000   1780505031823040060
robot_6           1780505031824316865   1780505031824484117   1780505031831000000   1780505031831527334
robot_10          1780505031822925956   1780505031823090877   1780505031831000000   1780505031831587875
robot_3           1780505031854759062   1780505031854867846   1780505031862000000   1780505031863323912
robot_1           1780505031856746632   1780505031856915392   1780505031862000000   1780505031863378540
robot_9           1780505031857023439   1780505031857159487   1780505031862000000   1780505031863461770
robot_4           1780505031858499651   1780505031858623960   1780505031871000000   1780505031871793016
robot_7           1780505031883337320   1780505031883497833   1780505031891000000   1780505031892001132
robot_5           1780505031894074341   1780505031894239883   1780505031901000000   1780505031902053584
robot_2           1780505031895174660   1780505031895325896   1780505031903000000   1780505031903503532
robot_8           1780505031914979227   1780505031915117065   1780505031923000000   1780505031923796607
robot_6           1780505031924258925   1780505031924405091   1780505031931000000   1780505031932401929
robot_10          1780505031922923465   1780505031923057421   1780505031931000000   1780505031932850486
robot_3           1780505031954681090   1780505031954760820   1780505031963000000   1780505031963955299
robot_9           1780505031957130531   1780505031957282880   1780505031963000000   1780505031964012099
robot_1           1780505031956718783   1780505031956855474   1780505031963000000   1780505031964021736
robot_4           1780505031958491649   1780505031958627232   1780505031972000000   1780505031972554817
robot_7           1780505031983176629   1780505031983579845   1780505031992000000   1780505031992695619
robot_5           1780505031993974177   1780505031994107532   1780505032002000000   1780505032002873470
robot_2           1780505031995114350   1780505031995233451   1780505032003000000   1780505032004197960
robot_8           1780505032015080223   1780505032015906408   1780505032023000000   1780505032024383359
robot_6           1780505032024302829   1780505032025539936   1780505032032000000   1780505032032893072
robot_10          1780505032022980249   1780505032023125014   1780505032032000000   1780505032032962385
robot_1           1780505032056663129   1780505032056752503   1780505032064000000   1780505032064615433
robot_3           1780505032054746308   1780505032054869476   1780505032064000000   1780505032064675745
robot_9           1780505032056968976   1780505032057105954   1780505032064000000   1780505032064732526
robot_4           1780505032058484919   1780505032058606081   1780505032072000000   1780505032073135964
robot_7           1780505032083267537   1780505032083418521   1780505032092000000   1780505032093347474
robot_5           1780505032094042584   1780505032094191457   1780505032102000000   1780505032103407049
robot_2           1780505032095176838   1780505032095332731   1780505032104000000   1780505032104910544
robot_8           1780505032114913685   1780505032115050125   1780505032124000000   1780505032125183210
robot_10          1780505032123047850   1780505032125499988   1780505032133000000   1780505032133700067
robot_6           1780505032124156281   1780505032124304363   1780505032133000000   1780505032133763152
robot_1           1780505032156752385   1780505032161286758   1780505032164000000   1780505032165390575
robot_3           1780505032154726570   1780505032154919554   1780505032164000000   1780505032165444634
robot_9           1780505032156995261   1780505032157126716   1780505032164000000   1780505032165530314
robot_4           1780505032158514371   1780505032158654108   1780505032173000000   1780505032173990030
robot_7           1780505032183193772   1780505032183305489   1780505032193000000   1780505032194094534
robot_2           1780505032195247107   1780505032201611797   1780505032205000000   1780505032205683294
robot_5           1780505032193818237   1780505032202644053   1780505032213000000   1780505032214167904
robot_8           1780505032215070365   1780505032215212649   1780505032225000000   1780505032225695906
robot_6           1780505032224182369   1780505032224315935   1780505032233000000   1780505032234332957
robot_10          1780505032222755042   1780505032222883155   1780505032233000000   1780505032234382772
robot_4           1780505032258464316   1780505032258586143   1780505032264000000   1780505032264531345
robot_3           1780505032254736868   1780505032254814780   1780505032265000000   1780505032265943461
robot_9           1780505032257012890   1780505032257141354   1780505032265000000   1780505032265984907
robot_1           1780505032256682621   1780505032256847957   1780505032265000000   1780505032265993561
robot_7           1780505032283245758   1780505032283404204   1780505032294000000   1780505032294776913
robot_5           1780505032293952134   1780505032294079078   1780505032304000000   1780505032304761361
robot_2           1780505032295217771   1780505032295350759   1780505032305000000   1780505032306194954
robot_8           1780505032314929627   1780505032315072284   1780505032325000000   1780505032326429125
robot_6           1780505032324235291   1780505032324368186   1780505032334000000   1780505032334971817
robot_10          1780505032322816895   1780505032322931652   1780505032334000000   1780505032335032733
robot_4           1780505032358562451   1780505032358687678   1780505032364000000   1780505032365154703
robot_3           1780505032354714160   1780505032354819200   1780505032366000000   1780505032366579964
robot_1           1780505032356756227   1780505032356914778   1780505032366000000   1780505032366698651
robot_9           1780505032357027298   1780505032357179295   1780505032366000000   1780505032366713686
robot_7           1780505032383169382   1780505032383690093   1780505032394000000   1780505032395259611
robot_5           1780505032393962534   1780505032394100276   1780505032404000000   1780505032405467552
robot_2           1780505032394996291   1780505032395130556   1780505032406000000   1780505032407054797
robot_8           1780505032414954991   1780505032415639315   1780505032426000000   1780505032427176538
robot_10          1780505032422724369   1780505032422832895   1780505032435000000   1780505032435679092
robot_6           1780505032424126793   1780505032424476399   1780505032435000000   1780505032435769539
robot_4           1780505032458447822   1780505032458581892   1780505032465000000   1780505032465800693
robot_3           1780505032454674422   1780505032454886960   1780505032467000000   1780505032467308417
robot_9           1780505032457046986   1780505032457166741   1780505032467000000   1780505032467429806
robot_1           1780505032456685803   1780505032456813573   1780505032467000000   1780505032467442955
robot_7           1780505032483301998   1780505032483419795   1780505032495000000   1780505032496071990
robot_5           1780505032494040607   1780505032494187539   1780505032505000000   1780505032506005383
robot_2           1780505032495115312   1780505032495254702   1780505032507000000   1780505032507640130
robot_8           1780505032514970073   1780505032515099129   1780505032527000000   1780505032527957799
robot_6           1780505032524160747   1780505032524303090   1780505032535000000   1780505032536205651
robot_10          1780505032523049696   1780505032525032068   1780505032535000000   1780505032536278311
robot_3           1780505032554643333   1780505032554786508   1780505032557000000   1780505032558062490
robot_4           1780505032558500415   1780505032558633396   1780505032565000000   1780505032566385752
robot_9           1780505032557031286   1780505032557211886   1780505032567000000   1780505032568473941
robot_1           1780505032556625726   1780505032560512951   1780505032567000000   1780505032568557381
robot_7           1780505032583258456   1780505032583425685   1780505032596000000   1780505032596723316
robot_5           1780505032593756182   1780505032606943867   1780505032616000000   1780505032616646941
robot_2           1780505032595350861   1780505032606636204   1780505032618000000   1780505032618496557
robot_8           1780505032615005763   1780505032615160989   1780505032618000000   1780505032618620114
robot_6           1780505032624137315   1780505032624265473   1780505032636000000   1780505032636901914
robot_10          1780505032622821281   1780505032622937538   1780505032636000000   1780505032636954083
robot_3           1780505032654906641   1780505032654974965   1780505032658000000   1780505032658865729
robot_4           1780505032658504946   1780505032658627898   1780505032666000000   1780505032667113434
robot_9           1780505032657073665   1780505032657233226   1780505032668000000   1780505032668839639
robot_1           1780505032656836013   1780505032656969786   1780505032668000000   1780505032668884343
robot_7           1780505032683248231   1780505032683406299   1780505032696000000   1780505032697377989
robot_2           1780505032695119046   1780505032695238481   1780505032698000000   1780505032699061464
robot_5           1780505032693952248   1780505032694079844   1780505032706000000   1780505032707448766
robot_8           1780505032714981257   1780505032715114963   1780505032718000000   1780505032719351805
robot_10          1780505032722883511   1780505032723014277   1780505032737000000   1780505032737733228
robot_6           1780505032724181019   1780505032724326062   1780505032737000000   1780505032737798789
robot_3           1780505032754662678   1780505032754754861   1780505032759000000   1780505032759561244
robot_4           1780505032758538196   1780505032758674275   1780505032767000000   1780505032768154923
robot_9           1780505032757024283   1780505032757166567   1780505032769000000   1780505032769572072
robot_1           1780505032756825433   1780505032756986805   1780505032769000000   1780505032769625779
robot_7           1780505032783184406   1780505032783985203   1780505032797000000   1780505032798127852
robot_2           1780505032795170393   1780505032795286107   1780505032799000000   1780505032799858157
robot_5           1780505032793958787   1780505032794132711   1780505032807000000   1780505032808490841
robot_8           1780505032815066026   1780505032815722408   1780505032819000000   1780505032820035400
robot_10          1780505032822838958   1780505032822953870   1780505032827000000   1780505032828380386
robot_6           1780505032824155030   1780505032824802713   1780505032837000000   1780505032838647914
robot_1           1780505032856730619   1780505032856849344   1780505032859000000   1780505032860346088
robot_3           1780505032854786632   1780505032854853803   1780505032859000000   1780505032860416137
robot_9           1780505032856995609   1780505032857122792   1780505032859000000   1780505032860498029
robot_4           1780505032858452032   1780505032858586447   1780505032868000000   1780505032868635657
robot_7           1780505032883220791   1780505032883345392   1780505032888000000   1780505032889013596
robot_2           1780505032895037742   1780505032895189448   1780505032900000000   1780505032900615160
robot_5           1780505032893966745   1780505032894095093   1780505032908000000   1780505032908874042
robot_8           1780505032914996943   1780505032915123663   1780505032920000000   1780505032920840119
robot_10          1780505032922983323   1780505032925633145   1780505032938000000   1780505032939249377
robot_6           1780505032924128787   1780505032924250978   1780505032938000000   1780505032939306470
robot_3           1780505032954632413   1780505032954846877   1780505032960000000   1780505032961113458
robot_9           1780505032956930189   1780505032957047603   1780505032960000000   1780505032961258548
robot_4           1780505032958475130   1780505032958606220   1780505032968000000   1780505032969509758
robot_1           1780505032956663538   1780505032960351637   1780505032970000000   1780505032971092370
robot_7           1780505032983209031   1780505032983324844   1780505032989000000   1780505032989536685
robot_5           1780505032993782840   1780505033002324334   1780505033009000000   1780505033009710512
robot_2           1780505032995283825   1780505033002413718   1780505033010000000   1780505033011287202
robot_8           1780505033015073932   1780505033015196888   1780505033020000000   1780505033021425471
robot_10          1780505033022780570   1780505033022971970   1780505033029000000   1780505033029835364
robot_6           1780505033024136833   1780505033024280380   1780505033029000000   1780505033030032229
robot_3           1780505033054879406   1780505033054951371   1780505033061000000   1780505033061740966
robot_1           1780505033056704790   1780505033056821853   1780505033061000000   1780505033061832335
robot_9           1780505033057169093   1780505033057326985   1780505033061000000   1780505033061917957
robot_4           1780505033058571246   1780505033062173730   1780505033069000000   1780505033070479680
robot_7           1780505033083299377   1780505033083443830   1780505033089000000   1780505033090430554
robot_5           1780505033094022592   1780505033094172005   1780505033099000000   1780505033100474608
robot_2           1780505033095151547   1780505033095303653   1780505033101000000   1780505033102057506
robot_8           1780505033114965217   1780505033115096587   1780505033121000000   1780505033122293635
robot_10          1780505033123008503   1780505033123192872   1780505033130000000   1780505033130888184
robot_6           1780505033124198111   1780505033124336844   1780505033130000000   1780505033130992192
robot_3           1780505033154870705   1780505033154970481   1780505033161000000   1780505033162700039
robot_1           1780505033156702297   1780505033156833739   1780505033161000000   1780505033162780607
robot_9           1780505033157176183   1780505033157365599   1780505033162000000   1780505033162882554
robot_4           1780505033158613158   1780505033158767239   1780505033170000000   1780505033170955823
robot_7           1780505033183187046   1780505033184133926   1780505033190000000   1780505033191011382
robot_5           1780505033193995825   1780505033194151346   1780505033200000000   1780505033201148096
robot_2           1780505033194990980   1780505033195108185   1780505033202000000   1780505033202612346
robot_8           1780505033215065458   1780505033215730600   1780505033222000000   1780505033222826349
robot_6           1780505033224155188   1780505033224492912   1780505033230000000   1780505033231222604
robot_10          1780505033222827577   1780505033222954775   1780505033230000000   1780505033231274849
robot_1           1780505033256665475   1780505033256761843   1780505033262000000   1780505033263077434
robot_3           1780505033254794882   1780505033254891448   1780505033262000000   1780505033263136625
robot_9           1780505033256952642   1780505033257075686   1780505033262000000   1780505033263146297
robot_4           1780505033258458438   1780505033258592676   1780505033271000000   1780505033271568143
robot_7           1780505033283213125   1780505033283342049   1780505033291000000   1780505033291775398
robot_5           1780505033294029877   1780505033294204481   1780505033301000000   1780505033301801991
robot_2           1780505033295047377   1780505033295186895   1780505033302000000   1780505033303221438
robot_8           1780505033315040550   1780505033315160338   1780505033323000000   1780505033323548647
robot_10          1780505033322954297   1780505033325202055   1780505033331000000   1780505033332000371
robot_6           1780505033324276414   1780505033324417177   1780505033331000000   1780505033332076844
robot_1           1780505033356622757   1780505033360368453   1780505033363000000   1780505033363728779
robot_3           1780505033354765513   1780505033354838616   1780505033363000000   1780505033363797247
robot_9           1780505033356948741   1780505033357075885   1780505033363000000   1780505033363817659
robot_4           1780505033358492837   1780505033358628717   1780505033371000000   1780505033372418511
robot_7           1780505033383190589   1780505033383309987   1780505033391000000   1780505033392399917
robot_5           1780505033393834325   1780505033402925366   1780505033412000000   1780505033412737327
robot_2           1780505033395183533   1780505033401765470   1780505033413000000   1780505033414001969
robot_8           1780505033415010737   1780505033415149312   1780505033423000000   1780505033424119259
robot_10          1780505033422759735   1780505033422883791   1780505033432000000   1780505033432746386
robot_6           1780505033424156943   1780505033424302104   1780505033432000000   1780505033432835856
robot_1           1780505033456928554   1780505033457130068   1780505033463000000   1780505033464433073
robot_3           1780505033454772213   1780505033454925805   1780505033463000000   1780505033464485843
robot_9           1780505033457106125   1780505033457275400   1780505033464000000   1780505033464495481
robot_4           1780505033458473720   1780505033458598006   1780505033472000000   1780505033473075366
robot_7           1780505033483222748   1780505033483389264   1780505033492000000   1780505033493191749
robot_5           1780505033493967934   1780505033494103571   1780505033502000000   1780505033503236714
robot_2           1780505033495101983   1780505033495232506   1780505033504000000   1780505033504604226
robot_8           1780505033514924485   1780505033515042905   1780505033524000000   1780505033524853189
robot_6           1780505033524147035   1780505033524283051   1780505033532000000   1780505033533460046
robot_10          1780505033522803091   1780505033522957024   1780505033532000000   1780505033533521449
robot_4           1780505033558519543   1780505033558647902   1780505033563000000   1780505033563715112
robot_3           1780505033554623671   1780505033554695416   1780505033564000000   1780505033565005190
robot_1           1780505033556765053   1780505033556911420   1780505033564000000   1780505033565053834
robot_9           1780505033557021157   1780505033557159047   1780505033564000000   1780505033565129043
robot_7           1780505033583187353   1780505033583648299   1780505033593000000   1780505033593916381
robot_5           1780505033594006203   1780505033594156141   1780505033603000000   1780505033603997433
robot_2           1780505033595053033   1780505033595179177   1780505033604000000   1780505033605188797
robot_8           1780505033614942446   1780505033615251955   1780505033625000000   1780505033625502316
robot_6           1780505033624114803   1780505033624740771   1780505033633000000   1780505033634264002
robot_10          1780505033622775492   1780505033622900274   1780505033633000000   1780505033634323779
robot_4           1780505033658457892   1780505033658579631   1780505033663000000   1780505033664491004
robot_3           1780505033654744161   1780505033654867743   1780505033665000000   1780505033665719021
robot_9           1780505033657026541   1780505033657146347   1780505033665000000   1780505033665734417
robot_1           1780505033656664980   1780505033656784381   1780505033665000000   1780505033665743348
robot_7           1780505033683207743   1780505033683332230   1780505033694000000   1780505033694756627
robot_5           1780505033694052866   1780505033694204631   1780505033704000000   1780505033704779294
robot_2           1780505033695214161   1780505033695395987   1780505033705000000   1780505033706181741
robot_8           1780505033714961766   1780505033715099376   1780505033725000000   1780505033726296824
robot_6           1780505033724139186   1780505033724271286   1780505033734000000   1780505033735018120
robot_10          1780505033722975271   1780505033725006464   1780505033734000000   1780505033735075862
robot_4           1780505033758456910   1780505033758586186   1780505033764000000   1780505033765158005
robot_3           1780505033754685991   1780505033754754774   1780505033766000000   1780505033766552308
robot_1           1780505033756634949   1780505033760797171   1780505033766000000   1780505033766594828
robot_9           1780505033756971845   1780505033757097498   1780505033766000000   1780505033766699702
robot_7           1780505033783225258   1780505033783371458   1780505033794000000   1780505033795456141
robot_2           1780505033795254935   1780505033802500695   1780505033806000000   1780505033806944973
robot_5           1780505033793841444   1780505033802742251   1780505033815000000   1780505033815564497
robot_8           1780505033815042543   1780505033815171021   1780505033826000000   1780505033827060288
robot_10          1780505033822750124   1780505033822905299   1780505033835000000   1780505033835646416
robot_6           1780505033824154567   1780505033824276783   1780505033835000000   1780505033835760132
robot_3           1780505033854682902   1780505033854744058   1780505033866000000   1780505033867404359
robot_9           1780505033857025495   1780505033857149432   1780505033866000000   1780505033867462994
robot_1           1780505033856697102   1780505033856816512   1780505033866000000   1780505033867480349
robot_4           1780505033858516177   1780505033860724085   1780505033875000000   1780505033876129395
robot_7           1780505033883252747   1780505033883392156   1780505033895000000   1780505033896075527
robot_5           1780505033893959668   1780505033894084345   1780505033905000000   1780505033906158309
robot_2           1780505033895055010   1780505033895177197   1780505033907000000   1780505033907569193
robot_8           1780505033914922044   1780505033915042663   1780505033917000000   1780505033917770666
robot_6           1780505033924132308   1780505033924265804   1780505033935000000   1780505033936422510
robot_10          1780505033922893370   1780505033923005686   1780505033935000000   1780505033936478491
robot_3           1780505033954882389   1780505033955014200   1780505033957000000   1780505033958073583
robot_4           1780505033958550170   1780505033958690180   1780505033966000000   1780505033966590116
robot_9           1780505033957115398   1780505033957251046   1780505033967000000   1780505033968071682
robot_1           1780505033956799485   1780505033956972916   1780505033967000000   1780505033968119070
robot_7           1780505033983171554   1780505033983485573   1780505033996000000   1780505033996757523
robot_2           1780505033995042242   1780505033995162383   1780505033997000000   1780505033998128037
robot_5           1780505033993928068   1780505033994044613   1780505034006000000   1780505034007076186
robot_8           1780505034015020988   1780505034015279465   1780505034017000000   1780505034018393022
robot_10          1780505034022789313   1780505034022903817   1780505034036000000   1780505034037404080
robot_6           1780505034024113440   1780505034024409683   1780505034036000000   1780505034037462347
robot_3           1780505034054742022   1780505034054846404   1780505034058000000   1780505034058702664
robot_4           1780505034058501917   1780505034058652891   1780505034066000000   1780505034067381639
robot_9           1780505034057002228   1780505034057127720   1780505034068000000   1780505034068666070
robot_1           1780505034056636205   1780505034056764454   1780505034068000000   1780505034068707705
robot_7           1780505034083219316   1780505034083332679   1780505034097000000   1780505034097684949
robot_2           1780505034095202927   1780505034095354122   1780505034098000000   1780505034099102151
robot_5           1780505034093954948   1780505034094107913   1780505034107000000   1780505034107737662
robot_8           1780505034114920859   1780505034115060283   1780505034118000000   1780505034119163040
robot_10          1780505034122874751   1780505034129171536   1780505034137000000   1780505034138043751
robot_6           1780505034124153316   1780505034124314446   1780505034137000000   1780505034138100461
robot_3           1780505034154842231   1780505034154919151   1780505034158000000   1780505034159323436
robot_4           1780505034158453070   1780505034158577671   1780505034167000000   1780505034168646616
robot_9           1780505034156941729   1780505034157060474   1780505034168000000   1780505034169417777
robot_1           1780505034156638746   1780505034161026238   1780505034168000000   1780505034169493275
robot_7           1780505034183190011   1780505034183318049   1780505034197000000   1780505034198642531
robot_2           1780505034195257696   1780505034202009508   1780505034209000000   1780505034209684168
robot_5           1780505034193755123   1780505034206128298   1780505034218000000   1780505034218615897
robot_8           1780505034215043111   1780505034215162684   1780505034219000000   1780505034219596241
robot_10          1780505034222819341   1780505034222940357   1780505034228000000   1780505034228569154
robot_6           1780505034224170339   1780505034224298629   1780505034238000000   1780505034238757171
robot_1           1780505034256695797   1780505034256843728   1780505034259000000   1780505034259969170
robot_3           1780505034254833012   1780505034254923446   1780505034259000000   1780505034260024886
robot_9           1780505034257059999   1780505034257202732   1780505034259000000   1780505034260037709
robot_4           1780505034258477641   1780505034258670092   1780505034268000000   1780505034268991274
robot_7           1780505034283254378   1780505034283393443   1780505034288000000   1780505034289072625
robot_2           1780505034295158469   1780505034295283140   1780505034299000000   1780505034300266981
robot_5           1780505034293956514   1780505034294085101   1780505034308000000   1780505034309163693
robot_8           1780505034315017573   1780505034315160086   1780505034319000000   1780505034320412995
robot_10          1780505034322820548   1780505034322936869   1780505034328000000   1780505034329469331
robot_6           1780505034324137170   1780505034324264325   1780505034339000000   1780505034339515990
robot_1           1780505034356827580   1780505034356983825   1780505034360000000   1780505034360765960
robot_3           1780505034354666672   1780505034354734896   1780505034360000000   1780505034360850580
robot_9           1780505034357095841   1780505034357234108   1780505034360000000   1780505034360866097
robot_4           1780505034358504850   1780505034358625844   1780505034369000000   1780505034369722354
robot_7           1780505034383246903   1780505034383973043   1780505034389000000   1780505034389794275
robot_5           1780505034394006505   1780505034394141526   1780505034399000000   1780505034399936374
robot_2           1780505034395075349   1780505034395189841   1780505034400000000   1780505034400891552
robot_8           1780505034415104038   1780505034415222490   1780505034420000000   1780505034421182099
robot_10          1780505034422816177   1780505034422937022   1780505034429000000   1780505034430162376
robot_6           1780505034424131560   1780505034424823330   1780505034439000000   1780505034440600353
robot_3           1780505034454715030   1780505034454782825   1780505034461000000   1780505034461426058
robot_1           1780505034456687872   1780505034456809306   1780505034460000000   1780505034461499181
robot_9           1780505034456988568   1780505034457108428   1780505034461000000   1780505034461561170
robot_4           1780505034458482249   1780505034458618502   1780505034469000000   1780505034470424974
robot_7           1780505034483268298   1780505034483430494   1780505034490000000   1780505034490764394
robot_5           1780505034493980807   1780505034494124423   1780505034500000000   1780505034500654275
robot_2           1780505034495252206   1780505034495407365   1780505034501000000   1780505034501602724
robot_8           1780505034514952180   1780505034515083452   1780505034521000000   1780505034522031248
robot_6           1780505034524185762   1780505034524333057   1780505034530000000   1780505034531006972
robot_10          1780505034523049078   1780505034525136906   1780505034540000000   1780505034541111744
robot_3           1780505034554740345   1780505034554850991   1780505034561000000   1780505034562126854
robot_9           1780505034556935910   1780505034557055071   1780505034561000000   1780505034562257823
robot_4           1780505034558469703   1780505034558594398   1780505034570000000   1780505034571336751
robot_1           1780505034556610490   1780505034560780702   1780505034571000000   1780505034572134631
robot_7           1780505034583215859   1780505034583345593   1780505034590000000   1780505034591337838
robot_5           1780505034593770855   1780505034601900468   1780505034611000000   1780505034611479271
robot_2           1780505034595156467   1780505034605637299   1780505034611000000   1780505034612325947
robot_8           1780505034614950677   1780505034615100435   1780505034622000000   1780505034622565882
robot_6           1780505034624151537   1780505034624293212   1780505034631000000   1780505034631632307
robot_10          1780505034622895401   1780505034623039075   1780505034631000000   1780505034631712819
robot_1           1780505034656731287   1780505034656878527   1780505034662000000   1780505034662740180
robot_3           1780505034654860751   1780505034654964206   1780505034662000000   1780505034662801240
robot_9           1780505034657075859   1780505034657211867   1780505034662000000   1780505034662884041
robot_4           1780505034658476031   1780505034658611885   1780505034671000000   1780505034671887149
robot_7           1780505034683230882   1780505034683367680   1780505034691000000   1780505034692154187
robot_5           1780505034693988144   1780505034694144959   1780505034701000000   1780505034702205225
robot_2           1780505034695034560   1780505034695160047   1780505034702000000   1780505034702982415
robot_8           1780505034714929767   1780505034715051630   1780505034722000000   1780505034723296108
robot_6           1780505034724173825   1780505034724304732   1780505034731000000   1780505034732482985
robot_10          1780505034722828823   1780505034722959747   1780505034731000000   1780505034732712657
robot_3           1780505034754659642   1780505034754764171   1780505034763000000   1780505034763608561
robot_9           1780505034757105120   1780505034757264190   1780505034763000000   1780505034763664803
robot_1           1780505034756701911   1780505034756870313   1780505034763000000   1780505034763697950
robot_4           1780505034758571298   1780505034758711128   1780505034772000000   1780505034772713365
robot_7           1780505034783161897   1780505034784161819   1780505034792000000   1780505034792881789
robot_5           1780505034794035208   1780505034794187311   1780505034802000000   1780505034802869746
robot_2           1780505034795058936   1780505034795195340   1780505034803000000   1780505034803772170
robot_8           1780505034814938407   1780505034815752428   1780505034823000000   1780505034823991263
robot_10          1780505034822761355   1780505034822890040   1780505034832000000   1780505034833076684
robot_6           1780505034824201693   1780505034824501487   1780505034832000000   1780505034833148628
robot_1           1780505034856717079   1780505034856846929   1780505034863000000   1780505034864369422
robot_3           1780505034854778135   1780505034854874170   1780505034863000000   1780505034864446653
robot_9           1780505034857075050   1780505034857201514   1780505034863000000   1780505034864526915
robot_4           1780505034858439712   1780505034858560579   1780505034872000000   1780505034873385334
robot_7           1780505034883241292   1780505034883365365   1780505034893000000   1780505034893571647
robot_5           1780505034894100854   1780505034894261370   1780505034903000000   1780505034903607454
robot_2           1780505034895233582   1780505034895390936   1780505034904000000   1780505034904396316
robot_8           1780505034915016676   1780505034915136054   1780505034924000000   1780505034924758507
robot_6           1780505034924147939   1780505034924290049   1780505034933000000   1780505034933803206
robot_10          1780505034922892918   1780505034925780230   1780505034933000000   1780505034933875531
robot_3           1780505034954732297   1780505034954798937   1780505034964000000   1780505034964987126
robot_9           1780505034956962992   1780505034957092468   1780505034964000000   1780505034965040074
robot_1           1780505034956685718   1780505034961351331   1780505034964000000   1780505034965049456
robot_4           1780505034958509577   1780505034958643474   1780505034973000000   1780505034974238256
robot_7           1780505034983220402   1780505034983361643   1780505034993000000   1780505034994355254
robot_2           1780505034995336036   1780505035002053145   1780505035004000000   1780505035005333341
robot_5           1780505034993778759   1780505035006736866   1780505035013000000   1780505035014482434
robot_8           1780505035015068763   1780505035015191536   1780505035024000000   1780505035025349760
robot_6           1780505035024250780   1780505035024420661   1780505035034000000   1780505035034553479
robot_10          1780505035022887941   1780505035023021447   1780505035034000000   1780505035034611076
robot_4           1780505035058627629   1780505035058760583   1780505035064000000   1780505035064892238
robot_3           1780505035054882974   1780505035054998833   1780505035065000000   1780505035065638825
robot_1           1780505035056829831   1780505035057024557   1780505035065000000   1780505035065690035
robot_9           1780505035057092699   1780505035057263992   1780505035065000000   1780505035065798260
robot_7           1780505035083329549   1780505035083853993   1780505035094000000   1780505035095431831
robot_5           1780505035094126735   1780505035094282660   1780505035104000000   1780505035105638965
robot_2           1780505035095415226   1780505035095597084   1780505035106000000   1780505035107208701
robot_8           1780505035115148836   1780505035115392952   1780505035126000000   1780505035127046894
robot_10          1780505035122998835   1780505035123161244   1780505035135000000   1780505035136909914
robot_6           1780505035124384979   1780505035124570931   1780505035135000000   1780505035137169905
robot_1           1780505035157645618   1780505035157950446   1780505035167000000   1780505035167737449
robot_9           1780505035157532946   1780505035158017547   1780505035167000000   1780505035169043297
robot_3           1780505035155852576   1780505035157045589   1780505035167000000   1780505035169109550
robot_4           1780505035161487408   1780505035161786340   1780505035175000000   1780505035176359401
robot_2           1780505035195077817   1780505035195279096   1780505035197000000   1780505035198001274
robot_7           1780505035183486654   1780505035186825154   1780505035197000000   1780505035199602402
robot_5           1780505035194456747   1780505035194625999   1780505035207000000   1780505035211631894
robot_10          1780505035222994690   1780505035223140344   1780505035238000000   1780505035239929321
robot_8           1780505035215091489   1780505035227212376   1780505035240000000   1780505035240895193
robot_6           1780505035224289758   1780505035231476786   1780505035250000000   1780505035251717286
robot_4           1780505035259114085   1780505035259900394   1780505035269000000   1780505035270368424
robot_3           1780505035257509767   1780505035257697399   1780505035270000000   1780505035271338761
robot_1           1780505035256890299   1780505035257098978   1780505035270000000   1780505035271589277
robot_9           1780505035257231049   1780505035262137133   1780505035270000000   1780505035271627671
robot_7           1780505035283696014   1780505035283893937   1780505035299000000   1780505035300908865
robot_2           1780505035295440548   1780505035295626957   1780505035301000000   1780505035302638324
robot_5           1780505035294202454   1780505035294535791   1780505035309000000   1780505035310790717
robot_8           1780505035315666285   1780505035315925734   1780505035330000000   1780505035331720396
robot_10          1780505035323006480   1780505035327742651   1780505035339000000   1780505035340671566
robot_6           1780505035324320069   1780505035324506241   1780505035340000000   1780505035340754065
robot_3           1780505035354836453   1780505035354952714   1780505035361000000   1780505035362049652
robot_4           1780505035358706703   1780505035358880178   1780505035370000000   1780505035371123972
robot_9           1780505035357007880   1780505035357155638   1780505035371000000   1780505035373632382
robot_1           1780505035356898505   1780505035366346190   1780505035381000000   1780505035382032841
robot_7           1780505035383545951   1780505035383718315   1780505035400000000   1780505035401395912
robot_2           1780505035395703759   1780505035405416771   1780505035412000000   1780505035413156817
robot_5           1780505035394192835   1780505035408468947   1780505035420000000   1780505035421668989
robot_8           1780505035415131967   1780505035415302291   1780505035422000000   1780505035423492931
robot_10          1780505035423077475   1780505035424114188   1780505035441000000   1780505035441819777
robot_6           1780505035424430589   1780505035424609297   1780505035441000000   1780505035443296221
robot_1           1780505035456888416   1780505035457062907   1780505035463000000   1780505035463673616
robot_9           1780505035457174730   1780505035457923100   1780505035473000000   1780505035474715423
robot_3           1780505035456377797   1780505035458408933   1780505035473000000   1780505035474894197
robot_4           1780505035459509294   1780505035469636544   1780505035481000000   1780505035482917660
robot_7           1780505035483630901   1780505035483819567   1780505035501000000   1780505035503175271
robot_2           1780505035495635662   1780505035495792925   1780505035503000000   1780505035503997238
robot_5           1780505035493992157   1780505035494155047   1780505035511000000   1780505035512882926
robot_8           1780505035515137170   1780505035515328517   1780505035523000000   1780505035524764182
robot_10          1780505035523020708   1780505035523240205   1780505035531000000   1780505035532811772
robot_6           1780505035524490616   1780505035524733584   1780505035542000000   1780505035542981590
robot_1           1780505035556824628   1780505035557050534   1780505035564000000   1780505035565839654
robot_3           1780505035554718225   1780505035554926324   1780505035564000000   1780505035565936755
robot_4           1780505035558710826   1780505035558879629   1780505035572000000   1780505035573146712
robot_9           1780505035557162268   1780505035557348055   1780505035574000000   1780505035575015868
robot_7           1780505035583771129   1780505035589855021   1780505035602000000   1780505035603044488
robot_5           1780505035594205033   1780505035594416526   1780505035602000000   1780505035603101839
robot_2           1780505035595243223   1780505035595426869   1780505035604000000   1780505035604820924
robot_10          1780505035622872021   1780505035622998936   1780505035632000000   1780505035633203939
robot_8           1780505035615031490   1780505035620096623   1780505035634000000   1780505035635190933
robot_6           1780505035624201490   1780505035629690289   1780505035642000000   1780505035643372269
robot_1           1780505035656737737   1780505035656853156   1780505035664000000   1780505035665354504
robot_3           1780505035654866318   1780505035654962280   1780505035664000000   1780505035665409651
robot_9           1780505035656965177   1780505035657087426   1780505035664000000   1780505035665418509
robot_4           1780505035658456762   1780505035658592195   1780505035673000000   1780505035673489471
robot_7           1780505035683210166   1780505035683335915   1780505035693000000   1780505035693621536
robot_5           1780505035694004995   1780505035694139621   1780505035703000000   1780505035703723284
robot_2           1780505035695016923   1780505035695145662   1780505035705000000   1780505035705600546
robot_8           1780505035715034262   1780505035715229850   1780505035725000000   1780505035725754009
robot_6           1780505035724163659   1780505035724291923   1780505035733000000   1780505035733958810
robot_10          1780505035722795264   1780505035728828342   1780505035743000000   1780505035744063783
robot_3           1780505035754711600   1780505035754819367   1780505035765000000   1780505035766435443
robot_9           1780505035757011184   1780505035757143706   1780505035765000000   1780505035766508516
robot_4           1780505035758467723   1780505035758614254   1780505035773000000   1780505035774193127
robot_1           1780505035756681541   1780505035760694131   1780505035775000000   1780505035776170780
robot_7           1780505035783181797   1780505035783286624   1780505035793000000   1780505035794412351
robot_5           1780505035793792471   1780505035802043423   1780505035814000000   1780505035814572034
robot_2           1780505035795377487   1780505035801897914   1780505035815000000   1780505035816311003
robot_8           1780505035815033210   1780505035815191767   1780505035826000000   1780505035826471132
robot_10          1780505035822736672   1780505035822851767   1780505035834000000   1780505035834715241
robot_6           1780505035824150181   1780505035824293932   1780505035834000000   1780505035834776092
robot_1           1780505035856786500   1780505035856937399   1780505035866000000   1780505035866817766
robot_3           1780505035854610484   1780505035854657462   1780505035866000000   1780505035866870608
robot_9           1780505035857051335   1780505035857197566   1780505035866000000   1780505035866886568
robot_4           1780505035858485990   1780505035861189785   1780505035874000000   1780505035875158289
robot_7           1780505035883289337   1780505035883451840   1780505035894000000   1780505035895358155
robot_5           1780505035894013015   1780505035894161205   1780505035904000000   1780505035905300735
robot_2           1780505035895297635   1780505035895475503   1780505035906000000   1780505035907056219
robot_8           1780505035915008031   1780505035915133733   1780505035926000000   1780505035927438212
robot_10          1780505035922929112   1780505035923054347   1780505035934000000   1780505035935496578
robot_6           1780505035924136666   1780505035924278036   1780505035934000000   1780505035935671530
robot_1           1780505035956665710   1780505035956795243   1780505035967000000   1780505035967754184
robot_3           1780505035954653864   1780505035954717552   1780505035967000000   1780505035967850515
robot_9           1780505035957010544   1780505035957173674   1780505035967000000   1780505035967987899
robot_4           1780505035958497631   1780505035958633136   1780505035975000000   1780505035975634188
robot_7           1780505035983195081   1780505035983514538   1780505035995000000   1780505035995773822
robot_5           1780505035993965170   1780505035994113871   1780505036005000000   1780505036005912194
robot_2           1780505035995184781   1780505035995308733   1780505036007000000   1780505036008005329
robot_8           1780505036015087841   1780505036015221836   1780505036027000000   1780505036028111265
robot_6           1780505036024115756   1780505036024964212   1780505036035000000   1780505036036215784
robot_10          1780505036022717850   1780505036022832874   1780505036035000000   1780505036036283717
robot_3           1780505036054786082   1780505036054884300   1780505036067000000   1780505036068367652
robot_9           1780505036056986669   1780505036057107755   1780505036067000000   1780505036068421572
robot_1           1780505036056648931   1780505036056741079   1780505036067000000   1780505036068433693
robot_4           1780505036058515143   1780505036058636525   1780505036075000000   1780505036076354159
robot_7           1780505036083217803   1780505036083361411   1780505036096000000   1780505036096509672
robot_5           1780505036094008327   1780505036094164088   1780505036106000000   1780505036106617581
robot_2           1780505036095022104   1780505036095162003   1780505036108000000   1780505036108509312
robot_8           1780505036114978962   1780505036115105621   1780505036128000000   1780505036128741445
robot_10          1780505036122865147   1780505036125104685   1780505036136000000   1780505036136828224
robot_6           1780505036124162878   1780505036124301389   1780505036136000000   1780505036136886294
robot_4           1780505036158480340   1780505036158609399   1780505036166000000   1780505036167140980
robot_1           1780505036156642270   1780505036160489047   1780505036168000000   1780505036169331925
robot_3           1780505036154676872   1780505036154798646   1780505036168000000   1780505036169409439
robot_9           1780505036156966048   1780505036157098243   1780505036168000000   1780505036169424276
robot_7           1780505036183268697   1780505036183404172   1780505036196000000   1780505036197530967
robot_2           1780505036195314004   1780505036202098912   1780505036208000000   1780505036209384288
robot_5           1780505036193774874   1780505036202674473   1780505036216000000   1780505036217471175
robot_8           1780505036214988117   1780505036215111818   1780505036229000000   1780505036229465541
robot_10          1780505036222767150   1780505036222889474   1780505036237000000   1780505036237582906
robot_6           1780505036224147631   1780505036224275202   1780505036237000000   1780505036237633794
robot_4           1780505036258465064   1780505036258599246   1780505036267000000   1780505036267791046
robot_3           1780505036254697869   1780505036254848911   1780505036269000000   1780505036269718908
robot_1           1780505036256726640   1780505036256849561   1780505036269000000   1780505036269769111
robot_9           1780505036257137082   1780505036257268024   1780505036269000000   1780505036269845786
robot_7           1780505036283240273   1780505036283390446   1780505036297000000   1780505036298038495
robot_5           1780505036294038035   1780505036294177776   1780505036307000000   1780505036308132048
robot_2           1780505036295140341   1780505036295264584   1780505036309000000   1780505036310058522
robot_8           1780505036314981781   1780505036315102228   1780505036329000000   1780505036330351976
robot_6           1780505036324130199   1780505036324262121   1780505036337000000   1780505036338342105
robot_10          1780505036322792328   1780505036322911873   1780505036337000000   1780505036338396654
robot_3           1780505036354649612   1780505036354720729   1780505036360000000   1780505036360555715
robot_4           1780505036358526918   1780505036358677264   1780505036368000000   1780505036368498881
robot_9           1780505036357096395   1780505036357250569   1780505036370000000   1780505036370531095
robot_1           1780505036356801436   1780505036356968961   1780505036370000000   1780505036370587693
robot_7           1780505036383186250   1780505036383914386   1780505036398000000   1780505036398676404
robot_2           1780505036395026163   1780505036395154336   1780505036400000000   1780505036400788189
robot_5           1780505036393978345   1780505036394117767   1780505036408000000   1780505036408987540
robot_8           1780505036415026740   1780505036415496809   1780505036430000000   1780505036431070646
robot_10          1780505036422781557   1780505036422894154   1780505036438000000   1780505036439173571
robot_6           1780505036424161841   1780505036424924674   1780505036438000000   1780505036439241179
robot_3           1780505036454793116   1780505036454891942   1780505036460000000   1780505036461247719
robot_4           1780505036458534766   1780505036458688830   1780505036468000000   1780505036469267087
robot_9           1780505036457058345   1780505036457179693   1780505036470000000   1780505036471319957
robot_1           1780505036456657826   1780505036456732906   1780505036470000000   1780505036471386984
robot_7           1780505036483213216   1780505036483328415   1780505036498000000   1780505036499494571
robot_2           1780505036495145654   1780505036495307797   1780505036501000000   1780505036501475676
robot_5           1780505036493990555   1780505036494143105   1780505036509000000   1780505036509518011
robot_8           1780505036514945166   1780505036515084126   1780505036521000000   1780505036521970785
robot_6           1780505036524162090   1780505036524333132   1780505036539000000   1780505036539877015
robot_10          1780505036523008647   1780505036525416812   1780505036539000000   1780505036539931131
robot_3           1780505036554659270   1780505036554740728   1780505036561000000   1780505036562050566
robot_4           1780505036558567586   1780505036558713306   1780505036569000000   1780505036570063231
robot_9           1780505036557034885   1780505036557161475   1780505036571000000   1780505036572051053
robot_1           1780505036556618132   1780505036561053188   1780505036571000000   1780505036572106101
robot_7           1780505036583292674   1780505036583430718   1780505036599000000   1780505036600298618
robot_2           1780505036595345086   1780505036601759800   1780505036611000000   1780505036612428758
robot_5           1780505036593841208   1780505036603625641   1780505036619000000   1780505036620354892
robot_8           1780505036615136197   1780505036615266100   1780505036621000000   1780505036622342624
robot_10          1780505036622865117   1780505036623006830   1780505036640000000   1780505036640539147
robot_6           1780505036624146693   1780505036624285782   1780505036640000000   1780505036640696138
robot_1           1780505036656676730   1780505036656785288   1780505036662000000   1780505036662684774
robot_3           1780505036654735314   1780505036654821030   1780505036662000000   1780505036662762574
robot_9           1780505036657006802   1780505036657140527   1780505036662000000   1780505036662777642
robot_4           1780505036658489976   1780505036660677868   1780505036670000000   1780505036670736086
robot_7           1780505036683249597   1780505036683385925   1780505036700000000   1780505036700917768
robot_2           1780505036695068170   1780505036695184184   1780505036702000000   1780505036702923130
robot_5           1780505036693961466   1780505036694080939   1780505036710000000   1780505036710983393
robot_8           1780505036715027282   1780505036715169436   1780505036722000000   1780505036723204990
robot_10          1780505036722826201   1780505036722959106   1780505036730000000   1780505036731275041
robot_6           1780505036724213426   1780505036724353698   1780505036740000000   1780505036741339196
robot_3           1780505036754720476   1780505036754780378   1780505036763000000   1780505036763827132
robot_9           1780505036757036525   1780505036757164409   1780505036763000000   1780505036763880551
robot_1           1780505036756764101   1780505036756914820   1780505036763000000   1780505036763964274
robot_4           1780505036758554660   1780505036758688098   1780505036770000000   1780505036771444976
robot_7           1780505036783192721   1780505036783652166   1780505036801000000   1780505036801754079
robot_2           1780505036795015361   1780505036795134271   1780505036803000000   1780505036803743479
robot_5           1780505036793999486   1780505036794170728   1780505036811000000   1780505036811743537
robot_8           1780505036814932226   1780505036815242877   1780505036823000000   1780505036823906136
robot_10          1780505036822754265   1780505036822861207   1780505036831000000   1780505036831902305
robot_6           1780505036824273724   1780505036824407079   1780505036841000000   1780505036842624882
robot_9           1780505036856998963   1780505036857114013   1780505036863000000   1780505036864323073
robot_3           1780505036854674619   1780505036854758835   1780505036863000000   1780505036864396979
robot_1           1780505036856710041   1780505036856850219   1780505036863000000   1780505036864408099
robot_4           1780505036858444412   1780505036858594238   1780505036871000000   1780505036872164399
robot_7           1780505036883242518   1780505036883364032   1780505036891000000   1780505036892423516
robot_5           1780505036893954130   1780505036894089877   1780505036901000000   1780505036902417366
robot_2           1780505036895018403   1780505036895137374   1780505036904000000   1780505036904708898
robot_8           1780505036915109717   1780505036915258595   1780505036924000000   1780505036924813463
robot_10          1780505036923002538   1780505036926129734   1780505036942000000   1780505036942673015
robot_6           1780505036924146595   1780505036924286556   1780505036942000000   1780505036942728463
robot_3           1780505036954657469   1780505036954766833   1780505036964000000   1780505036965008667
robot_9           1780505036956968998   1780505036957095199   1780505036964000000   1780505036965061598
robot_4           1780505036958499526   1780505036958646583   1780505036972000000   1780505036972946367
robot_1           1780505036956627083   1780505036960385220   1780505036974000000   1780505036975243902
robot_7           1780505036983208091   1780505036983328542   1780505036992000000   1780505036993079215
robot_2           1780505036995387712   1780505037001868925   1780505037014000000   1780505037015482418
robot_5           1780505036993765992   1780505037006059728   1780505037022000000   1780505037023310233
robot_8           1780505037015016916   1780505037015158339   1780505037024000000   1780505037025281998
robot_10          1780505037022816737   1780505037022938019   1780505037032000000   1780505037033284523
robot_6           1780505037024248378   1780505037024448824   1780505037032000000   1780505037033334615
robot_3           1780505037054750518   1780505037054847439   1780505037065000000   1780505037065679193
robot_9           1780505037057120421   1780505037057280184   1780505037065000000   1780505037065733046
robot_1           1780505037056795901   1780505037056967962   1780505037065000000   1780505037065795621
robot_4           1780505037058459202   1780505037058595656   1780505037073000000   1780505037073699705
robot_7           1780505037083374691   1780505037083562878   1780505037093000000   1780505037093813689
robot_5           1780505037093991580   1780505037094140548   1780505037103000000   1780505037103953739
robot_2           1780505037095128794   1780505037095271250   1780505037105000000   1780505037106171992
robot_8           1780505037114955328   1780505037115071396   1780505037125000000   1780505037126148099
robot_10          1780505037122843254   1780505037122971073   1780505037133000000   1780505037134152248
robot_6           1780505037124126353   1780505037124277199   1780505037133000000   1780505037134208381
robot_3           1780505037154633896   1780505037154722051   1780505037165000000   1780505037166589358
robot_9           1780505037157092183   1780505037157256851   1780505037165000000   1780505037166648817
robot_1           1780505037156798234   1780505037156967277   1780505037166000000   1780505037166872050
robot_4           1780505037158570306   1780505037158705034   1780505037173000000   1780505037174458510
robot_7           1780505037183334283   1780505037184701740   1780505037194000000   1780505037194606385
robot_5           1780505037193981836   1780505037194131278   1780505037204000000   1780505037204690365
robot_2           1780505037195188609   1780505037195334977   1780505037206000000   1780505037206682960
robot_8           1780505037215026545   1780505037215860317   1780505037226000000   1780505037226778977
robot_10          1780505037222803579   1780505037222919858   1780505037234000000   1780505037234889243
robot_6           1780505037224247688   1780505037224605914   1780505037234000000   1780505037234951490
robot_3           1780505037254731687   1780505037254797566   1780505037266000000   1780505037267203159
robot_1           1780505037256701493   1780505037256799033   1780505037266000000   1780505037267257158
robot_9           1780505037257104592   1780505037257245532   1780505037266000000   1780505037267267057
robot_4           1780505037258448691   1780505037258592971   1780505037274000000   1780505037275153060
robot_7           1780505037283200811   1780505037283331103   1780505037294000000   1780505037295377695
robot_5           1780505037294049753   1780505037294195352   1780505037304000000   1780505037305384338
robot_2           1780505037295200199   1780505037295380094   1780505037306000000   1780505037307245259
robot_8           1780505037314991158   1780505037315109943   1780505037327000000   1780505037327551297
robot_10          1780505037322784435   1780505037325799793   1780505037335000000   1780505037335641571
robot_6           1780505037324151587   1780505037324295459   1780505037335000000   1780505037335697973
robot_9           1780505037356965311   1780505037357084482   1780505037367000000   1780505037367992953
robot_3           1780505037354576052   1780505037354659556   1780505037367000000   1780505037368067445
robot_1           1780505037356601999   1780505037360661243   1780505037367000000   1780505037368077610
robot_4           1780505037358502581   1780505037358645417   1780505037375000000   1780505037375968489
robot_7           1780505037383183312   1780505037383316013   1780505037395000000   1780505037396209907
robot_2           1780505037395406216   1780505037401751275   1780505037407000000   1780505037408237920
robot_5           1780505037393871336   1780505037402948798   1780505037415000000   1780505037416104085
robot_8           1780505037415011461   1780505037415158678   1780505037427000000   1780505037428271257
robot_6           1780505037424129721   1780505037424277820   1780505037435000000   1780505037436375031
robot_10          1780505037422749466   1780505037422854969   1780505037435000000   1780505037436446700
robot_3           1780505037454622482   1780505037454885690   1780505037468000000   1780505037468660891
robot_1           1780505037456772154   1780505037456946980   1780505037468000000   1780505037468725158
robot_9           1780505037457150129   1780505037457310755   1780505037468000000   1780505037468735997
robot_4           1780505037458528424   1780505037458646043   1780505037476000000   1780505037476793527
robot_7           1780505037483239712   1780505037483372756   1780505037496000000   1780505037496735417
robot_5           1780505037494050587   1780505037494197498   1780505037506000000   1780505037506887436
robot_2           1780505037495217372   1780505037495377324   1780505037508000000   1780505037508735636
robot_8           1780505037515010015   1780505037515149028   1780505037528000000   1780505037529118418
robot_10          1780505037522838028   1780505037522974585   1780505037536000000   1780505037537233359
robot_6           1780505037524208097   1780505037524360204   1780505037536000000   1780505037537315510
robot_3           1780505037554713013   1780505037554788155   1780505037568000000   1780505037569542004
robot_1           1780505037556762190   1780505037556893779   1780505037568000000   1780505037569601150
robot_9           1780505037557165234   1780505037557346533   1780505037568000000   1780505037569612942
robot_4           1780505037558605014   1780505037558765252   1780505037576000000   1780505037577442882
robot_7           1780505037583228021   1780505037584532514   1780505037597000000   1780505037597683530
robot_5           1780505037594049739   1780505037594205483   1780505037607000000   1780505037607786561
robot_2           1780505037595308188   1780505037595505507   1780505037609000000   1780505037609574813
robot_8           1780505037615027475   1780505037617213441   1780505037629000000   1780505037629664429
robot_10          1780505037622854500   1780505037622977684   1780505037637000000   1780505037637987756
robot_6           1780505037624112569   1780505037626050574   1780505037637000000   1780505037638059652
robot_4           1780505037658453027   1780505037658585233   1780505037667000000   1780505037668089668
robot_9           1780505037657084336   1780505037657217388   1780505037669000000   1780505037670012837
robot_3           1780505037654681204   1780505037654774011   1780505037669000000   1780505037670072763
robot_1           1780505037656725289   1780505037656853593   1780505037669000000   1780505037670085900
robot_7           1780505037683202314   1780505037683317849   1780505037697000000   1780505037698248981
robot_2           1780505037695006453   1780505037695130553   1780505037699000000   1780505037700302860
robot_5           1780505037693940600   1780505037694053138   1780505037707000000   1780505037708377994
robot_8           1780505037714979640   1780505037715157560   1780505037729000000   1780505037730342523
robot_6           1780505037724151636   1780505037724276353   1780505037738000000   1780505037738606331
robot_10          1780505037722815853   1780505037728829860   1780505037738000000   1780505037738657965
robot_3           1780505037754640047   1780505037754859889   1780505037760000000   1780505037760750660
robot_4           1780505037758460122   1780505037758600432   1780505037768000000   1780505037769020819
robot_1           1780505037756624932   1780505037760803560   1780505037770000000   1780505037770842938
robot_9           1780505037756986191   1780505037757122142   1780505037770000000   1780505037770919815
robot_7           1780505037783228242   1780505037783364446   1780505037798000000   1780505037799360105
robot_5           1780505037793857279   1780505037803013982   1780505037818000000   1780505037819151920
robot_2           1780505037795374804   1780505037806092066   1780505037820000000   1780505037820954432
robot_8           1780505037815079186   1780505037815215342   1780505037820000000   1780505037820971615
robot_10          1780505037822816206   1780505037822933831   1780505037838000000   1780505037839330702
robot_6           1780505037824162062   1780505037824301688   1780505037838000000   1780505037839385896
robot_3           1780505037854716249   1780505037854788502   1780505037860000000   1780505037861302376
robot_4           1780505037858479694   1780505037858601741   1780505037868000000   1780505037869501817
robot_9           1780505037857038432   1780505037857191631   1780505037870000000   1780505037871321222
robot_1           1780505037856720735   1780505037856864349   1780505037870000000   1780505037871363797
robot_7           1780505037883224893   1780505037883355064   1780505037899000000   1780505037899615045
robot_2           1780505037895098823   1780505037895220679   1780505037901000000   1780505037901604750
robot_5           1780505037893928297   1780505037894051487   1780505037909000000   1780505037909697181
robot_8           1780505037914933002   1780505037915052483   1780505037921000000   1780505037921787969
robot_6           1780505037924148005   1780505037924301263   1780505037939000000   1780505037940009385
robot_10          1780505037922863389   1780505037923003466   1780505037939000000   1780505037940060388
robot_3           1780505037954633690   1780505037954707479   1780505037961000000   1780505037962190618
robot_9           1780505037956998540   1780505037957139263   1780505037961000000   1780505037962267957
robot_1           1780505037956680248   1780505037956824222   1780505037961000000   1780505037962283300
robot_4           1780505037958481870   1780505037958605845   1780505037969000000   1780505037970337889
robot_7           1780505037983207966   1780505037983947855   1780505037999000000   1780505038000380089
robot_2           1780505037995201968   1780505037995322971   1780505038001000000   1780505038002366821
robot_5           1780505037993972002   1780505037994099911   1780505038009000000   1780505038010597399
robot_8           1780505038015003658   1780505038015504617   1780505038022000000   1780505038022504371
robot_10          1780505038022927264   1780505038023066083   1780505038040000000   1780505038040814291
robot_6           1780505038024198727   1780505038024964303   1780505038040000000   1780505038040916988
robot_4           1780505038058590512   1780505038058752237   1780505038063000000   1780505038065412459
robot_1           1780505038056742071   1780505038056895346   1780505038064000000   1780505038066103859
robot_3           1780505038054896295   1780505038055004550   1780505038064000000   1780505038066152926
robot_9           1780505038057039160   1780505038057156828   1780505038064000000   1780505038066166505
robot_7           1780505038083523297   1780505038084295410   1780505038096000000   1780505038097984486
robot_2           1780505038096380978   1780505038096563640   1780505038105000000   1780505038108073551
robot_5           1780505038094064652   1780505038094470817   1780505038105000000   1780505038108149943
robot_8           1780505038115669967   1780505038115821620   1780505038125000000   1780505038125915343
robot_6           1780505038124235490   1780505038124396736   1780505038137000000   1780505038137914418
robot_10          1780505038123001922   1780505038128657005   1780505038137000000   1780505038140866452
robot_9           1780505038157172493   1780505038157450947   1780505038166000000   1780505038170189926
robot_4           1780505038158597924   1780505038158963077   1780505038171000000   1780505038174857761
robot_7           1780505038183568564   1780505038183706623   1780505038201000000   1780505038202159938
robot_3           1780505038155479206   1780505038156227663   1780505038217000000   1780505038217662146
robot_1           1780505038157415865   1780505038194270664   1780505038217000000   1780505038217721168
robot_2           1780505038195588158   1780505038203458627   1780505038217000000   1780505038217831146
robot_5           1780505038196125991   1780505038204105780   1780505038221000000   1780505038222045618
robot_8           1780505038215005440   1780505038215140992   1780505038227000000   1780505038227651160
robot_10          1780505038222763787   1780505038222903673   1780505038231000000   1780505038232120813
robot_6           1780505038224153478   1780505038224296107   1780505038231000000   1780505038232187560
robot_3           1780505038254750887   1780505038254849697   1780505038267000000   1780505038268055966
robot_4           1780505038258528005   1780505038258692364   1780505038271000000   1780505038272470965
robot_1           1780505038256782609   1780505038256926965   1780505038277000000   1780505038278251237
robot_9           1780505038256997017   1780505038257132513   1780505038277000000   1780505038278320064
robot_7           1780505038283246850   1780505038283382123   1780505038292000000   1780505038292648736
robot_5           1780505038293994940   1780505038294138240   1780505038302000000   1780505038302664406
robot_2           1780505038295071445   1780505038295189877   1780505038307000000   1780505038308277561
robot_8           1780505038314931286   1780505038315052426   1780505038327000000   1780505038328715389
robot_6           1780505038324129373   1780505038324254880   1780505038332000000   1780505038332888880
robot_10          1780505038322887010   1780505038323000177   1780505038332000000   1780505038332954622
robot_1           1780505038356757920   1780505038356928349   1780505038368000000   1780505038368730453
robot_3           1780505038354866633   1780505038354954963   1780505038368000000   1780505038368886887
robot_9           1780505038356991729   1780505038357150557   1780505038368000000   1780505038368902425
robot_4           1780505038358597794   1780505038358762773   1780505038372000000   1780505038373075684
robot_7           1780505038383172105   1780505038384038645   1780505038392000000   1780505038393252220
robot_5           1780505038394066562   1780505038394221039   1780505038402000000   1780505038403363907
robot_2           1780505038395099014   1780505038395220073   1780505038408000000   1780505038408983016
robot_8           1780505038414981563   1780505038415501978   1780505038428000000   1780505038429084685
robot_10          1780505038422747935   1780505038422875601   1780505038433000000   1780505038433545685
robot_6           1780505038424115874   1780505038424390465   1780505038433000000   1780505038433597878
robot_3           1780505038454771871   1780505038454899861   1780505038468000000   1780505038469390658
robot_1           1780505038456674299   1780505038456812246   1780505038468000000   1780505038469443103
robot_9           1780505038457057613   1780505038457181127   1780505038468000000   1780505038469540691
robot_4           1780505038458476939   1780505038458596835   1780505038473000000   1780505038473718954
robot_7           1780505038483228370   1780505038483354645   1780505038493000000   1780505038493883299
robot_2           1780505038495177658   1780505038495326591   1780505038499000000   1780505038499596867
robot_5           1780505038494042609   1780505038494211329   1780505038503000000   1780505038503931034
robot_8           1780505038515024433   1780505038515139252   1780505038529000000   1780505038529834216
robot_10          1780505038522984849   1780505038525132789   1780505038533000000   1780505038534146119
robot_6           1780505038524138302   1780505038524291870   1780505038533000000   1780505038534204863
robot_3           1780505038554928926   1780505038555039947   1780505038560000000   1780505038560801971
robot_9           1780505038557087449   1780505038557485916   1780505038560000000   1780505038560891427
robot_1           1780505038556823111   1780505038565578287   1780505038570000000   1780505038571954436
robot_4           1780505038558705518   1780505038560587868   1780505038574000000   1780505038575177772
robot_7           1780505038583970903   1780505038584146732   1780505038594000000   1780505038595425917
robot_2           1780505038595675216   1780505038606671501   1780505038610000000   1780505038611299927
robot_8           1780505038615034023   1780505038615201658   1780505038620000000   1780505038621434773
robot_5           1780505038593991438   1780505038608380140   1780505038624000000   1780505038625355471
robot_10          1780505038623105175   1780505038623255292   1780505038635000000   1780505038635732146
robot_6           1780505038624278552   1780505038624422819   1780505038635000000   1780505038635811743
robot_3           1780505038655423580   1780505038655628744   1780505038660000000   1780505038661903351
robot_1           1780505038656897101   1780505038657071621   1780505038660000000   1780505038661996334
robot_9           1780505038657193387   1780505038657352918   1780505038661000000   1780505038662716222
robot_4           1780505038659173691   1780505038660976399   1780505038675000000   1780505038678880226
robot_7           1780505038683490798   1780505038683748912   1780505038695000000   1780505038697002174
robot_2           1780505038695229294   1780505038695441187   1780505038701000000   1780505038702045638
robot_5           1780505038694318925   1780505038694515992   1780505038705000000   1780505038706434147
robot_8           1780505038715109732   1780505038715283477   1780505038721000000   1780505038722431804
robot_6           1780505038724454931   1780505038725050602   1780505038736000000   1780505038736824603
robot_10          1780505038723270522   1780505038723512994   1780505038735000000   1780505038737542267
robot_1           1780505038757208640   1780505038757441427   1780505038761000000   1780505038762847919
robot_3           1780505038755094371   1780505038755250002   1780505038761000000   1780505038763984385
robot_9           1780505038757228975   1780505038757898869   1780505038761000000   1780505038764034205
robot_4           1780505038759093723   1780505038759703299   1780505038766000000   1780505038767658125
robot_2           1780505038795696805   1780505038795883136   1780505038804000000   1780505038805412999
robot_7           1780505038783672672   1780505038790428627   1780505038806000000   1780505038809871399
robot_5           1780505038794398906   1780505038794614005   1780505038806000000   1780505038809948409
robot_8           1780505038815493343   1780505038823271442   1780505038834000000   1780505038835200676
robot_10          1780505038823407154   1780505038823599535   1780505038840000000   1780505038841061671
robot_6           1780505038824421152   1780505038831212332   1780505038850000000   1780505038852426087
robot_3           1780505038855243189   1780505038855358221   1780505038864000000   1780505038865323210
robot_9           1780505038857210629   1780505038861081149   1780505038864000000   1780505038865394783
robot_1           1780505038857006533   1780505038857205421   1780505038864000000   1780505038865409350
robot_4           1780505038858702011   1780505038859607115   1780505038870000000   1780505038871310133
robot_7           1780505038883335957   1780505038883491672   1780505038900000000   1780505038901873773
robot_2           1780505038897195635   1780505038897386076   1780505038904000000   1780505038905506428
robot_5           1780505038894177385   1780505038894357932   1780505038910000000   1780505038911329875
robot_8           1780505038915074098   1780505038915265978   1780505038924000000   1780505038925997197
robot_6           1780505038924287839   1780505038924456049   1780505038941000000   1780505038941976212
robot_10          1780505038922982668   1780505038932006129   1780505038951000000   1780505038951882662
robot_3           1780505038955097660   1780505038955223967   1780505038965000000   1780505038965927182
robot_9           1780505038957098683   1780505038957308595   1780505038965000000   1780505038966126283
robot_4           1780505038958887072   1780505038959047456   1780505038971000000   1780505038973117469
robot_1           1780505038956881020   1780505038963172654   1780505038975000000   1780505038976355696
robot_7           1780505038983478234   1780505038983639548   1780505039001000000   1780505039003854760
robot_2           1780505038995565544   1780505039006960934   1780505039015000000   1780505039017171458
robot_5           1780505038993800677   1780505039008624372   1780505039021000000   1780505039022500037
robot_8           1780505039015091962   1780505039015253865   1780505039025000000   1780505039026164089
robot_6           1780505039024333376   1780505039024525653   1780505039041000000   1780505039042523436
robot_10          1780505039023231060   1780505039023375649   1780505039041000000   1780505039042605986
robot_3           1780505039055814965   1780505039056212859   1780505039065000000   1780505039066836422
robot_4           1780505039059614207   1780505039059802389   1780505039072000000   1780505039072894699
robot_9           1780505039057153402   1780505039058226990   1780505039076000000   1780505039077044745
robot_1           1780505039056912544   1780505039057371049   1780505039076000000   1780505039077276077
robot_7           1780505039083933387   1780505039084468950   1780505039102000000   1780505039103068852
robot_5           1780505039094256069   1780505039094498879   1780505039112000000   1780505039113219240
robot_2           1780505039095287948   1780505039095505869   1780505039116000000   1780505039116760746
robot_8           1780505039114940834   1780505039115068884   1780505039116000000   1780505039116821337
robot_10          1780505039122929236   1780505039123059040   1780505039132000000   1780505039133244001
robot_6           1780505039124143232   1780505039124280323   1780505039142000000   1780505039143349194
robot_3           1780505039154803395   1780505039154933737   1780505039166000000   1780505039167266617
robot_4           1780505039158628160   1780505039158812680   1780505039173000000   1780505039173529934
robot_9           1780505039157025075   1780505039157185974   1780505039176000000   1780505039177260961
robot_1           1780505039156776523   1780505039156947799   1780505039176000000   1780505039177335430
robot_7           1780505039183163707   1780505039183683687   1780505039193000000   1780505039193703093
robot_2           1780505039195095336   1780505039195226672   1780505039196000000   1780505039197357733
robot_5           1780505039194031667   1780505039194171535   1780505039203000000   1780505039203761861
robot_8           1780505039215029697   1780505039215339589   1780505039227000000   1780505039227602469
robot_10          1780505039222748528   1780505039222862645   1780505039233000000   1780505039233877681
robot_6           1780505039224206729   1780505039224630015   1780505039243000000   1780505039244070431
robot_3           1780505039254883678   1780505039255009715   1780505039267000000   1780505039267983533
robot_4           1780505039258466820   1780505039258598451   1780505039273000000   1780505039274363820
robot_1           1780505039256670333   1780505039256798466   1780505039277000000   1780505039277919224
robot_9           1780505039256948505   1780505039257065577   1780505039277000000   1780505039277965774
robot_7           1780505039283297678   1780505039283445650   1780505039294000000   1780505039294550890
robot_5           1780505039293987021   1780505039294148928   1780505039304000000   1780505039304526853
robot_2           1780505039295099347   1780505039295231942   1780505039307000000   1780505039308143429
robot_8           1780505039314949219   1780505039315094631   1780505039327000000   1780505039328344058
robot_6           1780505039324149976   1780505039324275473   1780505039334000000   1780505039334964816
robot_10          1780505039322894221   1780505039325851791   1780505039344000000   1780505039344825920
robot_3           1780505039354657623   1780505039354714610   1780505039368000000   1780505039368972514
robot_9           1780505039356943278   1780505039357059269   1780505039368000000   1780505039369050204
robot_4           1780505039358438601   1780505039358572469   1780505039374000000   1780505039375216871
robot_1           1780505039356647242   1780505039360429607   1780505039378000000   1780505039378677154
robot_7           1780505039383286539   1780505039383420426   1780505039394000000   1780505039395315918
robot_5           1780505039393761824   1780505039402152376   1780505039414000000   1780505039415426403
robot_2           1780505039395456644   1780505039402814088   1780505039418000000   1780505039419043034
robot_8           1780505039414984342   1780505039415123143   1780505039428000000   1780505039429002935
robot_10          1780505039422788208   1780505039422913704   1780505039435000000   1780505039435498056
robot_6           1780505039424232538   1780505039424369978   1780505039435000000   1780505039435565359
robot_3           1780505039454897149   1780505039454987931   1780505039468000000   1780505039469348063
robot_1           1780505039456763532   1780505039456936676   1780505039468000000   1780505039469410107
robot_9           1780505039457007148   1780505039457152683   1780505039468000000   1780505039469527572
robot_4           1780505039458470612   1780505039458601498   1780505039475000000   1780505039476021474
robot_7           1780505039483237014   1780505039483378926   1780505039495000000   1780505039495971624
robot_5           1780505039493933460   1780505039494058236   1780505039505000000   1780505039506121051
robot_2           1780505039495060908   1780505039495185063   1780505039509000000   1780505039509469532
robot_8           1780505039515027782   1780505039515152500   1780505039529000000   1780505039529785159
robot_10          1780505039522822162   1780505039522937748   1780505039535000000   1780505039536399391
robot_6           1780505039524142560   1780505039524274049   1780505039535000000   1780505039536479941
robot_3           1780505039554778762   1780505039554869169   1780505039569000000   1780505039569990102
robot_9           1780505039557108108   1780505039557274036   1780505039569000000   1780505039570058400
robot_1           1780505039556812520   1780505039556994946   1780505039569000000   1780505039570072117
robot_4           1780505039558645265   1780505039558793255   1780505039576000000   1780505039576679624
robot_7           1780505039583230242   1780505039583663473   1780505039596000000   1780505039596717251
robot_5           1780505039593959682   1780505039594093937   1780505039606000000   1780505039607007056
robot_2           1780505039595010804   1780505039595142412   1780505039609000000   1780505039610414197
robot_8           1780505039615061820   1780505039615892774   1780505039629000000   1780505039630388803
robot_10          1780505039622782161   1780505039622908084   1780505039636000000   1780505039637226440
robot_6           1780505039624140037   1780505039624705720   1780505039636000000   1780505039637301335
robot_3           1780505039655055908   1780505039655158862   1780505039670000000   1780505039670709490
robot_9           1780505039656980590   1780505039657096023   1780505039670000000   1780505039670764723
robot_1           1780505039656735157   1780505039656850175   1780505039670000000   1780505039670775195
robot_4           1780505039658466676   1780505039658589333   1780505039676000000   1780505039677359709
robot_7           1780505039683233385   1780505039683356591   1780505039697000000   1780505039697531288
robot_5           1780505039694043631   1780505039694183317   1780505039707000000   1780505039707573170
robot_2           1780505039695215164   1780505039695361816   1780505039710000000   1780505039711023053
robot_8           1780505039714980948   1780505039715110165   1780505039730000000   1780505039731157436
robot_6           1780505039724156275   1780505039724304618   1780505039737000000   1780505039737907291
robot_10          1780505039722952861   1780505039725770937   1780505039737000000   1780505039737977800
robot_3           1780505039754624736   1780505039754875904   1780505039770000000   1780505039771494849
robot_9           1780505039757030341   1780505039757143561   1780505039771000000   1780505039771567675
robot_4           1780505039758473375   1780505039758603819   1780505039777000000   1780505039778332880
robot_1           1780505039756637808   1780505039762333497   1780505039781000000   1780505039781533962
robot_7           1780505039783242788   1780505039783374155   1780505039797000000   1780505039798490147
robot_5           1780505039793765353   1780505039806971991   1780505039817000000   1780505039818543527
robot_2           1780505039795203201   1780505039806539476   1780505039821000000   1780505039821731053
robot_8           1780505039814953479   1780505039815098364   1780505039831000000   1780505039831832565
robot_10          1780505039822840051   1780505039822986841   1780505039838000000   1780505039838570472
robot_6           1780505039824144413   1780505039824268763   1780505039838000000   1780505039838627527
robot_4           1780505039858458626   1780505039858586467   1780505039868000000   1780505039868786615
robot_1           1780505039856776209   1780505039856916493   1780505039871000000   1780505039872056599
robot_3           1780505039854700841   1780505039854775755   1780505039871000000   1780505039872123682
robot_9           1780505039856992944   1780505039857119111   1780505039871000000   1780505039872138065
robot_7           1780505039883214026   1780505039883366300   1780505039898000000   1780505039899024954
robot_5           1780505039893963645   1780505039894102381   1780505039908000000   1780505039909067583
robot_2           1780505039895082854   1780505039895229847   1780505039911000000   1780505039912355466
robot_8           1780505039914917040   1780505039915037193   1780505039932000000   1780505039932652351
robot_6           1780505039924129543   1780505039924276227   1780505039938000000   1780505039939393189
robot_10          1780505039922822655   1780505039922949889   1780505039938000000   1780505039939450059
robot_4           1780505039958493135   1780505039958624713   1780505039969000000   1780505039969594333
robot_3           1780505039954781974   1780505039954893228   1780505039972000000   1780505039972787784
robot_1           1780505039956758424   1780505039956917271   1780505039972000000   1780505039972848317
robot_9           1780505039957016604   1780505039957167136   1780505039972000000   1780505039972918913
robot_7           1780505039983178463   1780505039983701023   1780505039999000000   1780505039999831104
robot_5           1780505039993971534   1780505039994103196   1780505040009000000   1780505040009982282
robot_2           1780505039995094742   1780505039995283662   1780505040012000000   1780505040013263254
robot_8           1780505040014995523   1780505040015688333   1780505040032000000   1780505040033186037
robot_10          1780505040022791160   1780505040022919058   1780505040039000000   1780505040040290491
robot_6           1780505040024114476   1780505040024473726   1780505040039000000   1780505040040355944
robot_4           1780505040058453593   1780505040058573803   1780505040069000000   1780505040070333454
robot_3           1780505040054777096   1780505040054907557   1780505040073000000   1780505040073452561
robot_9           1780505040057042050   1780505040057161904   1780505040073000000   1780505040073514830
robot_1           1780505040056729316   1780505040056877153   1780505040073000000   1780505040073528804
robot_7           1780505040083303377   1780505040083447108   1780505040100000000   1780505040100618250
robot_5           1780505040094029607   1780505040094168831   1780505040110000000   1780505040110649043
robot_2           1780505040095033329   1780505040095179196   1780505040113000000   1780505040113707708
robot_8           1780505040115014618   1780505040115146712   1780505040133000000   1780505040133925887
robot_10          1780505040122899418   1780505040125351504   1780505040140000000   1780505040140980708
robot_6           1780505040124137529   1780505040124297925   1780505040140000000   1780505040141040589
robot_4           1780505040158461113   1780505040158588002   1780505040170000000   1780505040171200274
robot_1           1780505040156695014   1780505040160495553   1780505040173000000   1780505040174242082
robot_3           1780505040154683626   1780505040154843943   1780505040173000000   1780505040174301250
robot_9           1780505040157002805   1780505040157142709   1780505040173000000   1780505040174365232
robot_7           1780505040183240844   1780505040183404597   1780505040200000000   1780505040201431297
robot_5           1780505040193762175   1780505040206639191   1780505040221000000   1780505040221541906
robot_2           1780505040195259123   1780505040206585502   1780505040224000000   1780505040224558455
robot_8           1780505040215074632   1780505040215193872   1780505040224000000   1780505040224683305
robot_6           1780505040224230768   1780505040224392977   1780505040241000000   1780505040241709468
robot_10          1780505040222784671   1780505040222917801   1780505040241000000   1780505040241776982
robot_4           1780505040258487625   1780505040258605573   1780505040271000000   1780505040271900215
robot_1           1780505040256719613   1780505040256879292   1780505040274000000   1780505040274979955
robot_3           1780505040254730789   1780505040254874975   1780505040274000000   1780505040275046083
robot_9           1780505040257056851   1780505040257194306   1780505040274000000   1780505040275058326
robot_7           1780505040283285881   1780505040283421254   1780505040301000000   1780505040302097224
robot_5           1780505040294051316   1780505040294186801   1780505040311000000   1780505040312206108
robot_2           1780505040295121639   1780505040295243321   1780505040314000000   1780505040315285080
robot_8           1780505040314965114   1780505040315107432   1780505040324000000   1780505040325200824
robot_10          1780505040322850541   1780505040322975882   1780505040341000000   1780505040342414964
robot_6           1780505040324133560   1780505040324257823   1780505040341000000   1780505040342481317
robot_3           1780505040354733299   1780505040354874515   1780505040365000000   1780505040365682092
robot_4           1780505040358515250   1780505040358658308   1780505040372000000   1780505040372588310
robot_9           1780505040357115961   1780505040357267799   1780505040375000000   1780505040375672831
robot_1           1780505040356736395   1780505040356881515   1780505040375000000   1780505040375728298
robot_7           1780505040383278461   1780505040384576410   1780505040402000000   1780505040402795327
robot_2           1780505040395093146   1780505040395218702   1780505040405000000   1780505040405920975
robot_5           1780505040393991250   1780505040394133501   1780505040412000000   1780505040413200501
robot_8           1780505040415117046   1780505040416201524   1780505040435000000   1780505040436211183
robot_10          1780505040423026557   1780505040423181435   1780505040442000000   1780505040443099560
robot_6           1780505040424196555   1780505040426503064   1780505040442000000   1780505040443173827
robot_4           1780505040458470666   1780505040458605600   1780505040472000000   1780505040473308382
robot_1           1780505040456725556   1780505040456858512   1780505040475000000   1780505040476330954
robot_3           1780505040454792312   1780505040454895739   1780505040475000000   1780505040476393896
robot_9           1780505040457040359   1780505040457155214   1780505040475000000   1780505040476431024
robot_7           1780505040483243987   1780505040483367689   1780505040502000000   1780505040503414733
robot_2           1780505040495107662   1780505040495268028   1780505040506000000   1780505040506456010
robot_5           1780505040494004560   1780505040494144793   1780505040513000000   1780505040513469503
robot_8           1780505040514991995   1780505040515126913   1780505040526000000   1780505040526595007
robot_6           1780505040524170392   1780505040524317781   1780505040543000000   1780505040543774949
robot_10          1780505040522901675   1780505040525575742   1780505040543000000   1780505040543851871
robot_3           1780505040554872843   1780505040554951946   1780505040566000000   1780505040567223975
robot_4           1780505040558448314   1780505040558584128   1780505040573000000   1780505040573989494
robot_9           1780505040556972248   1780505040557094720   1780505040576000000   1780505040577159154
robot_1           1780505040556823995   1780505040561329035   1780505040576000000   1780505040577221635
robot_7           1780505040583267610   1780505040583393213   1780505040593000000   1780505040594103937
robot_5           1780505040593777909   1780505040602942354   1780505040613000000   1780505040614270648
robot_2           1780505040595225680   1780505040601568706   1780505040616000000   1780505040617329003
robot_8           1780505040615062094   1780505040615185382   1780505040626000000   1780505040627421997
robot_10          1780505040622815868   1780505040622929263   1780505040633000000   1780505040634420022
robot_6           1780505040624144273   1780505040624272446   1780505040633000000   1780505040634487042
robot_3           1780505040654883095   1780505040654974863   1780505040667000000   1780505040667845242
robot_9           1780505040657043457   1780505040657188721   1780505040667000000   1780505040667907009
robot_4           1780505040658543792   1780505040658684614   1780505040674000000   1780505040674764696
robot_1           1780505040656797634   1780505040656981650   1780505040677000000   1780505040678013027
robot_7           1780505040683270971   1780505040683436416   1780505040694000000   1780505040694923718
robot_5           1780505040693942368   1780505040694063715   1780505040704000000   1780505040704924629
robot_2           1780505040695143821   1780505040695278862   1780505040707000000   1780505040707948467
robot_8           1780505040714958567   1780505040715079821   1780505040717000000   1780505040718161931
robot_6           1780505040724226480   1780505040724362793   1780505040734000000   1780505040735160758
robot_10          1780505040722883915   1780505040723003662   1780505040734000000   1780505040735237982
robot_3           1780505040754661349   1780505040754751318   1780505040757000000   1780505040758468369
robot_1           1780505040756732872   1780505040756884806   1780505040768000000   1780505040768497764
robot_9           1780505040757001399   1780505040757136035   1780505040767000000   1780505040768693029
robot_4           1780505040758633634   1780505040758786935   1780505040774000000   1780505040775430484
robot_7           1780505040783255445   1780505040783668365   1780505040795000000   1780505040795544414
robot_2           1780505040795067141   1780505040795206998   1780505040798000000   1780505040798618816
robot_5           1780505040793956458   1780505040794097437   1780505040805000000   1780505040805608965
robot_8           1780505040814990690   1780505040815636592   1780505040818000000   1780505040818873765
robot_6           1780505040824148626   1780505040824897494   1780505040835000000   1780505040836002612
robot_10          1780505040822771253   1780505040822892925   1780505040835000000   1780505040836064646
robot_1           1780505040856711290   1780505040856843266   1780505040858000000   1780505040859082717
robot_3           1780505040854845154   1780505040854955792   1780505040858000000   1780505040859150316
robot_9           1780505040857005501   1780505040857127967   1780505040858000000   1780505040859224770
robot_4           1780505040858496001   1780505040858648267   1780505040875000000   1780505040876115312
robot_7           1780505040883225518   1780505040883343904   1780505040895000000   1780505040896278518
robot_2           1780505040895232976   1780505040895402931   1780505040898000000   1780505040899459680
robot_5           1780505040894124306   1780505040894296718   1780505040905000000   1780505040906347395
robot_8           1780505040915065605   1780505040915189661   1780505040929000000   1780505040929597565
robot_10          1780505040923018611   1780505040925349047   1780505040936000000   1780505040936626135
robot_6           1780505040924140689   1780505040924295872   1780505040936000000   1780505040936677144
robot_3           1780505040954715308   1780505040954788083   1780505040959000000   1780505040959774479
robot_9           1780505040956936793   1780505040957066987   1780505040969000000   1780505040969983193
robot_4           1780505040958475160   1780505040958613439   1780505040976000000   1780505040976993638
robot_1           1780505040956615593   1780505040960955391   1780505040979000000   1780505040979900230
robot_7           1780505040983217890   1780505040983367150   1780505040996000000   1780505040997355257
robot_5           1780505040993828290   1780505041002935997   1780505041016000000   1780505041017232084
robot_2           1780505040995247332   1780505041002312655   1780505041019000000   1780505041020143848
robot_8           1780505041015003672   1780505041015127883   1780505041029000000   1780505041030223814
robot_10          1780505041022855700   1780505041022976733   1780505041036000000   1780505041037407710
robot_6           1780505041024139491   1780505041024270394   1780505041036000000   1780505041037458157
robot_3           1780505041054884416   1780505041054994333   1780505041070000000   1780505041070789315
robot_9           1780505041057072358   1780505041057218007   1780505041070000000   1780505041070862240
robot_1           1780505041056898309   1780505041057076912   1780505041070000000   1780505041070874951
robot_4           1780505041058515523   1780505041058653449   1780505041077000000   1780505041078039619
robot_7           1780505041083412960   1780505041083588326   1780505041097000000   1780505041098051386
robot_5           1780505041093980989   1780505041094105062   1780505041107000000   1780505041108118602
robot_2           1780505041095095340   1780505041095232071   1780505041110000000   1780505041110793850
robot_8           1780505041114960838   1780505041115079070   1780505041130000000   1780505041131090645
robot_10          1780505041122844264   1780505041122979394   1780505041137000000   1780505041138246106
robot_6           1780505041124184310   1780505041124346747   1780505041137000000   1780505041138317736
robot_1           1780505041156839575   1780505041156994440   1780505041170000000   1780505041171312804
robot_3           1780505041154684733   1780505041154754684   1780505041170000000   1780505041171380606
robot_9           1780505041157037137   1780505041157184209   1780505041170000000   1780505041171394419
robot_4           1780505041158567819   1780505041158718908   1780505041177000000   1780505041178496091
robot_7           1780505041183200975   1780505041183650728   1780505041198000000   1780505041198537415
robot_5           1780505041193956679   1780505041194078556   1780505041208000000   1780505041208930963
robot_2           1780505041195039104   1780505041195175143   1780505041211000000   1780505041211623214
robot_8           1780505041214993541   1780505041215099321   1780505041231000000   1780505041231664856
robot_10          1780505041222787107   1780505041222904724   1780505041238000000   1780505041239109601
robot_6           1780505041224207617   1780505041224511708   1780505041238000000   1780505041239185684
robot_4           1780505041258455671   1780505041258582110   1780505041268000000   1780505041269164023
robot_1           1780505041256677417   1780505041256785026   1780505041271000000   1780505041272025453
robot_3           1780505041254828230   1780505041254917609   1780505041271000000   1780505041272093187
robot_9           1780505041257062802   1780505041257193588   1780505041271000000   1780505041272203693
robot_7           1780505041283230947   1780505041283367423   1780505041298000000   1780505041299536279
robot_5           1780505041293984965   1780505041294127013   1780505041308000000   1780505041309452425
robot_2           1780505041295137043   1780505041295303164   1780505041311000000   1780505041312245703
robot_8           1780505041314998538   1780505041315132913   1780505041331000000   1780505041332511225
robot_6           1780505041324168035   1780505041324326575   1780505041339000000   1780505041339817250
robot_10          1780505041322905309   1780505041325429071   1780505041339000000   1780505041339888061
robot_4           1780505041358577307   1780505041358719208   1780505041369000000   1780505041370026791
robot_3           1780505041354841797   1780505041354943248   1780505041372000000   1780505041372770402
robot_9           1780505041356973896   1780505041357091908   1780505041372000000   1780505041372857259
robot_1           1780505041356765563   1780505041361046742   1780505041382000000   1780505041382759111
robot_7           1780505041383323821   1780505041383483178   1780505041399000000   1780505041400214621
robot_5           1780505041393770579   1780505041406979277   1780505041419000000   1780505041420280317
robot_2           1780505041395350785   1780505041401849502   1780505041422000000   1780505041422968703
robot_8           1780505041415019369   1780505041415181257   1780505041432000000   1780505041433197064
robot_10          1780505041422872204   1780505041423051359   1780505041439000000   1780505041440610993
robot_6           1780505041424215638   1780505041424389131   1780505041440000000   1780505041440688620
robot_4           1780505041458601430   1780505041458756397   1780505041470000000   1780505041470760391
robot_3           1780505041454873114   1780505041455004274   1780505041472000000   1780505041473430950
robot_9           1780505041457034864   1780505041457179118   1780505041473000000   1780505041473487294
robot_1           1780505041456892378   1780505041457057879   1780505041472000000   1780505041473496473
robot_7           1780505041483274639   1780505041483402162   1780505041500000000   1780505041501202492
robot_5           1780505041494082302   1780505041494255777   1780505041510000000   1780505041511081136
robot_2           1780505041495174242   1780505041495331847   1780505041513000000   1780505041513765398
robot_8           1780505041514983528   1780505041515133332   1780505041533000000   1780505041533898632
robot_10          1780505041523047299   1780505041523238462   1780505041540000000   1780505041541654838
robot_6           1780505041524269402   1780505041524453626   1780505041540000000   1780505041541733806
robot_4           1780505041558647144   1780505041558792480   1780505041571000000   1780505041571618627
robot_3           1780505041554839491   1780505041554937159   1780505041573000000   1780505041574239923
robot_9           1780505041557098469   1780505041557251208   1780505041573000000   1780505041574310326
robot_1           1780505041556906165   1780505041557099660   1780505041573000000   1780505041574323793
robot_7           1780505041583241442   1780505041589184857   1780505041601000000   1780505041602003365
robot_5           1780505041594066800   1780505041594194143   1780505041611000000   1780505041611976759
robot_2           1780505041595075506   1780505041595212652   1780505041613000000   1780505041614478726
robot_8           1780505041615031664   1780505041615881651   1780505041634000000   1780505041634773193
robot_10          1780505041622941442   1780505041623070900   1780505041641000000   1780505041642416140
robot_6           1780505041624179146   1780505041625111689   1780505041641000000   1780505041642520515
robot_4           1780505041658457884   1780505041658585676   1780505041671000000   1780505041672323465
robot_3           1780505041654736206   1780505041654798970   1780505041674000000   1780505041674861665
robot_9           1780505041656958858   1780505041657088540   1780505041674000000   1780505041674916161
robot_1           1780505041656685992   1780505041656791945   1780505041674000000   1780505041674986159
robot_7           1780505041683264465   1780505041683415560   1780505041702000000   1780505041702538000
robot_5           1780505041693968582   1780505041694093741   1780505041712000000   1780505041712587181
robot_2           1780505041695166356   1780505041695312753   1780505041714000000   1780505041715152190
robot_8           1780505041715055779   1780505041715220754   1780505041734000000   1780505041735297229
robot_6           1780505041724202043   1780505041724342329   1780505041742000000   1780505041742838588
robot_10          1780505041722957071   1780505041725419114   1780505041742000000   1780505041742946124
robot_4           1780505041758519186   1780505041758665356   1780505041772000000   1780505041773211381
robot_1           1780505041756648593   1780505041760623242   1780505041775000000   1780505041775641456
robot_3           1780505041754654009   1780505041754791919   1780505041775000000   1780505041775705590
robot_9           1780505041756964132   1780505041757083564   1780505041775000000   1780505041775756830
robot_7           1780505041783192500   1780505041783334464   1780505041802000000   1780505041803361800
robot_2           1780505041795271486   1780505041802420318   1780505041815000000   1780505041815868055
robot_5           1780505041793782394   1780505041802386249   1780505041823000000   1780505041823457004
robot_8           1780505041815030912   1780505041815200672   1780505041835000000   1780505041835961959
robot_10          1780505041822754329   1780505041822872672   1780505041843000000   1780505041843566206
robot_6           1780505041824176739   1780505041824327872   1780505041843000000   1780505041843634334
robot_3           1780505041854615653   1780505041854703469   1780505041865000000   1780505041866114994
robot_4           1780505041858535754   1780505041860816407   1780505041873000000   1780505041873858469
robot_1           1780505041856784099   1780505041856912129   1780505041875000000   1780505041876335380
robot_9           1780505041856969093   1780505041857083844   1780505041875000000   1780505041876397697
robot_7           1780505041883235908   1780505041883376924   1780505041903000000   1780505041904016595
robot_5           1780505041893942392   1780505041894063170   1780505041913000000   1780505041914147892
robot_2           1780505041895121793   1780505041895240882   1780505041926000000   1780505041926593637
robot_8           1780505041914955176   1780505041915090122   1780505041926000000   1780505041926673282
robot_10          1780505041922941205   1780505041923060837   1780505041933000000   1780505041934398228
robot_6           1780505041924277987   1780505041924416162   1780505041943000000   1780505041944277074
robot_3           1780505041954796947   1780505041954913760   1780505041966000000   1780505041966949098
robot_4           1780505041958490546   1780505041958611768   1780505041973000000   1780505041974543362
robot_1           1780505041956713876   1780505041956845601   1780505041976000000   1780505041976845976
robot_9           1780505041957007456   1780505041957132902   1780505041976000000   1780505041976880915
robot_7           1780505041983245389   1780505041984414130   1780505042004000000   1780505042004718120
robot_2           1780505041995110829   1780505041995239268   1780505042006000000   1780505042007276630
robot_5           1780505041994013318   1780505041994159432   1780505042014000000   1780505042014858070
robot_10          1780505042022874582   1780505042023006703   1780505042034000000   1780505042035018531
robot_8           1780505042015030871   1780505042016161584   1780505042036000000   1780505042037490933
robot_6           1780505042024129153   1780505042024802946   1780505042044000000   1780505042045064538
robot_3           1780505042054789743   1780505042054934305   1780505042067000000   1780505042067638895
robot_4           1780505042058461575   1780505042058584967   1780505042074000000   1780505042075293991
robot_9           1780505042056962544   1780505042057088017   1780505042077000000   1780505042077602590
robot_1           1780505042056734834   1780505042056877710   1780505042077000000   1780505042077640491
robot_7           1780505042083243912   1780505042083381430   1780505042094000000   1780505042095489546
robot_5           1780505042093948594   1780505042094088752   1780505042105000000   1780505042105708403
robot_2           1780505042095084303   1780505042095237755   1780505042107000000   1780505042107913403
robot_8           1780505042114932760   1780505042115063666   1780505042127000000   1780505042128062195
robot_6           1780505042124147802   1780505042124279276   1780505042135000000   1780505042135746498
robot_10          1780505042122968127   1780505042125256461   1780505042145000000   1780505042145821762
robot_1           1780505042156629047   1780505042160343098   1780505042167000000   1780505042168639435
robot_3           1780505042154688878   1780505042154824757   1780505042167000000   1780505042168715400
robot_9           1780505042156963402   1780505042157079856   1780505042168000000   1780505042168729421
robot_4           1780505042158428046   1780505042158547961   1780505042175000000   1780505042176137797
robot_7           1780505042183195706   1780505042183320422   1780505042195000000   1780505042196434361
robot_5           1780505042193780044   1780505042202424361   1780505042215000000   1780505042216326219
robot_2           1780505042195193595   1780505042202014416   1780505042218000000   1780505042218748622
robot_8           1780505042215129476   1780505042215254519   1780505042228000000   1780505042228728367
robot_10          1780505042222883688   1780505042223021903   1780505042236000000   1780505042236578913
robot_6           1780505042224212252   1780505042224360093   1780505042236000000   1780505042236712832
robot_1           1780505042256869867   1780505042257013268   1780505042268000000   1780505042269057642
robot_3           1780505042254615251   1780505042254871128   1780505042268000000   1780505042269228388
robot_9           1780505042257058195   1780505042257200454   1780505042268000000   1780505042269242854
robot_4           1780505042258491202   1780505042258613585   1780505042276000000   1780505042277017851
robot_7           1780505042283284500   1780505042283438481   1780505042296000000   1780505042297062968
robot_5           1780505042293964705   1780505042294087415   1780505042306000000   1780505042307105916
robot_2           1780505042295148873   1780505042295290898   1780505042308000000   1780505042309325092
robot_8           1780505042314948911   1780505042315068614   1780505042328000000   1780505042329538705
robot_10          1780505042322800769   1780505042322953829   1780505042336000000   1780505042337477522
robot_6           1780505042324160312   1780505042324299733   1780505042337000000   1780505042337627436
robot_3           1780505042354735802   1780505042354821078   1780505042359000000   1780505042359729866
robot_9           1780505042357033279   1780505042357160051   1780505042359000000   1780505042359930790
robot_1           1780505042356731436   1780505042356883454   1780505042369000000   1780505042369725312
robot_4           1780505042358532801   1780505042358670602   1780505042377000000   1780505042377666038
robot_7           1780505042383191018   1780505042384268205   1780505042397000000   1780505042397901546
robot_5           1780505042393987256   1780505042394111718   1780505042407000000   1780505042408239694
robot_2           1780505042395083366   1780505042395202631   1780505042409000000   1780505042410114203
robot_8           1780505042414969053   1780505042415368294   1780505042429000000   1780505042430086174
robot_10          1780505042422821011   1780505042422943772   1780505042437000000   1780505042438386630
robot_6           1780505042424210614   1780505042425156008   1780505042437000000   1780505042438581462
robot_1           1780505042456854018   1780505042457006351   1780505042461000000   1780505042462871810
robot_3           1780505042454644647   1780505042454796866   1780505042470000000   1780505042470646790
robot_4           1780505042458735392   1780505042458910322   1780505042478000000   1780505042478667833
robot_9           1780505042457119600   1780505042460438982   1780505042480000000   1780505042480550798
robot_7           1780505042483326641   1780505042483462242   1780505042498000000   1780505042498746430
robot_5           1780505042494081189   1780505042494267932   1780505042508000000   1780505042509130710
robot_2           1780505042495257943   1780505042495444162   1780505042510000000   1780505042510787687
robot_6           1780505042524273406   1780505042524439914   1780505042528000000   1780505042529187874
robot_8           1780505042514999324   1780505042515143121   1780505042530000000   1780505042531103534
robot_10          1780505042522939136   1780505042527553440   1780505042538000000   1780505042539317265
robot_4           1780505042558576897   1780505042558732940   1780505042568000000   1780505042569684140
robot_3           1780505042554829923   1780505042554936342   1780505042570000000   1780505042571479552
robot_9           1780505042557009916   1780505042557141468   1780505042570000000   1780505042571546687
robot_1           1780505042556847294   1780505042562091259   1780505042580000000   1780505042581440965
robot_7           1780505042583338323   1780505042583473293   1780505042589000000   1780505042589562001
robot_5           1780505042593873961   1780505042603496836   1780505042609000000   1780505042609732227
robot_2           1780505042595339735   1780505042602376699   1780505042621000000   1780505042621852792
robot_8           1780505042614947288   1780505042615094356   1780505042621000000   1780505042621921463
robot_10          1780505042622845145   1780505042622965083   1780505042629000000   1780505042629862494
robot_6           1780505042624237991   1780505042624375519   1780505042629000000   1780505042629914387
robot_1           1780505042656721428   1780505042656855513   1780505042661000000   1780505042662045079
robot_3           1780505042654780745   1780505042654909383   1780505042661000000   1780505042662192504
robot_9           1780505042656992889   1780505042657128251   1780505042661000000   1780505042662206550
robot_4           1780505042658464956   1780505042658611846   1780505042669000000   1780505042670055532
robot_7           1780505042683272985   1780505042683420270   1780505042689000000   1780505042690359983
robot_5           1780505042693958576   1780505042694097605   1780505042699000000   1780505042700290138
robot_2           1780505042695173623   1780505042695304733   1780505042701000000   1780505042702243125
robot_8           1780505042715005380   1780505042715149737   1780505042721000000   1780505042722437563
robot_10          1780505042722976407   1780505042723133157   1780505042730000000   1780505042730742178
robot_6           1780505042724229835   1780505042724393373   1780505042730000000   1780505042730832236
robot_4           1780505042758601401   1780505042758762740   1780505042760000000   1780505042760829543
robot_1           1780505042756831968   1780505042757009645   1780505042762000000   1780505042762855271
robot_3           1780505042754952817   1780505042755118406   1780505042762000000   1780505042762917061
robot_9           1780505042757105050   1780505042757252419   1780505042762000000   1780505042762927614
robot_7           1780505042783225395   1780505042783537550   1780505042790000000   1780505042790912571
robot_5           1780505042793987948   1780505042794118580   1780505042800000000   1780505042801197684
robot_2           1780505042795067223   1780505042795226105   1780505042802000000   1780505042802969098
robot_8           1780505042814976497   1780505042817565962   1780505042822000000   1780505042823115687
robot_10          1780505042822887164   1780505042823050376   1780505042830000000   1780505042831326431
robot_6           1780505042824226335   1780505042825847920   1780505042830000000   1780505042831385562
robot_4           1780505042858483911   1780505042858623513   1780505042861000000   1780505042861451894
robot_3           1780505042854795917   1780505042854921267   1780505042862000000   1780505042863296530
robot_1           1780505042856657866   1780505042856782550   1780505042862000000   1780505042863364394
robot_9           1780505042856977730   1780505042857107853   1780505042862000000   1780505042863413709
robot_7           1780505042883252999   1780505042883394204   1780505042891000000   1780505042891735284
robot_5           1780505042894068110   1780505042894228168   1780505042901000000   1780505042901820365
robot_2           1780505042895195379   1780505042895356483   1780505042903000000   1780505042903511784
robot_8           1780505042914926233   1780505042915051732   1780505042923000000   1780505042923847990
robot_6           1780505042924281679   1780505042924428065   1780505042931000000   1780505042932042026
robot_10          1780505042922843075   1780505042925615221   1780505042931000000   1780505042932126193
robot_4           1780505042958433796   1780505042958559552   1780505042961000000   1780505042962384232
robot_1           1780505042956717543   1780505042962548514   1780505042973000000   1780505042974123225
robot_3           1780505042954768121   1780505042954941220   1780505042973000000   1780505042974199448
robot_9           1780505042956965364   1780505042957088828   1780505042973000000   1780505042974214163
robot_7           1780505042983259398   1780505042983379100   1780505043002000000   1780505043002571126
robot_2           1780505042995339322   1780505043001845046   1780505043013000000   1780505043014767070
robot_5           1780505042993817275   1780505043002977904   1780505043022000000   1780505043023863270
robot_8           1780505043015178317   1780505043015485235   1780505043034000000   1780505043034739622
robot_10          1780505043023201438   1780505043023464104   1780505043042000000   1780505043042923171
robot_6           1780505043024458098   1780505043024716536   1780505043042000000   1780505043043005153
robot_4           1780505043058462419   1780505043058608540   1780505043072000000   1780505043072957030
robot_1           1780505043056706726   1780505043056844390   1780505043074000000   1780505043074817548
robot_3           1780505043054589854   1780505043054657780   1780505043074000000   1780505043074877925
robot_9           1780505043057010960   1780505043057159692   1780505043074000000   1780505043074953562
robot_7           1780505043083323572   1780505043083455362   1780505043102000000   1780505043103194741
robot_5           1780505043093996530   1780505043094161606   1780505043112000000   1780505043113267711
robot_2           1780505043095206471   1780505043095332140   1780505043114000000   1780505043115038935
robot_8           1780505043114951707   1780505043115114615   1780505043134000000   1780505043135241316
robot_10          1780505043122883068   1780505043123010245   1780505043142000000   1780505043143456011
robot_6           1780505043124178224   1780505043124312810   1780505043143000000   1780505043143515259
robot_4           1780505043158469573   1780505043158602258   1780505043173000000   1780505043173698766
robot_1           1780505043156714504   1780505043156857612   1780505043174000000   1780505043175382187
robot_3           1780505043154834885   1780505043154934719   1780505043174000000   1780505043175437218
robot_9           1780505043157056915   1780505043157201681   1780505043175000000   1780505043175478737
robot_7           1780505043183168333   1780505043184264085   1780505043203000000   1780505043203928874
robot_5           1780505043193941998   1780505043194060103   1780505043213000000   1780505043213971910
robot_2           1780505043195068120   1780505043195184000   1780505043215000000   1780505043215869940
robot_10          1780505043222736980   1780505043222871562   1780505043233000000   1780505043234148481
robot_8           1780505043214958093   1780505043215612038   1780505043235000000   1780505043235838813
robot_6           1780505043224266420   1780505043225045486   1780505043243000000   1780505043244236836
robot_3           1780505043254726608   1780505043254891868   1780505043265000000   1780505043266032077
robot_9           1780505043256956177   1780505043257114355   1780505043265000000   1780505043266085050
robot_1           1780505043256720145   1780505043256840974   1780505043265000000   1780505043266095268
robot_4           1780505043258543186   1780505043258678130   1780505043273000000   1780505043274463238
robot_7           1780505043283223171   1780505043283362843   1780505043304000000   1780505043304691479
robot_5           1780505043294028631   1780505043294172402   1780505043314000000   1780505043314852796
robot_2           1780505043295129124   1780505043295283152   1780505043315000000   1780505043316354184
robot_8           1780505043315050394   1780505043315187670   1780505043336000000   1780505043336494022
robot_6           1780505043324170489   1780505043324331247   1780505043344000000   1780505043344985856
robot_10          1780505043322900261   1780505043325558215   1780505043344000000   1780505043345054437
robot_3           1780505043354651953   1780505043354864136   1780505043356000000   1780505043356628424
robot_9           1780505043357012270   1780505043357223880   1780505043366000000   1780505043366762865
robot_4           1780505043358509039   1780505043358656490   1780505043374000000   1780505043375292995
robot_1           1780505043356747670   1780505043363031887   1780505043376000000   1780505043376760582
robot_7           1780505043383200355   1780505043383319731   1780505043394000000   1780505043395493012
robot_5           1780505043393764962   1780505043402592425   1780505043415000000   1780505043415566368
robot_2           1780505043395185099   1780505043401890370   1780505043416000000   1780505043416947313
robot_8           1780505043415005561   1780505043415147074   1780505043426000000   1780505043427078338
robot_10          1780505043422796827   1780505043422914619   1780505043435000000   1780505043435650603
robot_6           1780505043424109014   1780505043424240513   1780505043435000000   1780505043435708644
robot_3           1780505043454793851   1780505043454913489   1780505043466000000   1780505043467459351
robot_4           1780505043458503973   1780505043458619840   1780505043475000000   1780505043476421849
robot_9           1780505043457026486   1780505043457175296   1780505043478000000   1780505043481582036
robot_1           1780505043456755241   1780505043456939643   1780505043477000000   1780505043483825685
robot_2           1780505043495763628   1780505043496388121   1780505043500000000   1780505043505483426
robot_7           1780505043483500787   1780505043484123965   1780505043506000000   1780505043507544543
robot_5           1780505043495494962   1780505043495664880   1780505043507000000   1780505043507604446
robot_8           1780505043515696354   1780505043515843479   1780505043521000000   1780505043522842508
robot_10          1780505043524010706   1780505043524172387   1780505043549000000   1780505043551689614
robot_6           1780505043524743456   1780505043524904677   1780505043550000000   1780505043551755997
robot_4           1780505043560130620   1780505043560675808   1780505043570000000   1780505043572555225
robot_1           1780505043558364575   1780505043558790476   1780505043574000000   1780505043574637324
robot_3           1780505043555163118   1780505043555303649   1780505043574000000   1780505043575833391
robot_9           1780505043557155841   1780505043557566366   1780505043584000000   1780505043594856605
robot_5           1780505043595087292   1780505043599239468   1780505043615000000   1780505043629430263
robot_2           1780505043595166254   1780505043595551815   1780505043625000000   1780505043629770940
robot_7           1780505043589035238   1780505043609914838   1780505043637000000   1780505043639860704
robot_10          1780505043624494952   1780505043624662908   1780505043648000000   1780505043648851127
robot_8           1780505043620178103   1780505043635591898   1780505043655000000   1780505043655950119
robot_6           1780505043628473990   1780505043642516322   1780505043657000000   1780505043658658023
robot_3           1780505043654871703   1780505043655030527   1780505043665000000   1780505043665918774
robot_9           1780505043657106509   1780505043658944934   1780505043675000000   1780505043676081401
robot_1           1780505043656986962   1780505043657180095   1780505043675000000   1780505043676181936
robot_4           1780505043659123800   1780505043659316474   1780505043678000000   1780505043678470227
robot_7           1780505043683274395   1780505043683418780   1780505043698000000   1780505043698791690
robot_2           1780505043695208765   1780505043695361973   1780505043705000000   1780505043706189070
robot_5           1780505043694162162   1780505043694318652   1780505043708000000   1780505043708732709
robot_8           1780505043715028287   1780505043715173439   1780505043725000000   1780505043726360414
robot_6           1780505043724196705   1780505043724362564   1780505043738000000   1780505043739163093
robot_10          1780505043722936258   1780505043725441472   1780505043738000000   1780505043739287993
robot_3           1780505043754692571   1780505043754779214   1780505043766000000   1780505043766689287
robot_9           1780505043756993976   1780505043757122217   1780505043766000000   1780505043766748771
robot_4           1780505043758487463   1780505043758620170   1780505043768000000   1780505043769434812
robot_1           1780505043756682413   1780505043761061028   1780505043776000000   1780505043776773581
robot_7           1780505043783193451   1780505043783310295   1780505043799000000   1780505043799786296
robot_2           1780505043795346809   1780505043802610447   1780505043816000000   1780505043817010952
robot_5           1780505043793747653   1780505043803108666   1780505043819000000   1780505043819531408
robot_8           1780505043815065642   1780505043815197516   1780505043826000000   1780505043827065531
robot_10          1780505043822777925   1780505043822912608   1780505043839000000   1780505043839951137
robot_6           1780505043824184925   1780505043824334856   1780505043839000000   1780505043840021895
robot_3           1780505043854759862   1780505043854838302   1780505043866000000   1780505043867484553
robot_1           1780505043856781629   1780505043856943799   1780505043867000000   1780505043867542088
robot_9           1780505043857077213   1780505043857219631   1780505043867000000   1780505043867603390
robot_4           1780505043858464745   1780505043858606131   1780505043869000000   1780505043869888718
robot_7           1780505043883256597   1780505043883387154   1780505043899000000   1780505043900096559
robot_2           1780505043895058734   1780505043895177515   1780505043907000000   1780505043907752925
robot_5           1780505043894015229   1780505043894152195   1780505043909000000   1780505043910144526
robot_8           1780505043914931292   1780505043915048579   1780505043927000000   1780505043928244098
robot_10          1780505043922850920   1780505043922994148   1780505043939000000   1780505043940480916
robot_6           1780505043924124259   1780505043924258590   1780505043940000000   1780505043940543129
robot_3           1780505043954622063   1780505043954746530   1780505043967000000   1780505043968290427
robot_1           1780505043956830080   1780505043956964894   1780505043967000000   1780505043968410681
robot_9           1780505043957101636   1780505043957245407   1780505043967000000   1780505043968424161
robot_4           1780505043958593748   1780505043958734796   1780505043970000000   1780505043970492439
robot_7           1780505043983245864   1780505043983844230   1780505044000000000   1780505044000893540
robot_2           1780505043995027957   1780505043995145274   1780505044008000000   1780505044008764904
robot_5           1780505043993945114   1780505043994129865   1780505044010000000   1780505044010951546
robot_8           1780505044014944437   1780505044015156016   1780505044038000000   1780505044038918216
robot_10          1780505044022744656   1780505044022864986   1780505044040000000   1780505044041280864
robot_6           1780505044024155882   1780505044024900569   1780505044040000000   1780505044041459779
robot_3           1780505044054725305   1780505044054867145   1780505044068000000   1780505044068958257
robot_1           1780505044056678321   1780505044056791689   1780505044068000000   1780505044069016103
robot_9           1780505044056981470   1780505044057111359   1780505044068000000   1780505044069107902
robot_4           1780505044058447012   1780505044058566769   1780505044070000000   1780505044071235086
robot_7           1780505044083300820   1780505044083450441   1780505044101000000   1780505044101596896
robot_2           1780505044095175665   1780505044095335348   1780505044108000000   1780505044109287570
robot_5           1780505044094001211   1780505044094137522   1780505044111000000   1780505044111518420
robot_8           1780505044114963545   1780505044115093144   1780505044128000000   1780505044129438499
robot_6           1780505044124143455   1780505044124273975   1780505044141000000   1780505044141870495
robot_10          1780505044123008872   1780505044124757132   1780505044141000000   1780505044142030772
robot_3           1780505044154649941   1780505044154882034   1780505044169000000   1780505044169824586
robot_9           1780505044157030910   1780505044157157274   1780505044169000000   1780505044169928939
robot_4           1780505044158482126   1780505044158623991   1780505044171000000   1780505044171992338
robot_1           1780505044156643679   1780505044161645402   1780505044179000000   1780505044179881585
robot_7           1780505044183316808   1780505044183453443   1780505044201000000   1780505044202583865
robot_2           1780505044195289157   1780505044201984534   1780505044219000000   1780505044220060497
robot_5           1780505044193763846   1780505044202958320   1780505044221000000   1780505044222338245
robot_8           1780505044214977775   1780505044215108977   1780505044229000000   1780505044230149753
robot_10          1780505044222812033   1780505044222940632   1780505044242000000   1780505044242593904
robot_6           1780505044224260451   1780505044224405085   1780505044242000000   1780505044242647597
robot_3           1780505044254854932   1780505044254950982   1780505044270000000   1780505044270564743
robot_1           1780505044256737005   1780505044256895191   1780505044270000000   1780505044270617330
robot_9           1780505044257058915   1780505044257189285   1780505044270000000   1780505044270626406
robot_4           1780505044258477671   1780505044258601231   1780505044272000000   1780505044272717869
robot_7           1780505044283232581   1780505044283360835   1780505044302000000   1780505044302931995
robot_2           1780505044295072180   1780505044295202183   1780505044310000000   1780505044310801441
robot_5           1780505044293956806   1780505044294119205   1780505044312000000   1780505044313063257
robot_8           1780505044315016373   1780505044315143871   1780505044330000000   1780505044331055868
robot_10          1780505044322835773   1780505044322956983   1780505044342000000   1780505044343243524
robot_6           1780505044324118579   1780505044324239335   1780505044342000000   1780505044343299950
robot_3           1780505044354807929   1780505044354910292   1780505044370000000   1780505044371336584
robot_1           1780505044356710121   1780505044356863165   1780505044370000000   1780505044371389804
robot_9           1780505044357012648   1780505044357154312   1780505044370000000   1780505044371507964
robot_4           1780505044358548946   1780505044358682741   1780505044372000000   1780505044373371631
robot_7           1780505044383268741   1780505044384007420   1780505044403000000   1780505044403701081
robot_2           1780505044394995380   1780505044395111802   1780505044411000000   1780505044411667255
robot_5           1780505044393968233   1780505044394102976   1780505044413000000   1780505044413718580
robot_8           1780505044414995199   1780505044415351537   1780505044431000000   1780505044431692789
robot_10          1780505044422833943   1780505044422936931   1780505044433000000   1780505044433836369
robot_6           1780505044424093012   1780505044424421889   1780505044443000000   1780505044443937326
robot_3           1780505044454793213   1780505044454897640   1780505044471000000   1780505044472062414
robot_1           1780505044456654576   1780505044456749411   1780505044471000000   1780505044472136660
robot_9           1780505044457052970   1780505044457177527   1780505044471000000   1780505044472277469
robot_4           1780505044458530476   1780505044458662303   1780505044473000000   1780505044474095002
robot_7           1780505044483219068   1780505044483343383   1780505044493000000   1780505044494423014
robot_2           1780505044495196407   1780505044495358624   1780505044511000000   1780505044512379630
robot_5           1780505044494034344   1780505044494189574   1780505044513000000   1780505044514401414
robot_8           1780505044515042710   1780505044515167447   1780505044532000000   1780505044532488129
robot_6           1780505044524192311   1780505044524323108   1780505044544000000   1780505044544663848
robot_10          1780505044523002658   1780505044525121473   1780505044544000000   1780505044544720446
robot_3           1780505044554648906   1780505044554783557   1780505044564000000   1780505044564867291
robot_9           1780505044556976416   1780505044557108756   1780505044572000000   1780505044572846434
robot_1           1780505044556695323   1780505044561027035   1780505044572000000   1780505044572907519
robot_4           1780505044558469081   1780505044558611334   1780505044574000000   1780505044574825675
robot_7           1780505044583254707   1780505044583391426   1780505044594000000   1780505044595032244
robot_2           1780505044595390619   1780505044602018558   1780505044612000000   1780505044613103647
robot_5           1780505044593768981   1780505044602002943   1780505044614000000   1780505044615284051
robot_8           1780505044615085542   1780505044615235664   1780505044632000000   1780505044633244541
robot_10          1780505044622758440   1780505044622877904   1780505044634000000   1780505044635281969
robot_6           1780505044624165587   1780505044624301301   1780505044634000000   1780505044635381396
robot_3           1780505044654818904   1780505044655004125   1780505044673000000   1780505044673551960
robot_1           1780505044656813220   1780505044656977993   1780505044673000000   1780505044673610334
robot_9           1780505044657107217   1780505044657258098   1780505044673000000   1780505044673659889
robot_4           1780505044658524902   1780505044658671003   1780505044675000000   1780505044675490884
robot_7           1780505044683281791   1780505044683407359   1780505044695000000   1780505044695619432
robot_5           1780505044693948983   1780505044694080976   1780505044705000000   1780505044705705122
robot_2           1780505044695030180   1780505044695152351   1780505044713000000   1780505044713797442
robot_8           1780505044714925508   1780505044715040125   1780505044733000000   1780505044734086806
robot_10          1780505044722923708   1780505044723213686   1780505044735000000   1780505044736070665
robot_6           1780505044724345549   1780505044724521777   1780505044735000000   1780505044736216708
robot_3           1780505044754667705   1780505044754741020   1780505044773000000   1780505044774471397
robot_1           1780505044756746717   1780505044756893584   1780505044773000000   1780505044774552777
robot_9           1780505044757130220   1780505044757272542   1780505044774000000   1780505044774619943
robot_4           1780505044758556600   1780505044758707737   1780505044775000000   1780505044776113851
robot_7           1780505044783191812   1780505044783802690   1780505044795000000   1780505044796317303
robot_2           1780505044795019892   1780505044795136474   1780505044804000000   1780505044804612593
robot_5           1780505044793988588   1780505044794132090   1780505044806000000   1780505044806460252
robot_8           1780505044814993279   1780505044815926885   1780505044834000000   1780505044834917443
robot_10          1780505044822748066   1780505044822866654   1780505044836000000   1780505044836883301
robot_6           1780505044824124337   1780505044824750381   1780505044836000000   1780505044837049446
robot_3           1780505044854682311   1780505044854799479   1780505044864000000   1780505044865039516
robot_1           1780505044856675622   1780505044856823646   1780505044874000000   1780505044875199745
robot_9           1780505044856948391   1780505044857072012   1780505044874000000   1780505044875324605
robot_4           1780505044858478438   1780505044858625998   1780505044876000000   1780505044876898906
robot_7           1780505044883237332   1780505044883374473   1780505044896000000   1780505044897234615
robot_2           1780505044895087755   1780505044895251342   1780505044904000000   1780505044905399817
robot_5           1780505044893998945   1780505044894143876   1780505044906000000   1780505044907225443
robot_8           1780505044915036357   1780505044915154121   1780505044925000000   1780505044925814562
robot_6           1780505044924133955   1780505044924275854   1780505044937000000   1780505044937544507
robot_10          1780505044922746778   1780505044925137582   1780505044937000000   1780505044937645605
robot_3           1780505044954608660   1780505044954667396   1780505044965000000   1780505044965841140
robot_9           1780505044957000180   1780505044957133042   1780505044975000000   1780505044975942155
robot_1           1780505044956610654   1780505044960420982   1780505044975000000   1780505044976003934
robot_4           1780505044958400350   1780505044958537627   1780505044977000000   1780505044977694333
robot_7           1780505044983310284   1780505044983453942   1780505044997000000   1780505044998172388
robot_2           1780505044995258557   1780505045001747476   1780505045015000000   1780505045016187281
robot_5           1780505044993826359   1780505045003170111   1780505045017000000   1780505045018047907
robot_8           1780505045014960722   1780505045015088655   1780505045025000000   1780505045026302667
robot_10          1780505045022756363   1780505045022864180   1780505045037000000   1780505045038316825
robot_6           1780505045024117869   1780505045024275902   1780505045037000000   1780505045038373776
robot_3           1780505045054717978   1780505045054789639   1780505045066000000   1780505045066614864
robot_1           1780505045056754806   1780505045056886557   1780505045066000000   1780505045066672682
robot_9           1780505045057007123   1780505045057142033   1780505045066000000   1780505045066734321
robot_4           1780505045058599174   1780505045060737494   1780505045078000000   1780505045079039479
robot_7           1780505045083331369   1780505045083501131   1780505045098000000   1780505045098836377
robot_2           1780505045095126879   1780505045095268311   1780505045106000000   1780505045106963146
robot_5           1780505045093968336   1780505045094088651   1780505045108000000   1780505045108640056
robot_8           1780505045114984331   1780505045115127194   1780505045126000000   1780505045127254650
robot_10          1780505045122785575   1780505045122911864   1780505045138000000   1780505045139132905
robot_6           1780505045124134849   1780505045124277965   1780505045138000000   1780505045139192110
robot_3           1780505045154767697   1780505045154869075   1780505045166000000   1780505045167560249
robot_1           1780505045156840200   1780505045156960407   1780505045167000000   1780505045167694829
robot_9           1780505045157146166   1780505045157278407   1780505045167000000   1780505045167713234
robot_4           1780505045158556669   1780505045158685763   1780505045178000000   1780505045179290392
robot_7           1780505045183208894   1780505045183799262   1780505045198000000   1780505045199449080
robot_2           1780505045195083553   1780505045195198704   1780505045207000000   1780505045207972664
robot_5           1780505045193968382   1780505045194091763   1780505045208000000   1780505045209449101
robot_8           1780505045214950565   1780505045215429258   1780505045227000000   1780505045227926762
robot_10          1780505045222773836   1780505045222894334   1780505045239000000   1780505045239763964
robot_6           1780505045224168582   1780505045224947833   1780505045239000000   1780505045239833489
robot_3           1780505045254736200   1780505045254844527   1780505045267000000   1780505045268311690
robot_1           1780505045256647940   1780505045256766679   1780505045267000000   1780505045268384112
robot_9           1780505045256965926   1780505045257097497   1780505045267000000   1780505045268474646
robot_4           1780505045258503785   1780505045258624261   1780505045269000000   1780505045269742953
robot_7           1780505045283226029   1780505045283348555   1780505045299000000   1780505045300045896
robot_2           1780505045295049170   1780505045295201938   1780505045308000000   1780505045308583794
robot_5           1780505045293990771   1780505045294124999   1780505045309000000   1780505045310208144
robot_8           1780505045314970028   1780505045315091988   1780505045328000000   1780505045328904125
robot_6           1780505045324162299   1780505045324299906   1780505045339000000   1780505045340490652
robot_10          1780505045322902282   1780505045325115293   1780505045339000000   1780505045340546230
robot_3           1780505045354607251   1780505045354790031   1780505045368000000   1780505045369368519
robot_9           1780505045357003033   1780505045357121063   1780505045368000000   1780505045369513463
robot_4           1780505045358488571   1780505045358613544   1780505045370000000   1780505045370610648
robot_1           1780505045356675563   1780505045361084821   1780505045378000000   1780505045379163611
robot_7           1780505045383308229   1780505045383439493   1780505045400000000   1780505045400921448
robot_5           1780505045393750501   1780505045402696014   1780505045420000000   1780505045420884609
robot_8           1780505045415006644   1780505045415143775   1780505045429000000   1780505045429432987
robot_2           1780505045395249639   1780505045401754356   1780505045429000000   1780505045429488402
robot_10          1780505045422782984   1780505045422916959   1780505045440000000   1780505045441336303
robot_6           1780505045424189382   1780505045424360523   1780505045440000000   1780505045441511661
robot_3           1780505045454902915   1780505045455034036   1780505045469000000   1780505045469873181
robot_1           1780505045456834892   1780505045456971577   1780505045469000000   1780505045469984368
robot_9           1780505045457049274   1780505045457199142   1780505045469000000   1780505045469994603
robot_4           1780505045458499930   1780505045458611098   1780505045470000000   1780505045471100869
robot_7           1780505045483302161   1780505045483443080   1780505045501000000   1780505045501453547
robot_2           1780505045495071498   1780505045495203342   1780505045509000000   1780505045510178104
robot_5           1780505045493950499   1780505045494086243   1780505045511000000   1780505045511424663
robot_8           1780505045515026288   1780505045515146141   1780505045529000000   1780505045530495643
robot_10          1780505045522832295   1780505045522962671   1780505045541000000   1780505045541824238
robot_6           1780505045524205184   1780505045524343454   1780505045541000000   1780505045541884771
robot_3           1780505045554614420   1780505045554751676   1780505045570000000   1780505045570583694
robot_1           1780505045556695287   1780505045556827041   1780505045570000000   1780505045570695848
robot_9           1780505045557033465   1780505045557176950   1780505045570000000   1780505045570707400
robot_4           1780505045558480616   1780505045558606161   1780505045571000000   1780505045571870404
robot_7           1780505045583246211   1780505045583902605   1780505045601000000   1780505045602240187
robot_2           1780505045594970969   1780505045595081309   1780505045610000000   1780505045611092656
robot_5           1780505045593915597   1780505045594038110   1780505045611000000   1780505045612179266
robot_8           1780505045614955259   1780505045617117281   1780505045630000000   1780505045630983475
robot_10          1780505045622779178   1780505045622897822   1780505045642000000   1780505045642751338
robot_6           1780505045624229151   1780505045624921384   1780505045642000000   1780505045642940345
robot_3           1780505045654796123   1780505045654940641   1780505045670000000   1780505045671282144
robot_1           1780505045656677653   1780505045656821865   1780505045670000000   1780505045671348875
robot_9           1780505045656964480   1780505045657090432   1780505045670000000   1780505045671442102
robot_4           1780505045658469339   1780505045658596247   1780505045672000000   1780505045672579701
robot_7           1780505045683229953   1780505045683380026   1780505045702000000   1780505045702831549
robot_2           1780505045695148275   1780505045695302071   1780505045711000000   1780505045711579629
robot_5           1780505045693988927   1780505045694130300   1780505045712000000   1780505045712872912
robot_8           1780505045715004229   1780505045715141036   1780505045731000000   1780505045731737171
robot_6           1780505045724109993   1780505045724245355   1780505045742000000   1780505045743187544
robot_10          1780505045722823679   1780505045725882441   1780505045742000000   1780505045743245350
robot_3           1780505045754633791   1780505045754692496   1780505045771000000   1780505045772140192
robot_9           1780505045756975267   1780505045757090880   1780505045771000000   1780505045772221240
robot_1           1780505045756639580   1780505045760759003   1780505045771000000   1780505045772322218
robot_4           1780505045758456767   1780505045758592786   1780505045772000000   1780505045773366447
robot_7           1780505045783252854   1780505045783389025   1780505045803000000   1780505045803722808
robot_2           1780505045795225588   1780505045806572443   1780505045821000000   1780505045822555376
robot_5           1780505045793754723   1780505045806702012   1780505045823000000   1780505045823675868
robot_8           1780505045815055657   1780505045815194188   1780505045832000000   1780505045832547328
robot_10          1780505045822925590   1780505045823065139   1780505045843000000   1780505045843887892
robot_6           1780505045824282996   1780505045824450045   1780505045843000000   1780505045843977155
robot_3           1780505045854682963   1780505045854747526   1780505045872000000   1780505045872692195
robot_9           1780505045857044114   1780505045857216069   1780505045872000000   1780505045872767538
robot_1           1780505045856755344   1780505045856898596   1780505045872000000   1780505045872838078
robot_4           1780505045858461819   1780505045858578674   1780505045873000000   1780505045873966918
robot_7           1780505045883324838   1780505045883484306   1780505045903000000   1780505045904404645
robot_2           1780505045895023530   1780505045895148710   1780505045912000000   1780505045913095859
robot_5           1780505045893946841   1780505045894066995   1780505045913000000   1780505045914288562
robot_8           1780505045914970362   1780505045915092089   1780505045932000000   1780505045933227174
robot_10          1780505045922776721   1780505045922900956   1780505045934000000   1780505045934393135
robot_6           1780505045924219451   1780505045924366974   1780505045944000000   1780505045944620191
robot_3           1780505045954741893   1780505045954837683   1780505045973000000   1780505045973440538
robot_9           1780505045957127276   1780505045957266259   1780505045973000000   1780505045973496895
robot_1           1780505045956677811   1780505045956834925   1780505045973000000   1780505045973565137
robot_4           1780505045958458708   1780505045958575608   1780505045974000000   1780505045974868506
robot_7           1780505045983159754   1780505045984106840   1780505046004000000   1780505046005082148
robot_2           1780505045995050403   1780505045995170934   1780505046013000000   1780505046013799643
robot_5           1780505045994017527   1780505045994175774   1780505046014000000   1780505046015011997
robot_8           1780505046014958148   1780505046019948486   1780505046033000000   1780505046033962196
robot_10          1780505046022798288   1780505046022927935   1780505046034000000   1780505046035256418
robot_6           1780505046024242243   1780505046024968290   1780505046044000000   1780505046045475003
robot_3           1780505046054675150   1780505046054772003   1780505046073000000   1780505046074262719
robot_9           1780505046057030643   1780505046057154648   1780505046073000000   1780505046074317603
robot_1           1780505046056664903   1780505046056779437   1780505046073000000   1780505046074409211
robot_4           1780505046058501257   1780505046058644738   1780505046075000000   1780505046075329412
robot_7           1780505046083247006   1780505046083370321   1780505046095000000   1780505046095683292
robot_5           1780505046094015898   1780505046094181044   1780505046105000000   1780505046105697369
robot_2           1780505046095156419   1780505046095308493   1780505046114000000   1780505046114656880
robot_8           1780505046115125048   1780505046115282773   1780505046134000000   1780505046134757519
robot_6           1780505046124146019   1780505046124281467   1780505046135000000   1780505046135859636
robot_10          1780505046122718880   1780505046125879881   1780505046145000000   1780505046146051903
robot_3           1780505046154893379   1780505046154994640   1780505046174000000   1780505046175049562
robot_9           1780505046156976802   1780505046157087456   1780505046174000000   1780505046175123347
robot_1           1780505046156643311   1780505046161819398   1780505046174000000   1780505046175219016
robot_4           1780505046158455704   1780505046158575467   1780505046175000000   1780505046176187804
robot_7           1780505046183272594   1780505046183372128   1780505046195000000   1780505046196576710
robot_2           1780505046195214476   1780505046201772084   1780505046214000000   1780505046215402017
robot_5           1780505046193753195   1780505046202649854   1780505046216000000   1780505046216326322
robot_8           1780505046214998056   1780505046215146522   1780505046224000000   1780505046225298201
robot_10          1780505046222738256   1780505046222859952   1780505046236000000   1780505046236704356
robot_6           1780505046224101393   1780505046224259265   1780505046236000000   1780505046236802016
robot_3           1780505046254696930   1780505046254866447   1780505046265000000   1780505046265535200
robot_9           1780505046257121779   1780505046257258368   1780505046275000000   1780505046275750988
robot_1           1780505046256706843   1780505046256843601   1780505046275000000   1780505046275832280
robot_4           1780505046258504664   1780505046258621761   1780505046276000000   1780505046277040081
robot_7           1780505046283316406   1780505046283468923   1780505046296000000   1780505046297069424
robot_2           1780505046295093685   1780505046295222307   1780505046305000000   1780505046305834832
robot_5           1780505046293961206   1780505046294086143   1780505046306000000   1780505046306998938
robot_8           1780505046315023516   1780505046315161503   1780505046325000000   1780505046325990177
robot_10          1780505046322879149   1780505046322996128   1780505046336000000   1780505046337497369
robot_6           1780505046324089635   1780505046324243670   1780505046337000000   1780505046337554607
robot_3           1780505046354776208   1780505046354869991   1780505046365000000   1780505046366481537
robot_1           1780505046356852670   1780505046357008668   1780505046375000000   1780505046376375240
robot_9           1780505046357144692   1780505046357299035   1780505046375000000   1780505046376429258
robot_4           1780505046358558286   1780505046358679460   1780505046377000000   1780505046377577026
robot_7           1780505046383206546   1780505046384038009   1780505046397000000   1780505046397887213
robot_2           1780505046395081127   1780505046395206377   1780505046406000000   1780505046406636367
robot_5           1780505046393972529   1780505046394102048   1780505046407000000   1780505046408065298
robot_8           1780505046414998713   1780505046415791753   1780505046426000000   1780505046426744104
robot_10          1780505046422823256   1780505046422939623   1780505046437000000   1780505046438312225
robot_6           1780505046424082326   1780505046425131549   1780505046437000000   1780505046438371486
robot_3           1780505046454610517   1780505046454780665   1780505046466000000   1780505046467059165
robot_1           1780505046456659660   1780505046456753384   1780505046466000000   1780505046467114341
robot_9           1780505046457032309   1780505046457152459   1780505046466000000   1780505046467123032
robot_4           1780505046458519398   1780505046458658774   1780505046477000000   1780505046478431715
robot_7           1780505046483318597   1780505046483478311   1780505046498000000   1780505046498579669
robot_2           1780505046495136108   1780505046495271899   1780505046506000000   1780505046507497475
robot_5           1780505046493966196   1780505046494093897   1780505046508000000   1780505046508549584
robot_8           1780505046514962894   1780505046515082154   1780505046527000000   1780505046527505985
robot_6           1780505046524140578   1780505046524275812   1780505046538000000   1780505046538997198
robot_10          1780505046522871528   1780505046525748686   1780505046538000000   1780505046539155097
robot_3           1780505046554861452   1780505046554929266   1780505046567000000   1780505046568025520
robot_9           1780505046556977343   1780505046557100007   1780505046567000000   1780505046568101045
robot_1           1780505046556629847   1780505046561170962   1780505046577000000   1780505046577966554
robot_4           1780505046558508275   1780505046558649167   1780505046578000000   1780505046579012434
robot_7           1780505046583211405   1780505046583339323   1780505046598000000   1780505046599637028
robot_2           1780505046595298697   1780505046602060445   1780505046617000000   1780505046618283832
robot_5           1780505046593767152   1780505046602434301   1780505046618000000   1780505046619303242
robot_8           1780505046614999783   1780505046615147689   1780505046627000000   1780505046628280794
robot_10          1780505046622797281   1780505046622921393   1780505046639000000   1780505046639580731
robot_6           1780505046624143521   1780505046624272619   1780505046639000000   1780505046639634550
robot_3           1780505046654665140   1780505046654720889   1780505046668000000   1780505046668546758
robot_9           1780505046657048661   1780505046657178007   1780505046668000000   1780505046668626662
robot_1           1780505046656778977   1780505046656931168   1780505046668000000   1780505046668735076
robot_4           1780505046658465664   1780505046658597971   1780505046679000000   1780505046679856528
robot_7           1780505046683287110   1780505046683419659   1780505046699000000   1780505046699854210
robot_2           1780505046695083374   1780505046695218760   1780505046708000000   1780505046708801844
robot_5           1780505046693945169   1780505046694072889   1780505046709000000   1780505046709781850
robot_8           1780505046715053495   1780505046715185207   1780505046728000000   1780505046728997231
robot_10          1780505046722873036   1780505046723000798   1780505046739000000   1780505046740180514
robot_6           1780505046724119744   1780505046724252531   1780505046739000000   1780505046740249524
robot_9           1780505046757063883   1780505046757210753   1780505046768000000   1780505046769335006
robot_3           1780505046754698058   1780505046754828551   1780505046768000000   1780505046769407428
robot_1           1780505046756792679   1780505046756965441   1780505046768000000   1780505046769419879
robot_4           1780505046758545177   1780505046758681736   1780505046769000000   1780505046770320678
robot_7           1780505046783268381   1780505046784211905   1780505046800000000   1780505046800715157
robot_2           1780505046795097066   1780505046795246362   1780505046809000000   1780505046809768572
robot_5           1780505046794020477   1780505046794156274   1780505046810000000   1780505046810689239
robot_8           1780505046814960787   1780505046820939501   1780505046839000000   1780505046840086347
robot_10          1780505046822986778   1780505046823123042   1780505046840000000   1780505046840880012
robot_6           1780505046824272948   1780505046825663169   1780505046840000000   1780505046841028587
robot_3           1780505046854658514   1780505046854726437   1780505046869000000   1780505046869971221
robot_1           1780505046856721040   1780505046856859100   1780505046869000000   1780505046870039954
robot_9           1780505046856994873   1780505046857124383   1780505046869000000   1780505046870052372
robot_4           1780505046858485593   1780505046858608883   1780505046870000000   1780505046870846737
robot_7           1780505046883230959   1780505046883362236   1780505046900000000   1780505046901220096
robot_2           1780505046895058307   1780505046895213345   1780505046909000000   1780505046910487740
robot_5           1780505046894008398   1780505046894145382   1780505046910000000   1780505046911205424
robot_8           1780505046915058698   1780505046915180916   1780505046929000000   1780505046930434775
robot_6           1780505046924183025   1780505046924333628   1780505046941000000   1780505046941691887
robot_10          1780505046922892768   1780505046925385080   1780505046941000000   1780505046941770709
robot_3           1780505046954681664   1780505046954877692   1780505046970000000   1780505046970759560
robot_9           1780505046957010067   1780505046957166569   1780505046970000000   1780505046970857005
robot_4           1780505046958494880   1780505046958631673   1780505046971000000   1780505046971510762
robot_1           1780505046956624768   1780505046960463638   1780505046980000000   1780505046980776112
robot_7           1780505046983211719   1780505046983351418   1780505047001000000   1780505047002095730
robot_2           1780505046995312374   1780505047005814828   1780505047020000000   1780505047021123939
robot_5           1780505046993837939   1780505047003041258   1780505047021000000   1780505047021887616
robot_8           1780505047014976795   1780505047015102910   1780505047030000000   1780505047031163328
robot_10          1780505047022884314   1780505047023014208   1780505047041000000   1780505047042244272
robot_6           1780505047024234947   1780505047024411511   1780505047041000000   1780505047042411776
robot_3           1780505047054846827   1780505047054969689   1780505047071000000   1780505047071466260
robot_1           1780505047056687288   1780505047056836359   1780505047071000000   1780505047071519349
robot_9           1780505047057004316   1780505047057135440   1780505047071000000   1780505047071529259
robot_4           1780505047058522929   1780505047058659824   1780505047071000000   1780505047072312821
robot_7           1780505047083353020   1780505047083522487   1780505047102000000   1780505047102603392
robot_2           1780505047095035538   1780505047095175552   1780505047111000000   1780505047111870340
robot_5           1780505047093989012   1780505047094111618   1780505047112000000   1780505047112602275
robot_8           1780505047115050914   1780505047115172031   1780505047131000000   1780505047132005671
robot_10          1780505047122785216   1780505047122904446   1780505047142000000   1780505047142818640
robot_6           1780505047124108571   1780505047124235959   1780505047142000000   1780505047142977789
robot_3           1780505047154688326   1780505047154790438   1780505047171000000   1780505047172289429
robot_9           1780505047157081242   1780505047157223087   1780505047171000000   1780505047172365190
robot_1           1780505047156796773   1780505047156947497   1780505047171000000   1780505047172461947
robot_4           1780505047158469313   1780505047158599898   1780505047172000000   1780505047172968475
robot_7           1780505047183194033   1780505047183415526   1780505047192000000   1780505047193211422
robot_5           1780505047194053464   1780505047194235647   1780505047202000000   1780505047203279707
robot_2           1780505047195048240   1780505047195170608   1780505047212000000   1780505047212641448
robot_8           1780505047214952811   1780505047215656367   1780505047232000000   1780505047232761536
robot_10          1780505047222731300   1780505047222853352   1780505047243000000   1780505047243739445
robot_6           1780505047224188110   1780505047224799998   1780505047243000000   1780505047243898179
robot_9           1780505047257067629   1780505047257211169   1780505047272000000   1780505047273291011
robot_3           1780505047254866533   1780505047254979082   1780505047272000000   1780505047273362383
robot_1           1780505047256881973   1780505047257036709   1780505047272000000   1780505047273375073
robot_4           1780505047258562128   1780505047258698482   1780505047273000000   1780505047273707701
robot_7           1780505047283311886   1780505047283426910   1780505047303000000   1780505047303928080
robot_2           1780505047295046733   1780505047295172370   1780505047312000000   1780505047313427005
robot_5           1780505047293945996   1780505047294069125   1780505047313000000   1780505047313803010
robot_8           1780505047315070678   1780505047315196091   1780505047332000000   1780505047333430170
robot_6           1780505047324124903   1780505047324256905   1780505047343000000   1780505047344393351
robot_10          1780505047322891961   1780505047328866308   1780505047343000000   1780505047344448671
robot_9           1780505047356975782   1780505047357093442   1780505047373000000   1780505047373816365
robot_3           1780505047354600765   1780505047354673913   1780505047373000000   1780505047373908935
robot_1           1780505047356643188   1780505047360682059   1780505047373000000   1780505047374008483
robot_4           1780505047358521046   1780505047358652805   1780505047373000000   1780505047374266606
robot_7           1780505047383154579   1780505047383276669   1780505047384000000   1780505047384490572
robot_2           1780505047395171646   1780505047402205087   1780505047413000000   1780505047414072753
robot_5           1780505047393763481   1780505047402619279   1780505047414000000   1780505047414614215
robot_8           1780505047415071250   1780505047415212362   1780505047433000000   1780505047434211684
robot_10          1780505047422789740   1780505047422916105   1780505047434000000   1780505047434690165
robot_6           1780505047424150902   1780505047424300761   1780505047444000000   1780505047444919947
robot_3           1780505047454656985   1780505047454719535   1780505047473000000   1780505047474514133
robot_1           1780505047456835476   1780505047456990234   1780505047474000000   1780505047474588105
robot_9           1780505047457010537   1780505047457156381   1780505047473000000   1780505047474599831
robot_4           1780505047458468904   1780505047458623292   1780505047474000000   1780505047474967805
robot_7           1780505047483267345   1780505047483396561   1780505047494000000   1780505047495263052
robot_2           1780505047495197385   1780505047495349742   1780505047514000000   1780505047514779551
robot_5           1780505047493964028   1780505047494100809   1780505047514000000   1780505047515256817
robot_10          1780505047523055308   1780505047523231330   1780505047524000000   1780505047525457834
robot_8           1780505047514995473   1780505047515117006   1780505047534000000   1780505047535096760
robot_6           1780505047524182460   1780505047524319772   1780505047545000000   1780505047545637671
robot_3           1780505047554672469   1780505047554831177   1780505047574000000   1780505047575367133
robot_9           1780505047557076967   1780505047557255216   1780505047574000000   1780505047575426201
robot_1           1780505047556702985   1780505047556842573   1780505047574000000   1780505047575500771
robot_4           1780505047558533756   1780505047558668967   1780505047575000000   1780505047575717117
robot_7           1780505047583248342   1780505047584295655   1780505047585000000   1780505047585908038
robot_5           1780505047593965881   1780505047594089641   1780505047595000000   1780505047596003445
robot_2           1780505047595028686   1780505047595142927   1780505047615000000   1780505047616898725
robot_10          1780505047622891259   1780505047623016545   1780505047626000000   1780505047626540576
robot_8           1780505047615165564   1780505047620077794   1780505047635000000   1780505047635749615
robot_6           1780505047624156254   1780505047626959347   1780505047636000000   1780505047636459442
robot_4           1780505047658475108   1780505047658609707   1780505047666000000   1780505047666767889
robot_3           1780505047654698867   1780505047654919778   1780505047675000000   1780505047676012544
robot_9           1780505047657080417   1780505047657204510   1780505047675000000   1780505047676068275
robot_1           1780505047656767115   1780505047656906321   1780505047675000000   1780505047676147257
robot_7           1780505047683208106   1780505047683350303   1780505047686000000   1780505047686819019
robot_5           1780505047693939748   1780505047694059190   1780505047696000000   1780505047696879162
robot_2           1780505047695013094   1780505047695141216   1780505047705000000   1780505047706129687
robot_8           1780505047714939613   1780505047715054260   1780505047725000000   1780505047726286709
robot_6           1780505047724149923   1780505047724305813   1780505047726000000   1780505047726923575
robot_10          1780505047722912042   1780505047725275487   1780505047726000000   1780505047726950740
robot_3           1780505047754658802   1780505047754826289   1780505047766000000   1780505047766634321
robot_4           1780505047758470633   1780505047758597333   1780505047766000000   1780505047767174399
robot_9           1780505047756969859   1780505047757093570   1780505047776000000   1780505047776702197
robot_1           1780505047756629450   1780505047760272110   1780505047776000000   1780505047776756550
robot_7           1780505047783208606   1780505047783337680   1780505047786000000   1780505047787337589
robot_2           1780505047795360839   1780505047802630256   1780505047816000000   1780505047817157836
robot_5           1780505047793763022   1780505047806231924   1780505047817000000   1780505047817376635
robot_8           1780505047814995469   1780505047815133705   1780505047826000000   1780505047827010566
robot_6           1780505047824138640   1780505047824286577   1780505047827000000   1780505047827408711
robot_10          1780505047822736180   1780505047822874661   1780505047827000000   1780505047827447034
robot_3           1780505047854581716   1780505047854676867   1780505047866000000   1780505047867360342
robot_4           1780505047858486734   1780505047861628733   1780505047867000000   1780505047867717722
robot_1           1780505047856694715   1780505047856859365   1780505047877000000   1780505047877623182
robot_9           1780505047856962920   1780505047857090296   1780505047877000000   1780505047877694050
robot_7           1780505047883234107   1780505047883359988   1780505047887000000   1780505047888168165
robot_5           1780505047893943477   1780505047894060990   1780505047897000000   1780505047898088396
robot_2           1780505047895029027   1780505047895158250   1780505047907000000   1780505047907740691
robot_8           1780505047914955594   1780505047915075735   1780505047927000000   1780505047928195934
robot_10          1780505047922808206   1780505047922932751   1780505047928000000   1780505047928537001
robot_6           1780505047924137749   1780505047924275217   1780505047937000000   1780505047938362936
robot_3           1780505047954720806   1780505047954801337   1780505047967000000   1780505047968479308
robot_1           1780505047956892753   1780505047957061218   1780505047977000000   1780505047978356369
robot_9           1780505047957016419   1780505047957170320   1780505047977000000   1780505047978421240
robot_4           1780505047958586934   1780505047958722886   1780505047978000000   1780505047978483105
robot_7           1780505047983257309   1780505047984635379   1780505047998000000   1780505047998681745
robot_2           1780505047995075749   1780505047995220662   1780505048008000000   1780505048009084677
robot_5           1780505047994056092   1780505047994202133   1780505048008000000   1780505048009173627
robot_8           1780505048015140219   1780505048016592385   1780505048028000000   1780505048028773074
robot_10          1780505048022881753   1780505048023017988   1780505048028000000   1780505048028991164
robot_6           1780505048024150200   1780505048031185414   1780505048048000000   1780505048049117729
robot_9           1780505048057028691   1780505048057169408   1780505048068000000   1780505048069015822
robot_3           1780505048054809736   1780505048054903504   1780505048068000000   1780505048069088596
robot_1           1780505048056727825   1780505048056855070   1780505048068000000   1780505048069200127
robot_4           1780505048058458634   1780505048058593085   1780505048068000000   1780505048069228377
robot_7           1780505048083251559   1780505048083408939   1780505048098000000   1780505048099565002
robot_2           1780505048095232281   1780505048095398943   1780505048108000000   1780505048109352094
robot_5           1780505048094007295   1780505048094149651   1780505048108000000   1780505048109473350
robot_8           1780505048115062462   1780505048115203295   1780505048128000000   1780505048129489363
robot_6           1780505048124186874   1780505048124322626   1780505048139000000   1780505048139741796
robot_10          1780505048122900837   1780505048125290059   1780505048139000000   1780505048139819894
robot_3           1780505048154902511   1780505048154987530   1780505048169000000   1780505048169931200
robot_9           1780505048157038575   1780505048157167348   1780505048169000000   1780505048170000237
robot_1           1780505048156695382   1780505048160946331   1780505048179000000   1780505048179928279
robot_4           1780505048158551298   1780505048158705609   1780505048179000000   1780505048180030210
robot_7           1780505048183267559   1780505048183414636   1780505048199000000   1780505048200164673
robot_2           1780505048195283625   1780505048201986235   1780505048219000000   1780505048220085316
robot_5           1780505048193753488   1780505048202335592   1780505048219000000   1780505048220199140
robot_8           1780505048214978036   1780505048215105947   1780505048229000000   1780505048230202644
robot_10          1780505048222764108   1780505048222888271   1780505048239000000   1780505048240453819
robot_6           1780505048224180264   1780505048224327263   1780505048239000000   1780505048240530520
robot_3           1780505048254795783   1780505048254863814   1780505048269000000   1780505048270452525
robot_9           1780505048257193132   1780505048257348533   1780505048269000000   1780505048270521373
robot_1           1780505048256702914   1780505048256849403   1780505048270000000   1780505048270567704
robot_4           1780505048258459436   1780505048258606935   1780505048270000000   1780505048270580301
robot_7           1780505048283341768   1780505048283479261   1780505048300000000   1780505048300690556
robot_5           1780505048294127061   1780505048294316349   1780505048310000000   1780505048310695746
robot_2           1780505048295252795   1780505048295396910   1780505048310000000   1780505048310799634
robot_8           1780505048314927774   1780505048315073381   1780505048330000000   1780505048331046928
robot_10          1780505048322778934   1780505048322904051   1780505048340000000   1780505048341001992
robot_6           1780505048324217531   1780505048324356014   1780505048340000000   1780505048341058024
robot_9           1780505048357109184   1780505048357263349   1780505048370000000   1780505048371145220
robot_3           1780505048354704006   1780505048354910670   1780505048370000000   1780505048371214707
robot_1           1780505048356722183   1780505048356851253   1780505048370000000   1780505048371229027
robot_4           1780505048358605361   1780505048358743423   1780505048370000000   1780505048371272087
robot_7           1780505048383198691   1780505048383634143   1780505048400000000   1780505048401449392
robot_5           1780505048393960962   1780505048394093947   1780505048411000000   1780505048411527236
robot_2           1780505048395000460   1780505048395117995   1780505048411000000   1780505048411600450
robot_8           1780505048414990407   1780505048415792343   1780505048431000000   1780505048431568146
robot_6           1780505048424184711   1780505048425308628   1780505048441000000   1780505048441931878
robot_10          1780505048422734123   1780505048422862106   1780505048441000000   1780505048442012151
robot_9           1780505048456985894   1780505048457103718   1780505048471000000   1780505048471918434
robot_4           1780505048458486416   1780505048458611011   1780505048471000000   1780505048471994372
robot_3           1780505048454628744   1780505048454732964   1780505048471000000   1780505048472056821
robot_1           1780505048456632732   1780505048456748143   1780505048471000000   1780505048472096296
robot_7           1780505048483221698   1780505048483373054   1780505048501000000   1780505048502150651
robot_2           1780505048495100013   1780505048495241433   1780505048501000000   1780505048502216723
robot_5           1780505048494025253   1780505048494176640   1780505048511000000   1780505048512158483
robot_8           1780505048514941285   1780505048515078943   1780505048531000000   1780505048532327958
robot_6           1780505048524174977   1780505048524337858   1780505048531000000   1780505048532470566
robot_10          1780505048522900992   1780505048528911992   1780505048541000000   1780505048542494576
robot_4           1780505048558493108   1780505048558617185   1780505048562000000   1780505048562453267
robot_3           1780505048554694240   1780505048554779042   1780505048572000000   1780505048572697326
robot_9           1780505048557054304   1780505048557186164   1780505048572000000   1780505048572776972
robot_1           1780505048556621383   1780505048560825067   1780505048572000000   1780505048572834458
robot_7           1780505048583226007   1780505048583350783   1780505048602000000   1780505048602837257
robot_5           1780505048593751215   1780505048602706059   1780505048622000000   1780505048622910376
robot_2           1780505048595338806   1780505048601855261   1780505048622000000   1780505048622969954
robot_8           1780505048614952845   1780505048615078222   1780505048632000000   1780505048633043159
robot_6           1780505048624236247   1780505048624407012   1780505048632000000   1780505048633110433
robot_10          1780505048622859030   1780505048623027268   1780505048642000000   1780505048643073528
robot_3           1780505048655029287   1780505048655123453   1780505048672000000   1780505048673257380
robot_1           1780505048656753926   1780505048656929789   1780505048672000000   1780505048673317136
robot_4           1780505048658469579   1780505048658590675   1780505048672000000   1780505048673328041
robot_9           1780505048657100359   1780505048657274943   1780505048672000000   1780505048673334870
robot_7           1780505048683396769   1780505048683553878   1780505048693000000   1780505048693678957
robot_5           1780505048694199786   1780505048694408668   1780505048703000000   1780505048703571419
robot_2           1780505048695244608   1780505048695409924   1780505048713000000   1780505048713523320
robot_8           1780505048715084045   1780505048715254269   1780505048733000000   1780505048733692330
robot_6           1780505048724201306   1780505048724341928   1780505048733000000   1780505048733857684
robot_10          1780505048722852915   1780505048722981134   1780505048743000000   1780505048743784295
robot_4           1780505048758541915   1780505048758683022   1780505048773000000   1780505048774031829
robot_3           1780505048754634899   1780505048754802991   1780505048773000000   1780505048774105140
robot_9           1780505048757054240   1780505048757211749   1780505048773000000   1780505048774120771
robot_1           1780505048756811278   1780505048756952977   1780505048773000000   1780505048774133394
robot_7           1780505048783167357   1780505048783707072   1780505048803000000   1780505048804199076
robot_2           1780505048795040125   1780505048795169296   1780505048803000000   1780505048804267678
robot_5           1780505048794047490   1780505048794226927   1780505048813000000   1780505048814977566
robot_10          1780505048822751537   1780505048822861161   1780505048823000000   1780505048824407227
robot_8           1780505048815030516   1780505048815370288   1780505048833000000   1780505048834490627
robot_6           1780505048824148479   1780505048824715856   1780505048844000000   1780505048844492423
robot_9           1780505048857018272   1780505048857155501   1780505048874000000   1780505048874791218
robot_4           1780505048858448305   1780505048858571460   1780505048874000000   1780505048874862842
robot_3           1780505048854758819   1780505048854857475   1780505048874000000   1780505048874872300
robot_1           1780505048856661256   1780505048856773388   1780505048874000000   1780505048874945235
robot_7           1780505048883220348   1780505048883338369   1780505048894000000   1780505048895723551
robot_2           1780505048895166558   1780505048895345856   1780505048914000000   1780505048915105594
robot_5           1780505048894012899   1780505048894179298   1780505048914000000   1780505048915278532
robot_8           1780505048915040559   1780505048915201539   1780505048934000000   1780505048935211074
robot_6           1780505048924160804   1780505048924304952   1780505048944000000   1780505048945259498
robot_10          1780505048922947167   1780505048925068077   1780505048944000000   1780505048945371796
robot_9           1780505048956940446   1780505048957054190   1780505048975000000   1780505048975528719
robot_3           1780505048954674852   1780505048954810371   1780505048975000000   1780505048975602346
robot_1           1780505048956633095   1780505048960487465   1780505048975000000   1780505048975618513
robot_4           1780505048958498989   1780505048958657352   1780505048975000000   1780505048975651803
robot_7           1780505048983223798   1780505048983368526   1780505048995000000   1780505048995694497
robot_2           1780505048995325824   1780505049002096582   1780505049015000000   1780505049015754489
robot_5           1780505048993757252   1780505049002674782   1780505049015000000   1780505049015891918
robot_8           1780505049015072514   1780505049015207986   1780505049035000000   1780505049035948953
robot_10          1780505049022780212   1780505049022901135   1780505049035000000   1780505049036002592
robot_6           1780505049024219062   1780505049024361665   1780505049035000000   1780505049036012382
robot_3           1780505049054623370   1780505049054848174   1780505049075000000   1780505049076333781
robot_1           1780505049056714346   1780505049056856063   1780505049075000000   1780505049076396229
robot_9           1780505049056990178   1780505049057150612   1780505049075000000   1780505049076472966
robot_4           1780505049058555600   1780505049058723646   1780505049075000000   1780505049076556268
robot_7           1780505049083239137   1780505049083382842   1780505049095000000   1780505049096406862
robot_5           1780505049094031457   1780505049094177851   1780505049105000000   1780505049106524359
robot_2           1780505049095099824   1780505049095226134   1780505049106000000   1780505049106656285
robot_8           1780505049114937664   1780505049115072473   1780505049126000000   1780505049126528962
robot_10          1780505049122799385   1780505049122925233   1780505049136000000   1780505049136712478
robot_6           1780505049124162131   1780505049124289907   1780505049136000000   1780505049136782372
robot_3           1780505049154732789   1780505049154863477   1780505049166000000   1780505049166923084
robot_9           1780505049157134672   1780505049157284008   1780505049176000000   1780505049176881848
robot_1           1780505049156776786   1780505049156915056   1780505049176000000   1780505049176938878
robot_4           1780505049158550403   1780505049158679828   1780505049176000000   1780505049176948648
robot_2           1780505049195049770   1780505049195166065   1780505049196000000   1780505049197092952
robot_7           1780505049183179804   1780505049183691730   1780505049196000000   1780505049197221108
robot_5           1780505049193960811   1780505049194082070   1780505049196000000   1780505049197234512
robot_8           1780505049215027299   1780505049215276354   1780505049226000000   1780505049227209284
robot_10          1780505049222797443   1780505049222912300   1780505049226000000   1780505049227312093
robot_6           1780505049224145755   1780505049224766151   1780505049236000000   1780505049237502973
robot_3           1780505049254718192   1780505049254830650   1780505049267000000   1780505049267517143
robot_1           1780505049256695403   1780505049256829820   1780505049277000000   1780505049277624105
robot_4           1780505049258510440   1780505049258652300   1780505049277000000   1780505049277690889
robot_9           1780505049257054641   1780505049257182530   1780505049277000000   1780505049277705269
robot_7           1780505049283232536   1780505049283372172   1780505049297000000   1780505049297788029
robot_2           1780505049295135136   1780505049295277320   1780505049297000000   1780505049297865842
robot_5           1780505049294070349   1780505049294220526   1780505049307000000   1780505049307851882
robot_8           1780505049315053920   1780505049315194527   1780505049327000000   1780505049328057419
robot_10          1780505049322759308   1780505049324802447   1780505049327000000   1780505049328243513
robot_6           1780505049324170428   1780505049324312334   1780505049337000000   1780505049338093531
robot_3           1780505049354678916   1780505049354748941   1780505049367000000   1780505049368504142
robot_4           1780505049358491932   1780505049358613446   1780505049367000000   1780505049368572669
robot_9           1780505049357034919   1780505049357202739   1780505049368000000   1780505049368587174
robot_1           1780505049356616625   1780505049360788106   1780505049368000000   1780505049368712301
robot_7           1780505049383184278   1780505049383308116   1780505049398000000   1780505049398641561
robot_5           1780505049393752362   1780505049402867822   1780505049418000000   1780505049418704384
robot_2           1780505049395171136   1780505049405727208   1780505049418000000   1780505049418868917
robot_8           1780505049414980078   1780505049415118823   1780505049428000000   1780505049428703613
robot_10          1780505049422833047   1780505049422937961   1780505049438000000   1780505049438858820
robot_6           1780505049424114993   1780505049424250638   1780505049438000000   1780505049438919741
robot_1           1780505049456721862   1780505049456840747   1780505049468000000   1780505049469066388
robot_3           1780505049454670965   1780505049454734856   1780505049468000000   1780505049469129727
robot_9           1780505049457086009   1780505049457224736   1780505049468000000   1780505049469248284
robot_4           1780505049458511623   1780505049462361027   1780505049468000000   1780505049469261345
robot_7           1780505049483332806   1780505049483477445   1780505049498000000   1780505049499236243
robot_2           1780505049495142566   1780505049495282515   1780505049498000000   1780505049499398786
robot_5           1780505049493964645   1780505049494101332   1780505049508000000   1780505049509376709
robot_8           1780505049515010329   1780505049515135978   1780505049529000000   1780505049529538283
robot_6           1780505049524227706   1780505049524377834   1780505049539000000   1780505049539560631
robot_10          1780505049522904039   1780505049523039701   1780505049539000000   1780505049539617348
robot_3           1780505049554657595   1780505049554913287   1780505049569000000   1780505049569749903
robot_1           1780505049556743967   1780505049556912313   1780505049569000000   1780505049569802862
robot_9           1780505049557106489   1780505049557256040   1780505049569000000   1780505049569818258
robot_4           1780505049558581158   1780505049558728002   1780505049569000000   1780505049569894784
robot_7           1780505049583212893   1780505049583543740   1780505049599000000   1780505049599990603
robot_2           1780505049594996217   1780505049595114117   1780505049599000000   1780505049600118812
robot_5           1780505049594045311   1780505049594184760   1780505049609000000   1780505049610240520
robot_8           1780505049615060568   1780505049615733690   1780505049629000000   1780505049630133951
robot_10          1780505049622809905   1780505049622920706   1780505049629000000   1780505049630188415
robot_6           1780505049624101912   1780505049624565006   1780505049639000000   1780505049640476264
robot_1           1780505049656686149   1780505049656774328   1780505049669000000   1780505049670409486
robot_9           1780505049656972433   1780505049657084151   1780505049670000000   1780505049670463169
robot_3           1780505049654639001   1780505049654712999   1780505049669000000   1780505049670471985
robot_4           1780505049658434154   1780505049658574099   1780505049670000000   1780505049670479179
robot_7           1780505049683186857   1780505049683341329   1780505049700000000   1780505049700639503
robot_2           1780505049695021796   1780505049695160683   1780505049700000000   1780505049700710418
robot_5           1780505049694007984   1780505049694147862   1780505049710000000   1780505049710715248
robot_8           1780505049715087671   1780505049715223768   1780505049730000000   1780505049730926115
robot_10          1780505049722843600   1780505049729164489   1780505049730000000   1780505049731056258
robot_6           1780505049724172264   1780505049724342436   1780505049740000000   1780505049741055950
robot_9           1780505049756960338   1780505049757077953   1780505049770000000   1780505049771186231
robot_4           1780505049758453614   1780505049758601124   1780505049770000000   1780505049771242989
robot_3           1780505049754700301   1780505049754784270   1780505049770000000   1780505049771252596
robot_1           1780505049756669315   1780505049760695149   1780505049780000000   1780505049781338427
robot_7           1780505049783322073   1780505049783453119   1780505049800000000   1780505049801629400
robot_5           1780505049793826419   1780505049802662137   1780505049821000000   1780505049821490983
robot_2           1780505049795216709   1780505049802264600   1780505049821000000   1780505049821562925
robot_8           1780505049815030303   1780505049815159411   1780505049831000000   1780505049831545635
robot_10          1780505049822824457   1780505049822963516   1780505049841000000   1780505049841831309
robot_6           1780505049824185352   1780505049824353445   1780505049841000000   1780505049841893350
robot_1           1780505049856691822   1780505049856845115   1780505049861000000   1780505049861754971
robot_4           1780505049858462933   1780505049858604428   1780505049871000000   1780505049871858140
robot_3           1780505049854803684   1780505049854900058   1780505049871000000   1780505049871931897
robot_9           1780505049857023139   1780505049857161540   1780505049871000000   1780505049871941230
robot_7           1780505049883318862   1780505049883483614   1780505049901000000   1780505049902124873
robot_2           1780505049895136854   1780505049895256559   1780505049901000000   1780505049902200559
robot_5           1780505049894005456   1780505049894147287   1780505049911000000   1780505049912186034
robot_8           1780505049914965405   1780505049915085780   1780505049931000000   1780505049932325527
robot_10          1780505049922830618   1780505049922957244   1780505049931000000   1780505049932578519
robot_6           1780505049924142628   1780505049924293666   1780505049941000000   1780505049942443348
robot_3           1780505049954731793   1780505049954818349   1780505049972000000   1780505049972676321
robot_1           1780505049956876128   1780505049957021382   1780505049972000000   1780505049972732073
robot_4           1780505049958535031   1780505049958680053   1780505049972000000   1780505049972840659
robot_9           1780505049957070880   1780505049957204207   1780505049972000000   1780505049972854060
robot_7           1780505049983170256   1780505049983438277   1780505050002000000   1780505050002757304
robot_2           1780505049995009954   1780505049995136939   1780505050012000000   1780505050012919527
robot_5           1780505049993935834   1780505049994100781   1780505050012000000   1780505050013055664
robot_8           1780505050014952494   1780505050015255032   1780505050032000000   1780505050032945352
robot_6           1780505050024136659   1780505050024573737   1780505050032000000   1780505050033065178
robot_10          1780505050022732308   1780505050022863037   1780505050032000000   1780505050033081674
robot_4           1780505050058487870   1780505050058617491   1780505050062000000   1780505050063199353
robot_3           1780505050054833257   1780505050054945606   1780505050072000000   1780505050073202176
robot_1           1780505050056632778   1780505050056754733   1780505050072000000   1780505050073255197
robot_9           1780505050057044815   1780505050057162951   1780505050072000000   1780505050073311768
robot_7           1780505050083236724   1780505050083356978   1780505050093000000   1780505050093523562
robot_5           1780505050094143474   1780505050094310661   1780505050103000000   1780505050103477516
robot_2           1780505050095145787   1780505050095307456   1780505050113000000   1780505050113476694
robot_8           1780505050115035684   1780505050115169853   1780505050133000000   1780505050133588887
robot_10          1780505050122885874   1780505050125420434   1780505050133000000   1780505050133640578
robot_6           1780505050124150314   1780505050124280355   1780505050133000000   1780505050133677577
robot_4           1780505050158500581   1780505050158649025   1780505050163000000   1780505050163790306
robot_3           1780505050154808251   1780505050154886872   1780505050173000000   1780505050173942390
robot_9           1780505050157036052   1780505050157182826   1780505050173000000   1780505050174005778
robot_1           1780505050156634179   1780505050160866873   1780505050173000000   1780505050174015513
robot_7           1780505050183182588   1780505050183311281   1780505050193000000   1780505050194070194
robot_5           1780505050193795387   1780505050202710082   1780505050203000000   1780505050203993890
robot_2           1780505050195388320   1780505050202284901   1780505050213000000   1780505050214143390
robot_8           1780505050215013240   1780505050215136832   1780505050233000000   1780505050234310760
robot_10          1780505050222768332   1780505050222889540   1780505050233000000   1780505050234366864
robot_6           1780505050224187092   1780505050224326458   1780505050243000000   1780505050244274284
robot_1           1780505050256848652   1780505050257013668   1780505050274000000   1780505050274679015
robot_9           1780505050257048204   1780505050257200276   1780505050274000000   1780505050274756685
robot_3           1780505050254772480   1780505050257652125   1780505050274000000   1780505050274771479
robot_4           1780505050258601664   1780505050258731366   1780505050274000000   1780505050274890489
robot_7           1780505050283312047   1780505050283474351   1780505050304000000   1780505050304844546
robot_2           1780505050295063920   1780505050295206992   1780505050314000000   1780505050315033974
robot_5           1780505050293975868   1780505050294117166   1780505050314000000   1780505050315109089
robot_8           1780505050315046196   1780505050315196938   1780505050334000000   1780505050335092856
robot_10          1780505050322832629   1780505050322962024   1780505050334000000   1780505050335222140
robot_6           1780505050324095701   1780505050324229376   1780505050344000000   1780505050345188697
robot_1           1780505050356690425   1780505050356821934   1780505050374000000   1780505050375374231
robot_3           1780505050354621000   1780505050354701773   1780505050374000000   1780505050375428619
robot_4           1780505050358575331   1780505050358715519   1780505050374000000   1780505050375437939
robot_9           1780505050356983304   1780505050357115407   1780505050374000000   1780505050375479899
robot_7           1780505050383167472   1780505050383799320   1780505050394000000   1780505050395376199
robot_5           1780505050393965370   1780505050394106454   1780505050405000000   1780505050405614864
robot_2           1780505050395025212   1780505050395155962   1780505050405000000   1780505050405684653
robot_8           1780505050415049120   1780505050415171581   1780505050425000000   1780505050425620805
robot_10          1780505050422729847   1780505050422847680   1780505050435000000   1780505050435905497
robot_6           1780505050424189626   1780505050424718137   1780505050445000000   1780505050445848414
robot_3           1780505050454894956   1780505050454991782   1780505050475000000   1780505050475976092
robot_4           1780505050458451079   1780505050458566951   1780505050475000000   1780505050476030232
robot_1           1780505050456665304   1780505050456777413   1780505050475000000   1780505050476039099
robot_9           1780505050457047185   1780505050457174749   1780505050475000000   1780505050476046261
robot_7           1780505050483293817   1780505050483410573   1780505050495000000   1780505050496139325
robot_5           1780505050493939697   1780505050494074664   1780505050505000000   1780505050506152073
robot_2           1780505050495174038   1780505050495358080   1780505050505000000   1780505050506205257
robot_8           1780505050514968370   1780505050515106297   1780505050535000000   1780505050536368599
robot_6           1780505050524207998   1780505050524367244   1780505050535000000   1780505050536422159
robot_10          1780505050522993331   1780505050526296980   1780505050545000000   1780505050546436044
robot_3           1780505050554885671   1780505050554972457   1780505050566000000   1780505050566605652
robot_9           1780505050557058317   1780505050557197321   1780505050576000000   1780505050576658040
robot_1           1780505050556657465   1780505050561179998   1780505050576000000   1780505050576720994
robot_4           1780505050558532652   1780505050558685830   1780505050576000000   1780505050576730807
robot_7           1780505050583201422   1780505050583328437   1780505050596000000   1780505050596964041
robot_2           1780505050595201646   1780505050601937066   1780505050616000000   1780505050616890404
robot_5           1780505050593761234   1780505050602816672   1780505050616000000   1780505050616984315
robot_8           1780505050614941065   1780505050615072218   1780505050626000000   1780505050626940464
robot_10          1780505050622735653   1780505050622872009   1780505050636000000   1780505050637104798
robot_6           1780505050624119293   1780505050624250124   1780505050636000000   1780505050637161088
robot_3           1780505050654824023   1780505050654950005   1780505050666000000   1780505050667275648
robot_4           1780505050658485171   1780505050658622472   1780505050666000000   1780505050667337434
robot_1           1780505050656797075   1780505050656929977   1780505050676000000   1780505050677567155
robot_9           1780505050656997484   1780505050657131274   1780505050676000000   1780505050677652512
robot_7           1780505050683322123   1780505050683489914   1780505050697000000   1780505050697544892
robot_2           1780505050695190223   1780505050695335855   1780505050707000000   1780505050707605238
robot_5           1780505050693961097   1780505050694092432   1780505050707000000   1780505050707679621
robot_8           1780505050714961794   1780505050715107903   1780505050727000000   1780505050727968907
robot_10          1780505050722927247   1780505050723050632   1780505050727000000   1780505050728041076
robot_6           1780505050724166650   1780505050724297122   1780505050737000000   1780505050737950751
robot_3           1780505050754773122   1780505050754849188   1780505050767000000   1780505050768153632
robot_1           1780505050756740375   1780505050756910873   1780505050777000000   1780505050778174104
robot_9           1780505050757060695   1780505050757214350   1780505050777000000   1780505050778235077
robot_4           1780505050758615957   1780505050758789401   1780505050778000000   1780505050778331848
robot_7           1780505050783210682   1780505050784218478   1780505050798000000   1780505050798566849
robot_2           1780505050795057718   1780505050795183564   1780505050807000000   1780505050808533098
robot_5           1780505050793983794   1780505050794115254   1780505050808000000   1780505050808740263
robot_8           1780505050815045862   1780505050815199463   1780505050827000000   1780505050828422669
robot_6           1780505050824134598   1780505050824534970   1780505050838000000   1780505050839105818
robot_10          1780505050822763500   1780505050822893427   1780505050838000000   1780505050839170032
robot_3           1780505050854831200   1780505050854927227   1780505050858000000   1780505050858567226
robot_1           1780505050856692865   1780505050856838219   1780505050858000000   1780505050858628844
robot_9           1780505050857039127   1780505050857177984   1780505050868000000   1780505050868701056
robot_4           1780505050858575703   1780505050858725170   1780505050878000000   1780505050879929842
robot_2           1780505050895121330   1780505050895278118   1780505050898000000   1780505050898826156
robot_7           1780505050883311748   1780505050883466623   1780505050898000000   1780505050899065507
robot_5           1780505050893996560   1780505050894131825   1780505050908000000   1780505050909318349
robot_8           1780505050914941179   1780505050915075052   1780505050918000000   1780505050919149313
robot_6           1780505050924147142   1780505050924283072   1780505050939000000   1780505050939580979
robot_10          1780505050922898710   1780505050925545193   1780505050939000000   1780505050939636400
robot_3           1780505050954690731   1780505050954754867   1780505050968000000   1780505050969450847
robot_9           1780505050956981923   1780505050957102682   1780505050968000000   1780505050969539221
robot_4           1780505050958466736   1780505050958611714   1780505050969000000   1780505050969679831
robot_1           1780505050956620693   1780505050960470255   1780505050978000000   1780505050979390208
robot_7           1780505050983226092   1780505050983351885   1780505050999000000   1780505051000093681
robot_2           1780505050995389653   1780505051002228575   1780505051019000000   1780505051019613058
robot_5           1780505050993744919   1780505051006399101   1780505051019000000   1780505051019855132
robot_8           1780505051014998005   1780505051015136800   1780505051029000000   1780505051029647804
robot_6           1780505051024158211   1780505051024302180   1780505051039000000   1780505051040361054
robot_10          1780505051022798216   1780505051022929312   1780505051039000000   1780505051040417916
robot_9           1780505051056985907   1780505051057130628   1780505051069000000   1780505051069899043
robot_3           1780505051054601415   1780505051054713715   1780505051069000000   1780505051069954830
robot_1           1780505051056749541   1780505051056899937   1780505051069000000   1780505051069966758
robot_4           1780505051058454003   1780505051058609862   1780505051069000000   1780505051070125261
robot_7           1780505051083304877   1780505051083448830   1780505051100000000   1780505051100532610
robot_2           1780505051095143287   1780505051095267419   1780505051109000000   1780505051110225924
robot_5           1780505051093936818   1780505051094063313   1780505051110000000   1780505051110476541
robot_8           1780505051115015387   1780505051115137811   1780505051129000000   1780505051130427497
robot_10          1780505051122820439   1780505051122935414   1780505051140000000   1780505051140944683
robot_6           1780505051124124468   1780505051124257956   1780505051140000000   1780505051141008069
robot_9           1780505051156992355   1780505051157136396   1780505051170000000   1780505051170675776
robot_3           1780505051154668326   1780505051154825776   1780505051170000000   1780505051170736884
robot_1           1780505051156776700   1780505051156922044   1780505051170000000   1780505051170750252
robot_4           1780505051158491648   1780505051158619277   1780505051170000000   1780505051170827795
robot_7           1780505051183197108   1780505051183723615   1780505051200000000   1780505051201430892
robot_2           1780505051195081838   1780505051195213232   1780505051210000000   1780505051211033175
robot_5           1780505051194011076   1780505051194143112   1780505051210000000   1780505051211195704
robot_8           1780505051214954672   1780505051215104625   1780505051230000000   1780505051231082238
robot_10          1780505051222751742   1780505051222859144   1780505051241000000   1780505051241884024
robot_6           1780505051224124707   1780505051224643658   1780505051241000000   1780505051241953476
robot_3           1780505051254927200   1780505051255027706   1780505051270000000   1780505051271431172
robot_1           1780505051256659604   1780505051256761492   1780505051271000000   1780505051271494736
robot_9           1780505051256989745   1780505051257111385   1780505051270000000   1780505051271504021
robot_4           1780505051258447815   1780505051258581661   1780505051271000000   1780505051271582742
robot_7           1780505051283329938   1780505051283469887   1780505051301000000   1780505051301930556
robot_2           1780505051295000281   1780505051295122852   1780505051311000000   1780505051311714280
robot_5           1780505051293976974   1780505051294095808   1780505051311000000   1780505051311878725
robot_8           1780505051315031623   1780505051315178806   1780505051331000000   1780505051331815916
robot_10          1780505051322872361   1780505051329279092   1780505051341000000   1780505051342247417
robot_6           1780505051324167164   1780505051324298500   1780505051341000000   1780505051342321474
robot_3           1780505051354652291   1780505051354839661   1780505051371000000   1780505051372258276
robot_9           1780505051357034220   1780505051357174232   1780505051371000000   1780505051372334832
robot_1           1780505051356675903   1780505051360183847   1780505051371000000   1780505051372465908
robot_4           1780505051358485935   1780505051358626910   1780505051371000000   1780505051372490517
robot_7           1780505051383246893   1780505051383366188   1780505051402000000   1780505051402695521
robot_2           1780505051395335137   1780505051402374435   1780505051422000000   1780505051422612278
robot_5           1780505051393770583   1780505051406864626   1780505051422000000   1780505051422747317
robot_8           1780505051415008042   1780505051415136875   1780505051432000000   1780505051432722986
robot_6           1780505051424135983   1780505051424285771   1780505051442000000   1780505051442800555
robot_10          1780505051422913751   1780505051423047475   1780505051442000000   1780505051442860618
robot_9           1780505051457065653   1780505051457200750   1780505051472000000   1780505051472916923
robot_3           1780505051454668490   1780505051454831585   1780505051472000000   1780505051472976563
robot_1           1780505051456693564   1780505051456830090   1780505051472000000   1780505051472986328
robot_4           1780505051458561928   1780505051458701788   1780505051472000000   1780505051473064706
robot_7           1780505051483211513   1780505051483355571   1780505051502000000   1780505051503113162
robot_2           1780505051495102833   1780505051495227416   1780505051512000000   1780505051513198192
robot_5           1780505051493970058   1780505051494097893   1780505051512000000   1780505051513310637
robot_8           1780505051514978031   1780505051515119772   1780505051532000000   1780505051533307965
robot_10          1780505051522841427   1780505051522966126   1780505051532000000   1780505051533361058
robot_6           1780505051524145771   1780505051524292299   1780505051542000000   1780505051543400203
robot_3           1780505051554803407   1780505051554907446   1780505051573000000   1780505051573583052
robot_9           1780505051557165252   1780505051557311883   1780505051573000000   1780505051573636898
robot_1           1780505051556818040   1780505051556950397   1780505051573000000   1780505051573692265
robot_4           1780505051558544992   1780505051558678798   1780505051573000000   1780505051573699982
robot_7           1780505051583195321   1780505051583613848   1780505051603000000   1780505051603802140
robot_5           1780505051594055543   1780505051594207601   1780505051613000000   1780505051613899966
robot_2           1780505051594999412   1780505051595115250   1780505051613000000   1780505051614043317
robot_8           1780505051614938779   1780505051619549043   1780505051633000000   1780505051634062218
robot_10          1780505051622793768   1780505051622918482   1780505051633000000   1780505051634179496
robot_6           1780505051624204168   1780505051624542931   1780505051643000000   1780505051644094288
robot_3           1780505051654896266   1780505051655024122   1780505051673000000   1780505051674376636
robot_1           1780505051656784296   1780505051656877209   1780505051673000000   1780505051674434290
robot_9           1780505051657041693   1780505051657160883   1780505051673000000   1780505051674444310
robot_4           1780505051658533546   1780505051658691797   1780505051673000000   1780505051674506269
robot_7           1780505051683230092   1780505051683349711   1780505051704000000   1780505051704633312
robot_5           1780505051694057940   1780505051694207092   1780505051704000000   1780505051704688260
robot_2           1780505051695140601   1780505051695276268   1780505051704000000   1780505051704751962
robot_8           1780505051714949382   1780505051715071584   1780505051734000000   1780505051734766703
robot_10          1780505051722907463   1780505051724953027   1780505051734000000   1780505051734863663
robot_6           1780505051724209837   1780505051724344003   1780505051744000000   1780505051744676058
robot_3           1780505051754615714   1780505051754667704   1780505051774000000   1780505051775215414
robot_9           1780505051756945676   1780505051757063218   1780505051774000000   1780505051775307936
robot_1           1780505051756613235   1780505051760358165   1780505051774000000   1780505051775393452
robot_4           1780505051758487219   1780505051758597905   1780505051774000000   1780505051775406537
robot_7           1780505051783259532   1780505051783399076   1780505051794000000   1780505051795219369
robot_5           1780505051793787988   1780505051803298696   1780505051814000000   1780505051815369493
robot_2           1780505051795589033   1780505051807173088   1780505051824000000   1780505051825256308
robot_10          1780505051822802524   1780505051822926941   1780505051834000000   1780505051835430116
robot_8           1780505051815071286   1780505051815233604   1780505051835000000   1780505051835582846
robot_6           1780505051824162526   1780505051824321339   1780505051844000000   1780505051845467635
robot_3           1780505051854783604   1780505051854867607   1780505051865000000   1780505051865596930
robot_9           1780505051857169993   1780505051857333943   1780505051875000000   1780505051875723861
robot_4           1780505051858576395   1780505051858681613   1780505051875000000   1780505051875795044
robot_1           1780505051856858161   1780505051857044355   1780505051875000000   1780505051875887501
robot_7           1780505051883367733   1780505051883536912   1780505051895000000   1780505051895741093
robot_5           1780505051893931813   1780505051894053084   1780505051905000000   1780505051905948763
robot_2           1780505051895143148   1780505051895272966   1780505051915000000   1780505051916016279
robot_10          1780505051922867818   1780505051922999801   1780505051925000000   1780505051926238238
robot_8           1780505051915058035   1780505051915178009   1780505051925000000   1780505051926311537
robot_6           1780505051924150881   1780505051924298488   1780505051935000000   1780505051936321189
robot_3           1780505051954592900   1780505051954674440   1780505051965000000   1780505051966401897
robot_9           1780505051957015067   1780505051957155520   1780505051975000000   1780505051976404135
robot_4           1780505051958548686   1780505051958698314   1780505051975000000   1780505051976459296
robot_1           1780505051956713751   1780505051956865553   1780505051976000000   1780505051976469390
robot_7           1780505051983254810   1780505051984479005   1780505051996000000   1780505051996450129
robot_2           1780505051995002657   1780505051995134555   1780505051996000000   1780505051996586135
robot_5           1780505051993984177   1780505051994125938   1780505052006000000   1780505052006664304
robot_10          1780505052022980152   1780505052023122965   1780505052036000000   1780505052037349004
robot_6           1780505052024213526   1780505052024811604   1780505052036000000   1780505052037434149
robot_8           1780505052015057118   1780505052015800746   1780505052036000000   1780505052037566312
robot_3           1780505052054651830   1780505052054848076   1780505052066000000   1780505052067059910
robot_4           1780505052058565638   1780505052058702285   1780505052066000000   1780505052067127788
robot_1           1780505052056707537   1780505052056825121   1780505052076000000   1780505052077148066
robot_9           1780505052056998310   1780505052057117786   1780505052076000000   1780505052077220422
robot_7           1780505052083276417   1780505052083403310   1780505052096000000   1780505052097326943
robot_5           1780505052094029186   1780505052094162958   1780505052106000000   1780505052107377122
robot_2           1780505052095113578   1780505052095269960   1780505052107000000   1780505052107464190
robot_8           1780505052114947624   1780505052115067570   1780505052117000000   1780505052117992633
robot_6           1780505052124146092   1780505052124279699   1780505052137000000   1780505052137572818
robot_10          1780505052122912681   1780505052125360296   1780505052137000000   1780505052137631174
robot_3           1780505052154740658   1780505052154850207   1780505052157000000   1780505052158001069
robot_4           1780505052158470897   1780505052158601940   1780505052167000000   1780505052168079317
robot_1           1780505052156664455   1780505052161300870   1780505052167000000   1780505052168256353
robot_9           1780505052157027883   1780505052157142117   1780505052167000000   1780505052168281677
robot_7           1780505052183182898   1780505052183292648   1780505052197000000   1780505052198290656
robot_2           1780505052195325755   1780505052206603122   1780505052218000000   1780505052218511012
robot_8           1780505052215063031   1780505052215190845   1780505052218000000   1780505052218565771
robot_5           1780505052193772262   1780505052206912093   1780505052227000000   1780505052228250893
robot_6           1780505052224125303   1780505052224256317   1780505052237000000   1780505052238435855
robot_10          1780505052222761963   1780505052222882445   1780505052237000000   1780505052238491086
robot_9           1780505052257015082   1780505052257158545   1780505052258000000   1780505052258667954
robot_3           1780505052254705958   1780505052254890397   1780505052258000000   1780505052258727414
robot_1           1780505052256726873   1780505052256871900   1780505052258000000   1780505052258824995
robot_4           1780505052258480034   1780505052258624639   1780505052278000000   1780505052278746918
robot_7           1780505052283356638   1780505052283500767   1780505052298000000   1780505052298877520
robot_5           1780505052294058561   1780505052294203424   1780505052298000000   1780505052299072336
robot_2           1780505052295145667   1780505052295286395   1780505052298000000   1780505052299088397
robot_8           1780505052314944187   1780505052315069185   1780505052318000000   1780505052319116830
robot_10          1780505052322853436   1780505052322972571   1780505052338000000   1780505052339059148
robot_6           1780505052324135724   1780505052324280600   1780505052338000000   1780505052339115335
robot_3           1780505052354740791   1780505052354829281   1780505052358000000   1780505052359316063
robot_9           1780505052357114737   1780505052357249265   1780505052358000000   1780505052359459010
robot_1           1780505052356780607   1780505052356947879   1780505052358000000   1780505052359474766
robot_4           1780505052358550117   1780505052358724360   1780505052378000000   1780505052379432909
robot_7           1780505052383217785   1780505052384021505   1780505052399000000   1780505052399643898
robot_2           1780505052395034720   1780505052395148410   1780505052399000000   1780505052399786292
robot_5           1780505052393972507   1780505052394103238   1780505052409000000   1780505052409729438
robot_6           1780505052424146855   1780505052425164559   1780505052439000000   1780505052440029632
robot_8           1780505052414947180   1780505052415930945   1780505052439000000   1780505052440084631
robot_10          1780505052422821372   1780505052422989380   1780505052439000000   1780505052440093276
robot_4           1780505052458485648   1780505052458620610   1780505052469000000   1780505052470009123
robot_3           1780505052454597829   1780505052454789228   1780505052469000000   1780505052470069554
robot_9           1780505052456972805   1780505052457085903   1780505052469000000   1780505052470082809
robot_1           1780505052456644823   1780505052456746508   1780505052469000000   1780505052470145252
robot_7           1780505052483293230   1780505052483409979   1780505052499000000   1780505052500226448
robot_2           1780505052495083685   1780505052495216982   1780505052509000000   1780505052510446915
robot_5           1780505052493934565   1780505052494066200   1780505052510000000   1780505052510517004
robot_8           1780505052515003102   1780505052515128468   1780505052530000000   1780505052530454662
robot_10          1780505052523015847   1780505052525060888   1780505052530000000   1780505052530523118
robot_6           1780505052524137791   1780505052524287998   1780505052540000000   1780505052540652254
robot_3           1780505052554656215   1780505052554787846   1780505052570000000   1780505052570775545
robot_9           1780505052557050324   1780505052557192682   1780505052570000000   1780505052570866394
robot_4           1780505052558455320   1780505052558579816   1780505052570000000   1780505052570944528
robot_1           1780505052556652244   1780505052560603607   1780505052580000000   1780505052580974065
robot_7           1780505052583287605   1780505052583422036   1780505052600000000   1780505052601153325
robot_2           1780505052595400641   1780505052602491585   1780505052610000000   1780505052611419199
robot_5           1780505052593782895   1780505052602682091   1780505052610000000   1780505052611481899
robot_8           1780505052614995516   1780505052615123101   1780505052630000000   1780505052631167877
robot_10          1780505052622870762   1780505052623023791   1780505052640000000   1780505052641540785
robot_6           1780505052624132520   1780505052624276028   1780505052640000000   1780505052641622898
robot_3           1780505052654779998   1780505052654924251   1780505052671000000   1780505052671577190
robot_1           1780505052656763296   1780505052656940270   1780505052671000000   1780505052671652142
robot_9           1780505052657044592   1780505052657206646   1780505052671000000   1780505052671667623
robot_4           1780505052658544956   1780505052658677414   1780505052671000000   1780505052671722927
robot_7           1780505052683310805   1780505052683467542   1780505052701000000   1780505052701762993
robot_2           1780505052695100893   1780505052695219495   1780505052701000000   1780505052701844106
robot_5           1780505052693925634   1780505052694042989   1780505052711000000   1780505052711884544
robot_8           1780505052714914093   1780505052715045588   1780505052731000000   1780505052732081387
robot_10          1780505052722779516   1780505052722910920   1780505052731000000   1780505052732139684
robot_6           1780505052724138061   1780505052724295091   1780505052731000000   1780505052732149693
robot_3           1780505052754657445   1780505052754748492   1780505052761000000   1780505052762462169
robot_9           1780505052757109885   1780505052757262978   1780505052771000000   1780505052772361225
robot_4           1780505052758565021   1780505052758712883   1780505052771000000   1780505052772438707
robot_1           1780505052756745961   1780505052756913213   1780505052771000000   1780505052772453134
robot_7           1780505052783201287   1780505052783774045   1780505052801000000   1780505052802465683
robot_2           1780505052795014941   1780505052795130496   1780505052802000000   1780505052802521863
robot_5           1780505052793967416   1780505052794095845   1780505052812000000   1780505052812628550
robot_8           1780505052814966086   1780505052815535841   1780505052832000000   1780505052832661247
robot_6           1780505052824111935   1780505052824307632   1780505052842000000   1780505052842753960
robot_10          1780505052822802723   1780505052822933933   1780505052842000000   1780505052842833664
robot_4           1780505052858512145   1780505052858653541   1780505052872000000   1780505052872961594
robot_9           1780505052857034843   1780505052857152853   1780505052872000000   1780505052873017628
robot_3           1780505052854715539   1780505052854823975   1780505052872000000   1780505052873078027
robot_1           1780505052856661780   1780505052856751663   1780505052872000000   1780505052873085927
robot_7           1780505052884340191   1780505052884501117   1780505052903000000   1780505052903753506
robot_5           1780505052894385910   1780505052894539967   1780505052903000000   1780505052903850228
robot_2           1780505052895228578   1780505052895394752   1780505052913000000   1780505052913877009
robot_8           1780505052915013877   1780505052915182182   1780505052933000000   1780505052933692511
robot_10          1780505052923057847   1780505052927176857   1780505052933000000   1780505052933757342
robot_6           1780505052925563877   1780505052926165831   1780505052933000000   1780505052933769096
robot_9           1780505052956961187   1780505052957078411   1780505052973000000   1780505052974029939
robot_4           1780505052958489791   1780505052958616077   1780505052973000000   1780505052974106441
robot_3           1780505052954687011   1780505052954750792   1780505052973000000   1780505052974197861
robot_1           1780505052956626620   1780505052960358503   1780505052973000000   1780505052974209896
robot_7           1780505052983170578   1780505052983304153   1780505053003000000   1780505053004258496
robot_5           1780505052993780430   1780505053007284880   1780505053023000000   1780505053024239077
robot_2           1780505052995462971   1780505053006989500   1780505053023000000   1780505053024350995
robot_10          1780505053022721145   1780505053022862795   1780505053033000000   1780505053034515288
robot_8           1780505053014937491   1780505053015063941   1780505053033000000   1780505053034580467
robot_6           1780505053024278284   1780505053024436791   1780505053043000000   1780505053044389070
robot_4           1780505053058492042   1780505053058630115   1780505053074000000   1780505053074664821
robot_9           1780505053056979327   1780505053057117421   1780505053074000000   1780505053074738943
robot_3           1780505053054690686   1780505053054786161   1780505053074000000   1780505053074825980
robot_1           1780505053056765493   1780505053056898254   1780505053074000000   1780505053074928471
robot_7           1780505053083409724   1780505053083559983   1780505053104000000   1780505053104967011
robot_5           1780505053094028468   1780505053094149620   1780505053114000000   1780505053115034269
robot_2           1780505053095177546   1780505053095323418   1780505053114000000   1780505053115110572
robot_10          1780505053122816281   1780505053122938620   1780505053134000000   1780505053135235711
robot_8           1780505053115011832   1780505053115165216   1780505053134000000   1780505053135348727
robot_6           1780505053124126081   1780505053124256393   1780505053144000000   1780505053145216112
robot_3           1780505053154685416   1780505053154788814   1780505053174000000   1780505053175436214
robot_1           1780505053156696711   1780505053156818825   1780505053175000000   1780505053175496596
robot_9           1780505053157076507   1780505053157226263   1780505053174000000   1780505053175508157
robot_4           1780505053158471768   1780505053158599853   1780505053175000000   1780505053175569546
robot_7           1780505053183226735   1780505053184034011   1780505053195000000   1780505053195457730
robot_2           1780505053195018066   1780505053195150803   1780505053205000000   1780505053205680649
robot_5           1780505053193943024   1780505053194058992   1780505053205000000   1780505053205857927
robot_10          1780505053222722336   1780505053222859144   1780505053235000000   1780505053235869619
robot_8           1780505053214915621   1780505053215346378   1780505053235000000   1780505053236013120
robot_6           1780505053224216449   1780505053224795374   1780505053245000000   1780505053245822187
robot_3           1780505053254827619   1780505053254932778   1780505053266000000   1780505053267118767
robot_4           1780505053258446947   1780505053258572718   1780505053266000000   1780505053267188198
robot_9           1780505053256985726   1780505053257103980   1780505053275000000   1780505053276090006
robot_1           1780505053256680745   1780505053256792282   1780505053275000000   1780505053276140206
robot_7           1780505053283282094   1780505053283447184   1780505053296000000   1780505053296880750
robot_2           1780505053295103171   1780505053295266771   1780505053305000000   1780505053306336497
robot_5           1780505053294105932   1780505053294280310   1780505053306000000   1780505053306653930
robot_8           1780505053314977250   1780505053315095299   1780505053326000000   1780505053326420008
robot_6           1780505053324139603   1780505053324287920   1780505053336000000   1780505053337109413
robot_10          1780505053322951620   1780505053325293510   1780505053336000000   1780505053337179780
robot_3           1780505053354838902   1780505053354912427   1780505053366000000   1780505053366934654
robot_9           1780505053357071314   1780505053357215493   1780505053376000000   1780505053376946367
robot_1           1780505053356664513   1780505053360978347   1780505053376000000   1780505053387071939
robot_4           1780505053358445332   1780505053358589119   1780505053376000000   1780505053387204659
robot_7           1780505053383171971   1780505053383286831   1780505053397000000   1780505053397675627
robot_2           1780505053395393824   1780505053402154068   1780505053416000000   1780505053417259056
robot_8           1780505053414964569   1780505053415100621   1780505053426000000   1780505053427341917
robot_5           1780505053393765180   1780505053406427473   1780505053427000000   1780505053427467316
robot_10          1780505053422783190   1780505053422898964   1780505053437000000   1780505053437747446
robot_6           1780505053424112928   1780505053424297518   1780505053437000000   1780505053437799946
robot_3           1780505053454812204   1780505053454891916   1780505053467000000   1780505053467678852
robot_9           1780505053457014599   1780505053457147979   1780505053467000000   1780505053467745300
robot_1           1780505053456716346   1780505053456852156   1780505053467000000   1780505053467827344
robot_4           1780505053458519060   1780505053458649124   1780505053477000000   1780505053478226926
robot_7           1780505053483282035   1780505053483418492   1780505053497000000   1780505053498072663
robot_2           1780505053495073879   1780505053495199928   1780505053507000000   1780505053508068841
robot_5           1780505053493947824   1780505053494068713   1780505053507000000   1780505053508231287
robot_8           1780505053514952952   1780505053515076410   1780505053527000000   1780505053528443393
robot_10          1780505053522832108   1780505053522962659   1780505053537000000   1780505053538529307
robot_6           1780505053524123490   1780505053524254300   1780505053537000000   1780505053538598783
robot_9           1780505053557145811   1780505053557287205   1780505053568000000   1780505053568565809
robot_3           1780505053554632546   1780505053554775480   1780505053568000000   1780505053568642534
robot_1           1780505053556762716   1780505053556884177   1780505053568000000   1780505053568653615
robot_4           1780505053558505652   1780505053558626815   1780505053578000000   1780505053578662604
robot_7           1780505053583217488   1780505053584142434   1780505053598000000   1780505053598727836
robot_2           1780505053595024656   1780505053595133272   1780505053608000000   1780505053608971089
robot_5           1780505053593972722   1780505053594092687   1780505053608000000   1780505053609038027
robot_8           1780505053614986169   1780505053615648260   1780505053628000000   1780505053628850745
robot_10          1780505053622779376   1780505053622892282   1780505053638000000   1780505053639202460
robot_6           1780505053624183984   1780505053624757663   1780505053638000000   1780505053639258756
robot_3           1780505053654887451   1780505053654987717   1780505053668000000   1780505053669350051
robot_9           1780505053657009995   1780505053657138992   1780505053668000000   1780505053669425391
robot_1           1780505053656644888   1780505053656740988   1780505053668000000   1780505053669448471
robot_4           1780505053658531708   1780505053658671737   1780505053668000000   1780505053669457391
robot_7           1780505053683210798   1780505053683340368   1780505053699000000   1780505053699475689
robot_5           1780505053694009101   1780505053694162933   1780505053709000000   1780505053709433671
robot_2           1780505053695059140   1780505053695197775   1780505053709000000   1780505053709486707
robot_8           1780505053715059041   1780505053715203680   1780505053729000000   1780505053729619130
robot_10          1780505053722795063   1780505053725135886   1780505053729000000   1780505053729744427
robot_6           1780505053724160737   1780505053724300724   1780505053739000000   1780505053739803000
robot_9           1780505053756971041   1780505053757095681   1780505053769000000   1780505053770018418
robot_4           1780505053758435101   1780505053758576556   1780505053769000000   1780505053770089298
robot_3           1780505053754843458   1780505053754926733   1780505053769000000   1780505053770141057
robot_1           1780505053756653022   1780505053761399095   1780505053779000000   1780505053780041186
robot_7           1780505053783207667   1780505053783343265   1780505053799000000   1780505053800274629
robot_2           1780505053795297588   1780505053802295332   1780505053819000000   1780505053820248943
robot_5           1780505053793761128   1780505053803015306   1780505053819000000   1780505053820330641
robot_8           1780505053814976674   1780505053815125555   1780505053829000000   1780505053830306820
robot_10          1780505053822826138   1780505053822942708   1780505053829000000   1780505053830357970
robot_6           1780505053824136434   1780505053824278734   1780505053840000000   1780505053840693055
robot_4           1780505053858589546   1780505053858725272   1780505053870000000   1780505053870632795
robot_3           1780505053854624373   1780505053854697840   1780505053870000000   1780505053870685437
robot_9           1780505053857049668   1780505053857187672   1780505053870000000   1780505053870701516
robot_1           1780505053856763200   1780505053856943098   1780505053870000000   1780505053870749281
robot_7           1780505053883222340   1780505053883341930   1780505053900000000   1780505053900785218
robot_2           1780505053895128338   1780505053895249986   1780505053910000000   1780505053910906007
robot_5           1780505053893966074   1780505053894093670   1780505053910000000   1780505053910971606
robot_8           1780505053914935377   1780505053915058345   1780505053930000000   1780505053931169348
robot_10          1780505053922896518   1780505053923019933   1780505053940000000   1780505053941317971
robot_6           1780505053924169394   1780505053924317101   1780505053940000000   1780505053941379625
robot_3           1780505053954589325   1780505053954670699   1780505053970000000   1780505053971349286
robot_1           1780505053956755857   1780505053956900319   1780505053970000000   1780505053971409477
robot_4           1780505053958461847   1780505053958582381   1780505053971000000   1780505053971424218
robot_9           1780505053957009980   1780505053957134336   1780505053971000000   1780505053971465914
robot_7           1780505053983253125   1780505053983949207   1780505053991000000   1780505053991554793
robot_5           1780505053993966111   1780505053994093402   1780505054001000000   1780505054001715227
robot_2           1780505053995093512   1780505053995228559   1780505054011000000   1780505054011824345
robot_8           1780505054015049094   1780505054016839582   1780505054031000000   1780505054031769831
robot_10          1780505054022773087   1780505054022900443   1780505054031000000   1780505054031901970
robot_6           1780505054024211967   1780505054025856813   1780505054041000000   1780505054042246540
robot_4           1780505054058546393   1780505054058704887   1780505054071000000   1780505054072112133
robot_3           1780505054054737586   1780505054054821147   1780505054071000000   1780505054072175793
robot_9           1780505054057021788   1780505054057162135   1780505054071000000   1780505054072185759
robot_1           1780505054056744621   1780505054056879044   1780505054071000000   1780505054072860606
robot_7           1780505054083267268   1780505054083441915   1780505054091000000   1780505054092348815
robot_2           1780505054095076778   1780505054095213572   1780505054111000000   1780505054112861597
robot_5           1780505054094018685   1780505054094154524   1780505054112000000   1780505054113004556
robot_8           1780505054114988352   1780505054115124921   1780505054132000000   1780505054132570478
robot_6           1780505054124247774   1780505054124399122   1780505054142000000   1780505054142578468
robot_10          1780505054123017244   1780505054125608555   1780505054142000000   1780505054142631866
robot_4           1780505054158436858   1780505054158566983   1780505054172000000   1780505054172892102
robot_3           1780505054154617513   1780505054154887667   1780505054172000000   1780505054173054470
robot_9           1780505054156940095   1780505054157054891   1780505054172000000   1780505054173084219
robot_1           1780505054156638141   1780505054161993565   1780505054182000000   1780505054182919588
robot_7           1780505054183242507   1780505054183379337   1780505054202000000   1780505054203094279
robot_2           1780505054195266243   1780505054202235450   1780505054222000000   1780505054223230286
robot_5           1780505054193753031   1780505054202392587   1780505054222000000   1780505054223305830
robot_8           1780505054215037790   1780505054215162486   1780505054232000000   1780505054233224141
robot_10          1780505054222776569   1780505054222904556   1780505054232000000   1780505054233331058
robot_6           1780505054224173474   1780505054224349768   1780505054242000000   1780505054243268210
robot_4           1780505054258495646   1780505054258631186   1780505054273000000   1780505054273451493
robot_1           1780505054256704281   1780505054256889480   1780505054273000000   1780505054273505814
robot_3           1780505054254600418   1780505054254681558   1780505054273000000   1780505054273515155
robot_9           1780505054257158713   1780505054257308448   1780505054273000000   1780505054273549055
robot_7           1780505054283246584   1780505054283370856   1780505054303000000   1780505054303663589
robot_5           1780505054293978163   1780505054294100212   1780505054313000000   1780505054313722988
robot_2           1780505054295093166   1780505054295218656   1780505054313000000   1780505054313830242
robot_8           1780505054314962357   1780505054315099572   1780505054333000000   1780505054333953134
robot_10          1780505054322790231   1780505054322916629   1780505054333000000   1780505054334010522
robot_6           1780505054324120499   1780505054324267922   1780505054343000000   1780505054343966165
robot_3           1780505054354629039   1780505054354683541   1780505054363000000   1780505054364299012
robot_4           1780505054358499586   1780505054358636999   1780505054373000000   1780505054374157113
robot_1           1780505054356754266   1780505054356891581   1780505054373000000   1780505054374222771
robot_9           1780505054357072731   1780505054357214491   1780505054373000000   1780505054374233021
robot_7           1780505054383165389   1780505054384039810   1780505054403000000   1780505054404326997
robot_5           1780505054393968086   1780505054394092558   1780505054413000000   1780505054414452581
robot_2           1780505054395061889   1780505054395233174   1780505054414000000   1780505054414518205
robot_8           1780505054414992381   1780505054415741470   1780505054434000000   1780505054434656001
robot_10          1780505054422811314   1780505054422919340   1780505054434000000   1780505054434713036
robot_6           1780505054424212905   1780505054425004167   1780505054434000000   1780505054434722516
robot_4           1780505054458466941   1780505054458604094   1780505054474000000   1780505054474921990
robot_3           1780505054454868802   1780505054454960431   1780505054474000000   1780505054474979414
robot_9           1780505054456973875   1780505054457088580   1780505054474000000   1780505054474988974
robot_1           1780505054456656746   1780505054456756011   1780505054474000000   1780505054475076147
robot_7           1780505054483254158   1780505054483422868   1780505054494000000   1780505054495135340
robot_5           1780505054493977357   1780505054494111616   1780505054514000000   1780505054515316731
robot_2           1780505054495229420   1780505054495402845   1780505054514000000   1780505054515408462
robot_8           1780505054515097855   1780505054515256437   1780505054534000000   1780505054535504930
robot_10          1780505054522894679   1780505054525885119   1780505054544000000   1780505054545380364
robot_6           1780505054524158735   1780505054524305636   1780505054544000000   1780505054545471587
robot_3           1780505054554749940   1780505054554842996   1780505054575000000   1780505054575648984
robot_9           1780505054556989727   1780505054557121251   1780505054575000000   1780505054575726263
robot_4           1780505054558461521   1780505054558586890   1780505054575000000   1780505054575739185
robot_1           1780505054556635654   1780505054560663111   1780505054575000000   1780505054575750191
robot_7           1780505054583186019   1780505054583303849   1780505054595000000   1780505054595847471
robot_5           1780505054593746920   1780505054602601967   1780505054605000000   1780505054605891276
robot_2           1780505054595329218   1780505054602180618   1780505054605000000   1780505054605947688
robot_6           1780505054624158844   1780505054624293984   1780505054635000000   1780505054636032078
robot_8           1780505054614985954   1780505054615117776   1780505054635000000   1780505054636139746
robot_10          1780505054622762599   1780505054622874376   1780505054635000000   1780505054636156817
robot_3           1780505054654681779   1780505054654831129   1780505054675000000   1780505054676448752
robot_4           1780505054658464554   1780505054658620345   1780505054675000000   1780505054676514472
robot_1           1780505054656829331   1780505054657017794   1780505054675000000   1780505054676524292
robot_9           1780505054657081477   1780505054657222126   1780505054675000000   1780505054676662199
robot_7           1780505054683278145   1780505054683417013   1780505054696000000   1780505054696377710
robot_2           1780505054695076556   1780505054695196327   1780505054706000000   1780505054706516579
robot_5           1780505054693977268   1780505054694118455   1780505054706000000   1780505054706584649
robot_8           1780505054714922328   1780505054715042797   1780505054726000000   1780505054726670626
robot_6           1780505054724116331   1780505054724259195   1780505054736000000   1780505054736856683
robot_10          1780505054722803335   1780505054722924611   1780505054736000000   1780505054736925941
robot_3           1780505054754755810   1780505054754856310   1780505054766000000   1780505054767032133
robot_1           1780505054756783122   1780505054756931379   1780505054776000000   1780505054777097209
robot_9           1780505054757051235   1780505054757203412   1780505054776000000   1780505054777170823
robot_4           1780505054758561595   1780505054758697541   1780505054776000000   1780505054777209745
robot_7           1780505054783190717   1780505054783813549   1780505054796000000   1780505054797168016
robot_2           1780505054795030364   1780505054795154185   1780505054796000000   1780505054797222812
robot_5           1780505054793974204   1780505054794103445   1780505054806000000   1780505054807687038
robot_8           1780505054814945089   1780505054815162838   1780505054827000000   1780505054827399403
robot_10          1780505054822852642   1780505054822973310   1780505054827000000   1780505054827520768
robot_6           1780505054824137813   1780505054824769816   1780505054837000000   1780505054837702442
robot_1           1780505054856624575   1780505054856729917   1780505054867000000   1780505054867818096
robot_3           1780505054854629579   1780505054854743357   1780505054867000000   1780505054867874816
robot_9           1780505054856981863   1780505054857117712   1780505054867000000   1780505054867884854
robot_4           1780505054858467287   1780505054858580647   1780505054877000000   1780505054877891919
robot_7           1780505054883218125   1780505054883351304   1780505054897000000   1780505054898001098
robot_5           1780505054894083680   1780505054894222689   1780505054907000000   1780505054908058790
robot_2           1780505054895113399   1780505054895267803   1780505054907000000   1780505054908134322
robot_8           1780505054915018404   1780505054915134571   1780505054927000000   1780505054928295977
robot_10          1780505054922792680   1780505054925187269   1780505054937000000   1780505054938330169
robot_6           1780505054924201317   1780505054924374308   1780505054937000000   1780505054938398656
robot_3           1780505054954624529   1780505054954729634   1780505054968000000   1780505054968732306
robot_9           1780505054956951624   1780505054957077482   1780505054968000000   1780505054968817735
robot_4           1780505054958469360   1780505054958609813   1780505054978000000   1780505054978626765
robot_1           1780505054956683596   1780505054960542626   1780505054978000000   1780505054978761175
robot_7           1780505054983231632   1780505054983372262   1780505054998000000   1780505054998924438
robot_5           1780505054993792600   1780505055006968341   1780505055018000000   1780505055018903984
robot_2           1780505054995331622   1780505055006740573   1780505055018000000   1780505055019042382
robot_8           1780505055015022476   1780505055015162062   1780505055028000000   1780505055028861894
robot_6           1780505055024273204   1780505055024420834   1780505055038000000   1780505055039111371
robot_10          1780505055022761872   1780505055022884492   1780505055038000000   1780505055039171111
robot_3           1780505055054641561   1780505055054785808   1780505055058000000   1780505055059233572
robot_9           1780505055056975300   1780505055057119560   1780505055058000000   1780505055059360887
robot_1           1780505055056792806   1780505055056944400   1780505055068000000   1780505055069290071
robot_4           1780505055058471812   1780505055058590955   1780505055078000000   1780505055079507505
robot_7           1780505055083316446   1780505055083456933   1780505055099000000   1780505055099601151
robot_2           1780505055095126725   1780505055095251506   1780505055099000000   1780505055099769551
robot_5           1780505055094040216   1780505055094164920   1780505055109000000   1780505055109467666
robot_8           1780505055114919296   1780505055115037558   1780505055129000000   1780505055129712253
robot_10          1780505055122883571   1780505055123004291   1780505055139000000   1780505055139764414
robot_6           1780505055124135013   1780505055124259584   1780505055139000000   1780505055139837257
robot_4           1780505055158510603   1780505055158643049   1780505055159000000   1780505055159976841
robot_3           1780505055154662147   1780505055154756351   1780505055159000000   1780505055160164713
robot_1           1780505055156800096   1780505055156942072   1780505055159000000   1780505055160195534
robot_9           1780505055157028167   1780505055157167593   1780505055169000000   1780505055170060420
robot_7           1780505055183176752   1780505055183552272   1780505055199000000   1780505055200169516
robot_5           1780505055194046281   1780505055194183932   1780505055209000000   1780505055210468514
robot_2           1780505055194991630   1780505055195106999   1780505055210000000   1780505055210621406
robot_8           1780505055215055361   1780505055215349588   1780505055229000000   1780505055230351472
robot_10          1780505055222826560   1780505055222948746   1780505055230000000   1780505055230479943
robot_6           1780505055224105117   1780505055225224368   1780505055240000000   1780505055240659203
robot_9           1780505055256996998   1780505055257116668   1780505055270000000   1780505055270677514
robot_4           1780505055258471861   1780505055258597767   1780505055270000000   1780505055270743853
robot_3           1780505055254926264   1780505055255060009   1780505055270000000   1780505055270795529
robot_1           1780505055256666279   1780505055256773138   1780505055270000000   1780505055270820691
robot_7           1780505055283269279   1780505055283391326   1780505055300000000   1780505055300931608
robot_2           1780505055295174761   1780505055295343884   1780505055310000000   1780505055310995478
robot_5           1780505055294047774   1780505055294202878   1780505055310000000   1780505055311049546
robot_8           1780505055315063569   1780505055315189167   1780505055330000000   1780505055331249308
robot_10          1780505055322850554   1780505055325875553   1780505055330000000   1780505055331413231
robot_6           1780505055324279482   1780505055324447530   1780505055340000000   1780505055341322442
robot_9           1780505055357060336   1780505055357190360   1780505055371000000   1780505055371643657
robot_4           1780505055358560804   1780505055358701080   1780505055371000000   1780505055371729747
robot_3           1780505055354749511   1780505055354980732   1780505055371000000   1780505055371894022
robot_1           1780505055356667154   1780505055363638796   1780505055371000000   1780505055371925328
robot_7           1780505055383263457   1780505055383389968   1780505055401000000   1780505055401928218
robot_5           1780505055393770707   1780505055402221957   1780505055421000000   1780505055421818409
robot_2           1780505055395367803   1780505055402214549   1780505055421000000   1780505055421934164
robot_8           1780505055415016040   1780505055415145392   1780505055431000000   1780505055431876428
robot_10          1780505055422825588   1780505055422964048   1780505055441000000   1780505055442033414
robot_6           1780505055424133515   1780505055424284523   1780505055441000000   1780505055442153023
robot_3           1780505055454590388   1780505055454668217   1780505055471000000   1780505055472190353
robot_9           1780505055456971162   1780505055457098767   1780505055471000000   1780505055472264743
robot_1           1780505055456701009   1780505055456825807   1780505055471000000   1780505055472330239
robot_4           1780505055458447158   1780505055461080461   1780505055481000000   1780505055482516977
robot_7           1780505055483251597   1780505055483395038   1780505055501000000   1780505055502418074
robot_2           1780505055495071571   1780505055495207304   1780505055512000000   1780505055512594391
robot_5           1780505055493926939   1780505055494050562   1780505055512000000   1780505055512764568
robot_10          1780505055522820062   1780505055522945037   1780505055532000000   1780505055532837537
robot_8           1780505055514935156   1780505055515055614   1780505055532000000   1780505055532909061
robot_6           1780505055524182855   1780505055524329209   1780505055542000000   1780505055542720047
robot_9           1780505055557158337   1780505055557301345   1780505055562000000   1780505055563091339
robot_4           1780505055558538274   1780505055558673282   1780505055572000000   1780505055572983455
robot_3           1780505055554628632   1780505055554706480   1780505055572000000   1780505055573120588
robot_1           1780505055556761913   1780505055556878709   1780505055572000000   1780505055573137994
robot_7           1780505055583174524   1780505055583703503   1780505055602000000   1780505055603125158
robot_2           1780505055594993421   1780505055595105657   1780505055612000000   1780505055613274219
robot_5           1780505055593998418   1780505055594139894   1780505055612000000   1780505055613329448
robot_8           1780505055614983387   1780505055619726251   1780505055632000000   1780505055633334863
robot_10          1780505055622828510   1780505055622952113   1780505055642000000   1780505055643476785
robot_6           1780505055624148916   1780505055624733263   1780505055643000000   1780505055643548072
robot_4           1780505055658505565   1780505055658630538   1780505055673000000   1780505055673621828
robot_9           1780505055656956875   1780505055657094479   1780505055673000000   1780505055673694764
robot_3           1780505055654933356   1780505055655072477   1780505055673000000   1780505055673739146
robot_1           1780505055656696679   1780505055656794886   1780505055673000000   1780505055673751673
robot_7           1780505055683243398   1780505055683364689   1780505055703000000   1780505055703862945
robot_5           1780505055694026621   1780505055694193519   1780505055713000000   1780505055713946938
robot_2           1780505055695131764   1780505055695286460   1780505055713000000   1780505055714060665
robot_8           1780505055714976708   1780505055715111588   1780505055733000000   1780505055734089315
robot_10          1780505055722893601   1780505055725122538   1780505055733000000   1780505055734226602
robot_6           1780505055724139497   1780505055724278838   1780505055743000000   1780505055744208003
robot_9           1780505055756969761   1780505055757085615   1780505055773000000   1780505055774451183
robot_4           1780505055758530319   1780505055758670346   1780505055773000000   1780505055774525673
robot_3           1780505055754782338   1780505055754864588   1780505055774000000   1780505055774603855
robot_1           1780505055756635713   1780505055760774324   1780505055774000000   1780505055774618575
robot_7           1780505055783255553   1780505055783394827   1780505055804000000   1780505055804482078
robot_2           1780505055795284063   1780505055802154125   1780505055814000000   1780505055814765072
robot_5           1780505055793890182   1780505055802523175   1780505055814000000   1780505055814850911
robot_8           1780505055815119748   1780505055815260489   1780505055834000000   1780505055834824450
robot_10          1780505055822748532   1780505055822872623   1780505055834000000   1780505055834884857
robot_6           1780505055824158806   1780505055824311962   1780505055844000000   1780505055844858599
robot_4           1780505055858564190   1780505055858736601   1780505055864000000   1780505055865277120
robot_9           1780505055857093604   1780505055857242641   1780505055874000000   1780505055875139196
robot_3           1780505055854810085   1780505055854898981   1780505055874000000   1780505055875200387
robot_1           1780505055856858686   1780505055857029512   1780505055874000000   1780505055875274777
robot_7           1780505055883237628   1780505055883371471   1780505055894000000   1780505055895326564
robot_5           1780505055894022182   1780505055894161675   1780505055914000000   1780505055915534759
robot_2           1780505055895130309   1780505055895289699   1780505055915000000   1780505055915665388
robot_6           1780505055924130396   1780505055924257390   1780505055935000000   1780505055935676468
robot_8           1780505055914999222   1780505055915178705   1780505055935000000   1780505055936244017
robot_10          1780505055922858682   1780505055922977282   1780505055935000000   1780505055936286005
robot_3           1780505055954681920   1780505055954822219   1780505055975000000   1780505055975817473
robot_1           1780505055956684686   1780505055956778608   1780505055975000000   1780505055975885261
robot_9           1780505055957007372   1780505055957148425   1780505055975000000   1780505055975895147
robot_4           1780505055958521877   1780505055958640550   1780505055975000000   1780505055975965270
robot_7           1780505055983187759   1780505055983706309   1780505055995000000   1780505055995825539
robot_5           1780505055993923735   1780505055994022286   1780505056005000000   1780505056006158121
robot_2           1780505055994961888   1780505055995071414   1780505056005000000   1780505056006217855
robot_8           1780505056015028290   1780505056016542281   1780505056035000000   1780505056036419923
robot_10          1780505056022776492   1780505056022893962   1780505056035000000   1780505056036597146
robot_6           1780505056024193980   1780505056025031941   1780505056045000000   1780505056046367623
robot_3           1780505056054865522   1780505056054977246   1780505056066000000   1780505056066397722
robot_9           1780505056057052918   1780505056057191663   1780505056076000000   1780505056076561868
robot_4           1780505056058489684   1780505056058625184   1780505056076000000   1780505056076668220
robot_1           1780505056056687004   1780505056056822788   1780505056076000000   1780505056076682349
robot_7           1780505056083255667   1780505056083396070   1780505056096000000   1780505056096739530
robot_2           1780505056095133616   1780505056095299177   1780505056106000000   1780505056106788242
robot_5           1780505056094022718   1780505056094179942   1780505056106000000   1780505056106848569
robot_8           1780505056114915214   1780505056115042013   1780505056126000000   1780505056126837649
robot_10          1780505056122912115   1780505056125108181   1780505056126000000   1780505056126964772
robot_6           1780505056124175214   1780505056124312539   1780505056136000000   1780505056136998490
robot_3           1780505056154983544   1780505056155069138   1780505056166000000   1780505056167454432
robot_4           1780505056158470883   1780505056158611368   1780505056176000000   1780505056177484256
robot_1           1780505056156646308   1780505056161231740   1780505056176000000   1780505056177544075
robot_9           1780505056157020649   1780505056157146746   1780505056177000000   1780505056177553644
robot_7           1780505056183181032   1780505056183314716   1780505056197000000   1780505056197687616
robot_2           1780505056195271632   1780505056202058458   1780505056217000000   1780505056217587338
robot_5           1780505056193757549   1780505056202413287   1780505056217000000   1780505056217727175
robot_8           1780505056215082278   1780505056215234297   1780505056227000000   1780505056227581944
robot_6           1780505056224218445   1780505056224390193   1780505056237000000   1780505056237741126
robot_10          1780505056222728010   1780505056222863637   1780505056237000000   1780505056237810063
robot_3           1780505056254625583   1780505056254881563   1780505056267000000   1780505056268062299
robot_4           1780505056258531076   1780505056258651567   1780505056267000000   1780505056268196119
robot_9           1780505056257118902   1780505056257282970   1780505056277000000   1780505056278273251
robot_1           1780505056256745180   1780505056256891809   1780505056277000000   1780505056278332846
robot_7           1780505056283229762   1780505056283374359   1780505056297000000   1780505056298160681
robot_2           1780505056295161185   1780505056295283964   1780505056307000000   1780505056308343354
robot_5           1780505056293955197   1780505056294081516   1780505056307000000   1780505056308465191
robot_8           1780505056314982317   1780505056315108027   1780505056328000000   1780505056328783268
robot_10          1780505056322884609   1780505056323003878   1780505056338000000   1780505056338546444
robot_6           1780505056324114699   1780505056324253697   1780505056338000000   1780505056338612297
robot_9           1780505056357003015   1780505056357147015   1780505056368000000   1780505056368835749
robot_4           1780505056358546036   1780505056358695726   1780505056368000000   1780505056368892186
robot_3           1780505056354596455   1780505056354860714   1780505056368000000   1780505056368983053
robot_1           1780505056356910101   1780505056357079668   1780505056368000000   1780505056368994128
robot_7           1780505056383241561   1780505056384129419   1780505056398000000   1780505056398952248
robot_2           1780505056395041819   1780505056395167460   1780505056408000000   1780505056409093303
robot_5           1780505056393955957   1780505056394084195   1780505056408000000   1780505056409151201
robot_8           1780505056414951047   1780505056415111659   1780505056428000000   1780505056429178240
robot_10          1780505056422802698   1780505056422919844   1780505056428000000   1780505056429229880
robot_6           1780505056424117832   1780505056424720154   1780505056438000000   1780505056439508556
robot_3           1780505056454739158   1780505056454862574   1780505056468000000   1780505056469455757
robot_9           1780505056457044603   1780505056457162229   1780505056468000000   1780505056469529136
robot_1           1780505056456706963   1780505056456819586   1780505056469000000   1780505056469572104
robot_4           1780505056458455449   1780505056458573990   1780505056479000000   1780505056479537103
robot_7           1780505056483227795   1780505056483349836   1780505056499000000   1780505056499858534
robot_5           1780505056493938557   1780505056494060555   1780505056509000000   1780505056509719218
robot_2           1780505056495026498   1780505056495156871   1780505056509000000   1780505056509786166
robot_6           1780505056524147400   1780505056524284374   1780505056529000000   1780505056529854201
robot_8           1780505056515035690   1780505056515167487   1780505056529000000   1780505056529914925
robot_10          1780505056522996385   1780505056525107803   1780505056539000000   1780505056539985118
robot_9           1780505056556961075   1780505056557079533   1780505056559000000   1780505056560106170
robot_4           1780505056558453139   1780505056558582907   1780505056559000000   1780505056560237686
robot_3           1780505056554603693   1780505056554701567   1780505056569000000   1780505056570196177
robot_1           1780505056556646019   1780505056560555084   1780505056579000000   1780505056580235295
robot_7           1780505056583211628   1780505056583352739   1780505056599000000   1780505056600466688
robot_5           1780505056593768125   1780505056602654272   1780505056620000000   1780505056620523671
robot_2           1780505056595280968   1780505056601788051   1780505056620000000   1780505056620586060
robot_8           1780505056614944274   1780505056615089612   1780505056620000000   1780505056620642423
robot_10          1780505056622835082   1780505056622954122   1780505056640000000   1780505056640703108
robot_6           1780505056624136997   1780505056624262266   1780505056640000000   1780505056640760452
robot_9           1780505056657057833   1780505056657187934   1780505056670000000   1780505056670893608
robot_3           1780505056654741086   1780505056654819599   1780505056670000000   1780505056670956693
robot_4           1780505056658467586   1780505056658602010   1780505056670000000   1780505056671007475
robot_1           1780505056656827452   1780505056656978609   1780505056670000000   1780505056671014883
robot_7           1780505056683329673   1780505056683464722   1780505056700000000   1780505056701127022
robot_5           1780505056693918797   1780505056694038413   1780505056710000000   1780505056711170881
robot_2           1780505056695049462   1780505056695172758   1780505056710000000   1780505056711243859
robot_8           1780505056714974879   1780505056715105718   1780505056730000000   1780505056731448709
robot_6           1780505056724157216   1780505056724293641   1780505056731000000   1780505056731569330
robot_10          1780505056722867638   1780505056722982420   1780505056741000000   1780505056741590663
robot_3           1780505056754600168   1780505056754846642   1780505056771000000   1780505056771645655
robot_1           1780505056756754854   1780505056756911352   1780505056771000000   1780505056771700911
robot_9           1780505056756987585   1780505056757135336   1780505056771000000   1780505056771710124
robot_4           1780505056758619584   1780505056758784352   1780505056771000000   1780505056771782625
robot_7           1780505056783180012   1780505056783875187   1780505056801000000   1780505056801869183
robot_5           1780505056793972771   1780505056794101339   1780505056811000000   1780505056811969320
robot_2           1780505056795059591   1780505056795176041   1780505056811000000   1780505056812044637
robot_8           1780505056814950882   1780505056815232230   1780505056831000000   1780505056832087959
robot_10          1780505056822746273   1780505056822868446   1780505056841000000   1780505056842342005
robot_6           1780505056824214965   1780505056825309772   1780505056841000000   1780505056842412293
robot_9           1780505056856981403   1780505056857113716   1780505056871000000   1780505056872386578
robot_4           1780505056858428547   1780505056858565511   1780505056871000000   1780505056872462628
robot_3           1780505056854684989   1780505056854769542   1780505056871000000   1780505056872476095
robot_1           1780505056856646412   1780505056856772485   1780505056871000000   1780505056872486967
robot_7           1780505056883238410   1780505056883388074   1780505056902000000   1780505056902581492
robot_2           1780505056895079653   1780505056895247990   1780505056902000000   1780505056902641565
robot_5           1780505056893971035   1780505056894110838   1780505056912000000   1780505056912734801
robot_8           1780505056914987580   1780505056915128641   1780505056922000000   1780505056923019127
robot_6           1780505056924161068   1780505056924312157   1780505056942000000   1780505056942876374
robot_10          1780505056923083471   1780505056925240794   1780505056942000000   1780505056942930197
robot_9           1780505056957038658   1780505056957159925   1780505056972000000   1780505056973092080
robot_4           1780505056958438235   1780505056958569643   1780505056972000000   1780505056973160806
robot_3           1780505056954831967   1780505056954886296   1780505056972000000   1780505056973173734
robot_1           1780505056956633634   1780505056961391959   1780505056972000000   1780505056973184483
robot_7           1780505056983203509   1780505056983360981   1780505057002000000   1780505057003160084
robot_2           1780505056995246202   1780505057001759243   1780505057023000000   1780505057023450716
robot_5           1780505056993765526   1780505057002132185   1780505057023000000   1780505057023515601
robot_8           1780505057015053617   1780505057015192251   1780505057023000000   1780505057023525631
robot_10          1780505057022751823   1780505057022890548   1780505057043000000   1780505057043530586
robot_6           1780505057024146052   1780505057024301771   1780505057043000000   1780505057043586016
robot_3           1780505057054829476   1780505057054916612   1780505057073000000   1780505057073782177
robot_1           1780505057056838691   1780505057056971159   1780505057073000000   1780505057073866757
robot_4           1780505057058472396   1780505057058586090   1780505057073000000   1780505057073882490
robot_9           1780505057057007772   1780505057057135701   1780505057073000000   1780505057073961553
robot_7           1780505057083390198   1780505057083547409   1780505057103000000   1780505057104100130
robot_5           1780505057093992583   1780505057094127027   1780505057113000000   1780505057114130779
robot_2           1780505057095126766   1780505057095242776   1780505057113000000   1780505057114209219
robot_10          1780505057122813945   1780505057122935620   1780505057133000000   1780505057134347105
robot_8           1780505057114973676   1780505057115094074   1780505057133000000   1780505057134404676
robot_6           1780505057124169582   1780505057124286793   1780505057143000000   1780505057144341342
robot_3           1780505057154722913   1780505057154794177   1780505057164000000   1780505057164599448
robot_1           1780505057156760953   1780505057156904893   1780505057164000000   1780505057164675385
robot_9           1780505057157010470   1780505057157159124   1780505057174000000   1780505057174649805
robot_4           1780505057158626621   1780505057158798209   1780505057174000000   1780505057174722076
robot_7           1780505057183173595   1780505057183979981   1780505057204000000   1780505057204811102
robot_5           1780505057193956361   1780505057194087809   1780505057214000000   1780505057215027446
robot_2           1780505057195054096   1780505057195174155   1780505057214000000   1780505057215165464
robot_10          1780505057222768643   1780505057222884587   1780505057234000000   1780505057235093122
robot_8           1780505057215106567   1780505057215410809   1780505057234000000   1780505057235154027
robot_6           1780505057224184348   1780505057225114667   1780505057244000000   1780505057245180137
robot_3           1780505057254814861   1780505057254921085   1780505057264000000   1780505057265396197
robot_9           1780505057257029272   1780505057257155768   1780505057274000000   1780505057275336501
robot_4           1780505057258483812   1780505057258601640   1780505057274000000   1780505057275410463
robot_1           1780505057256674946   1780505057256795311   1780505057274000000   1780505057275443918
robot_7           1780505057283277679   1780505057283426303   1780505057295000000   1780505057295600893
robot_5           1780505057294109113   1780505057294264661   1780505057315000000   1780505057315837313
robot_2           1780505057295152863   1780505057295336094   1780505057315000000   1780505057316014836
robot_8           1780505057315074792   1780505057315226631   1780505057335000000   1780505057335852274
robot_6           1780505057324271269   1780505057324437213   1780505057345000000   1780505057345983883
robot_10          1780505057322916616   1780505057325967454   1780505057345000000   1780505057346100838
robot_9           1780505057357047044   1780505057357191506   1780505057375000000   1780505057376232257
robot_3           1780505057354762876   1780505057354862062   1780505057375000000   1780505057376291237
robot_1           1780505057356716434   1780505057361966898   1780505057375000000   1780505057376389973
robot_4           1780505057358468013   1780505057358611501   1780505057375000000   1780505057376427777
robot_7           1780505057383270816   1780505057383413141   1780505057395000000   1780505057396317188
robot_5           1780505057393888042   1780505057402927448   1780505057415000000   1780505057416306135
robot_2           1780505057395222998   1780505057402154455   1780505057415000000   1780505057416376629
robot_8           1780505057415070644   1780505057415217916   1780505057436000000   1780505057436531223
robot_10          1780505057422950917   1780505057423089177   1780505057436000000   1780505057436600224
robot_6           1780505057424196948   1780505057424351537   1780505057436000000   1780505057436615570
robot_4           1780505057458573977   1780505057459269212   1780505057476000000   1780505057477321763
robot_3           1780505057454947555   1780505057455114456   1780505057476000000   1780505057477410947
robot_9           1780505057457018832   1780505057457178753   1780505057476000000   1780505057477689963
robot_1           1780505057456932211   1780505057457132981   1780505057476000000   1780505057477746680
robot_7           1780505057483361440   1780505057483505312   1780505057496000000   1780505057496854435
robot_2           1780505057495103719   1780505057495252043   1780505057506000000   1780505057506989913
robot_5           1780505057494046943   1780505057494194830   1780505057506000000   1780505057507052104
robot_8           1780505057514955210   1780505057515095234   1780505057526000000   1780505057527279916
robot_10          1780505057522884577   1780505057523026104   1780505057536000000   1780505057537435672
robot_6           1780505057524219401   1780505057524373583   1780505057536000000   1780505057537651190
robot_3           1780505057554938962   1780505057555106462   1780505057567000000   1780505057567732196
robot_1           1780505057556840190   1780505057557025522   1780505057567000000   1780505057567820744
robot_9           1780505057557084136   1780505057557235012   1780505057577000000   1780505057577647989
robot_4           1780505057558536884   1780505057558668046   1780505057577000000   1780505057577707517
robot_7           1780505057583257501   1780505057584123971   1780505057597000000   1780505057597606950
robot_2           1780505057595076440   1780505057595193007   1780505057607000000   1780505057608005119
robot_5           1780505057594001534   1780505057594138389   1780505057607000000   1780505057608094064
robot_8           1780505057615107543   1780505057615507801   1780505057627000000   1780505057627863954
robot_10          1780505057622800985   1780505057622931579   1780505057637000000   1780505057638064205
robot_6           1780505057624156869   1780505057625006096   1780505057637000000   1780505057638195396
robot_4           1780505057658514025   1780505057658649487   1780505057667000000   1780505057668696592
robot_3           1780505057654999674   1780505057655338903   1780505057669000000   1780505057670060815
robot_1           1780505057656861246   1780505057657002081   1780505057669000000   1780505057670363117
robot_9           1780505057657050017   1780505057657188000   1780505057670000000   1780505057670733148
robot_7           1780505057683435805   1780505057683671219   1780505057700000000   1780505057702396653
robot_5           1780505057694076088   1780505057694248396   1780505057722000000   1780505057723744820
robot_2           1780505057700405654   1780505057700587675   1780505057731000000   1780505057734733640
robot_6           1780505057725580345   1780505057726277819   1780505057742000000   1780505057743243637
robot_8           1780505057715947923   1780505057738768021   1780505057756000000   1780505057757433262
robot_10          1780505057724211121   1780505057744136107   1780505057764000000   1780505057764705831
robot_9           1780505057757133877   1780505057757278118   1780505057767000000   1780505057767603826
robot_3           1780505057754638732   1780505057754862296   1780505057767000000   1780505057767672137
robot_4           1780505057758522793   1780505057758657340   1780505057774000000   1780505057774829246
robot_1           1780505057756695760   1780505057770115997   1780505057777000000   1780505057777681346
robot_7           1780505057783208998   1780505057783338439   1780505057794000000   1780505057795038599
robot_2           1780505057795415685   1780505057802815296   1780505057807000000   1780505057807825960
robot_5           1780505057793896358   1780505057802631235   1780505057814000000   1780505057815256428
robot_8           1780505057815118349   1780505057815293619   1780505057827000000   1780505057827883335
robot_10          1780505057822704318   1780505057822830333   1780505057834000000   1780505057835219909
robot_6           1780505057824139247   1780505057824273592   1780505057834000000   1780505057835355611
robot_3           1780505057854563422   1780505057854648293   1780505057867000000   1780505057868247843
robot_9           1780505057857003500   1780505057857128124   1780505057867000000   1780505057868322980
robot_1           1780505057856665944   1780505057856771192   1780505057867000000   1780505057868377931
robot_4           1780505057858479171   1780505057861175069   1780505057875000000   1780505057875612375
robot_7           1780505057883246016   1780505057883398732   1780505057895000000   1780505057895532522
robot_5           1780505057893947845   1780505057894079402   1780505057905000000   1780505057905667422
robot_2           1780505057895099234   1780505057895232429   1780505057908000000   1780505057908430443
robot_8           1780505057914992630   1780505057915124184   1780505057928000000   1780505057928779205
robot_10          1780505057922945440   1780505057923083769   1780505057935000000   1780505057935963320
robot_6           1780505057924170157   1780505057924316359   1780505057935000000   1780505057936115837
robot_4           1780505057958509927   1780505057958641291   1780505057965000000   1780505057966323875
robot_3           1780505057954832696   1780505057954946576   1780505057968000000   1780505057969032040
robot_1           1780505057956747425   1780505057956870563   1780505057968000000   1780505057969099670
robot_9           1780505057957076544   1780505057957212279   1780505057968000000   1780505057969113247
robot_7           1780505057983188064   1780505057983542888   1780505057995000000   1780505057996292303
robot_2           1780505057995071129   1780505057995183814   1780505057998000000   1780505057999203102
robot_5           1780505057993975931   1780505057994113688   1780505058006000000   1780505058006651130
robot_8           1780505058014970300   1780505058020239425   1780505058028000000   1780505058029314901
robot_10          1780505058022801109   1780505058022936448   1780505058036000000   1780505058037047001
robot_6           1780505058024167934   1780505058024628004   1780505058036000000   1780505058037207408
robot_3           1780505058054689880   1780505058054748156   1780505058059000000   1780505058059510474
robot_4           1780505058058455741   1780505058058595924   1780505058066000000   1780505058066867634
robot_1           1780505058056653259   1780505058056754591   1780505058069000000   1780505058069660307
robot_9           1780505058057024060   1780505058057152931   1780505058069000000   1780505058069709252
robot_7           1780505058083243734   1780505058083380769   1780505058096000000   1780505058097107555
robot_2           1780505058095188252   1780505058095354829   1780505058099000000   1780505058099898087
robot_5           1780505058093969957   1780505058094106526   1780505058106000000   1780505058107164101
robot_8           1780505058115066261   1780505058115212241   1780505058119000000   1780505058120102796
robot_6           1780505058124183156   1780505058124340355   1780505058137000000   1780505058137497934
robot_10          1780505058122883968   1780505058124916105   1780505058137000000   1780505058137561439
robot_3           1780505058154602612   1780505058154658442   1780505058159000000   1780505058160327586
robot_4           1780505058158453244   1780505058158576291   1780505058167000000   1780505058167818830
robot_9           1780505058156950794   1780505058157070424   1780505058169000000   1780505058170406425
robot_1           1780505058156618601   1780505058161044008   1780505058169000000   1780505058170475475
robot_7           1780505058183209762   1780505058183358283   1780505058197000000   1780505058198192326
robot_2           1780505058195286968   1780505058202256446   1780505058210000000   1780505058210681410
robot_5           1780505058193752829   1780505058202129374   1780505058217000000   1780505058218007995
robot_8           1780505058214955913   1780505058215079023   1780505058220000000   1780505058220635969
robot_10          1780505058222765532   1780505058222887768   1780505058237000000   1780505058238229712
robot_6           1780505058224128452   1780505058224285122   1780505058237000000   1780505058238296480
robot_9           1780505058257011341   1780505058257140658   1780505058260000000   1780505058260993660
robot_3           1780505058254815712   1780505058254904205   1780505058260000000   1780505058261046816
robot_1           1780505058256730267   1780505058256865045   1780505058260000000   1780505058261056706
robot_4           1780505058258467040   1780505058258620757   1780505058267000000   1780505058268381960
robot_7           1780505058283264491   1780505058283393165   1780505058298000000   1780505058298643946
robot_2           1780505058295129623   1780505058295248422   1780505058300000000   1780505058301318152
robot_5           1780505058293941479   1780505058294071833   1780505058308000000   1780505058308673015
robot_8           1780505058314967982   1780505058315095452   1780505058321000000   1780505058321641280
robot_10          1780505058322838635   1780505058322962847   1780505058338000000   1780505058339109460
robot_6           1780505058324135432   1780505058324274464   1780505058338000000   1780505058339178807
robot_9           1780505058357005262   1780505058357127034   1780505058361000000   1780505058361762835
robot_3           1780505058354866326   1780505058354934927   1780505058361000000   1780505058361833981
robot_1           1780505058356739825   1780505058356872012   1780505058361000000   1780505058361948273
robot_4           1780505058358477598   1780505058358602132   1780505058368000000   1780505058369272209
robot_7           1780505058383139529   1780505058383772671   1780505058398000000   1780505058399510381
robot_2           1780505058395055622   1780505058395173757   1780505058401000000   1780505058402114310
robot_5           1780505058393987515   1780505058394128646   1780505058409000000   1780505058409538942
robot_8           1780505058414941099   1780505058419838391   1780505058431000000   1780505058432301756
robot_10          1780505058422871626   1780505058422988285   1780505058439000000   1780505058439900571
robot_6           1780505058424145425   1780505058424419922   1780505058439000000   1780505058439969160
robot_3           1780505058454816000   1780505058454916563   1780505058462000000   1780505058462420396
robot_1           1780505058456654811   1780505058456756046   1780505058462000000   1780505058462478828
robot_9           1780505058456981719   1780505058457098132   1780505058462000000   1780505058462490628
robot_4           1780505058458446789   1780505058458576831   1780505058469000000   1780505058469903528
robot_7           1780505058483219820   1780505058483337424   1780505058499000000   1780505058500095991
robot_2           1780505058495193155   1780505058495360207   1780505058502000000   1780505058502732442
robot_5           1780505058494006535   1780505058494131375   1780505058509000000   1780505058510243939
robot_8           1780505058514932914   1780505058515067130   1780505058522000000   1780505058522935762
robot_6           1780505058524155271   1780505058524293854   1780505058539000000   1780505058540408438
robot_10          1780505058522942183   1780505058526192505   1780505058540000000   1780505058540461115
robot_3           1780505058554685030   1780505058554819710   1780505058562000000   1780505058563078993
robot_9           1780505058556972553   1780505058557093717   1780505058562000000   1780505058563136693
robot_4           1780505058558449286   1780505058558581507   1780505058570000000   1780505058570609366
robot_1           1780505058556650413   1780505058560569913   1780505058572000000   1780505058573177759
robot_7           1780505058583233299   1780505058583356824   1780505058600000000   1780505058600995793
robot_5           1780505058593749072   1780505058602119865   1780505058610000000   1780505058610923926
robot_2           1780505058595246775   1780505058601998577   1780505058613000000   1780505058613435303
robot_8           1780505058615066094   1780505058615216528   1780505058623000000   1780505058623535354
robot_10          1780505058622823157   1780505058622939342   1780505058630000000   1780505058631085697
robot_6           1780505058624243724   1780505058624390422   1780505058640000000   1780505058641354299
robot_3           1780505058654883319   1780505058654964698   1780505058663000000   1780505058663798265
robot_1           1780505058656696296   1780505058656866170   1780505058663000000   1780505058663863549
robot_9           1780505058657080705   1780505058657217750   1780505058663000000   1780505058663874227
robot_4           1780505058658493512   1780505058658612176   1780505058670000000   1780505058671287926
robot_7           1780505058683322531   1780505058683479389   1780505058701000000   1780505058701504476
robot_2           1780505058695019909   1780505058695146672   1780505058703000000   1780505058704132423
robot_5           1780505058693968384   1780505058694101376   1780505058711000000   1780505058711579288
robot_8           1780505058714947111   1780505058715067309   1780505058723000000   1780505058724325430
robot_10          1780505058722824280   1780505058722935561   1780505058731000000   1780505058731797615
robot_6           1780505058724215647   1780505058724392339   1780505058741000000   1780505058741926370
robot_3           1780505058754714751   1780505058754790438   1780505058764000000   1780505058764645695
robot_1           1780505058756780934   1780505058756965507   1780505058764000000   1780505058764701020
robot_9           1780505058757042109   1780505058757173767   1780505058764000000   1780505058764710191
robot_4           1780505058758625628   1780505058758783080   1780505058771000000   1780505058772017760
robot_7           1780505058783161691   1780505058783802412   1780505058791000000   1780505058792179686
robot_5           1780505058793980126   1780505058794105576   1780505058801000000   1780505058802370635
robot_2           1780505058795055796   1780505058795189521   1780505058804000000   1780505058804860382
robot_8           1780505058814938789   1780505058819733200   1780505058824000000   1780505058825058242
robot_10          1780505058822788894   1780505058822932449   1780505058831000000   1780505058832480811
robot_6           1780505058824154689   1780505058824984291   1780505058842000000   1780505058842656300
robot_3           1780505058854851751   1780505058854978871   1780505058864000000   1780505058865374884
robot_1           1780505058856659141   1780505058856751095   1780505058864000000   1780505058865429226
robot_9           1780505058856989318   1780505058857133645   1780505058864000000   1780505058865513217
robot_4           1780505058858542408   1780505058858674912   1780505058872000000   1780505058872717338
robot_7           1780505058883266553   1780505058883419962   1780505058892000000   1780505058892876155
robot_5           1780505058894077443   1780505058894253646   1780505058902000000   1780505058902873923
robot_2           1780505058895104736   1780505058895258723   1780505058905000000   1780505058905564151
robot_8           1780505058914947363   1780505058915079445   1780505058925000000   1780505058925748134
robot_6           1780505058924145222   1780505058924291752   1780505058932000000   1780505058933029933
robot_10          1780505058922875377   1780505058928957280   1780505058942000000   1780505058943060463
robot_9           1780505058956974278   1780505058957086794   1780505058965000000   1780505058966056191
robot_3           1780505058954756981   1780505058954837765   1780505058965000000   1780505058966117215
robot_1           1780505058956640625   1780505058960515116   1780505058965000000   1780505058966195268
robot_4           1780505058958440045   1780505058958585371   1780505058972000000   1780505058973295185
robot_7           1780505058983186861   1780505058983307999   1780505058993000000   1780505058993415705
robot_5           1780505058993859412   1780505059002597193   1780505059013000000   1780505059013427810
robot_2           1780505058995299886   1780505059006087668   1780505059015000000   1780505059016330059
robot_8           1780505059015077587   1780505059015210313   1780505059026000000   1780505059026402950
robot_10          1780505059022828791   1780505059022953515   1780505059033000000   1780505059033583064
robot_6           1780505059024123826   1780505059024259681   1780505059033000000   1780505059033638251
robot_9           1780505059057002429   1780505059057133523   1780505059066000000   1780505059066753416
robot_3           1780505059054794245   1780505059054909303   1780505059066000000   1780505059066812737
robot_1           1780505059056711036   1780505059056833967   1780505059066000000   1780505059066823620
robot_4           1780505059058480831   1780505059058615212   1780505059073000000   1780505059073945025
robot_7           1780505059083341997   1780505059083493608   1780505059093000000   1780505059094072253
robot_5           1780505059094016026   1780505059094177061   1780505059103000000   1780505059104197088
robot_2           1780505059095117345   1780505059095260872   1780505059106000000   1780505059107054800
robot_8           1780505059114966514   1780505059115095918   1780505059126000000   1780505059127437074
robot_10          1780505059122854696   1780505059122974167   1780505059133000000   1780505059134425567
robot_6           1780505059124135472   1780505059124279390   1780505059133000000   1780505059134482995
robot_3           1780505059154709211   1780505059154822211   1780505059167000000   1780505059167592771
robot_1           1780505059156725209   1780505059156884695   1780505059167000000   1780505059167658225
robot_9           1780505059157042469   1780505059157179414   1780505059167000000   1780505059167667951
robot_4           1780505059158515725   1780505059158641374   1780505059174000000   1780505059174675100
robot_7           1780505059183262843   1780505059183847214   1780505059194000000   1780505059194782398
robot_5           1780505059193945554   1780505059194060575   1780505059204000000   1780505059204855897
robot_2           1780505059195145934   1780505059195306438   1780505059207000000   1780505059208127195
robot_8           1780505059214934635   1780505059215352312   1780505059227000000   1780505059228044810
robot_10          1780505059222729078   1780505059222859625   1780505059234000000   1780505059235146016
robot_6           1780505059224196162   1780505059224877388   1780505059234000000   1780505059235201572
robot_3           1780505059254767337   1780505059254888335   1780505059267000000   1780505059268308833
robot_1           1780505059256662416   1780505059256755920   1780505059267000000   1780505059268382588
robot_9           1780505059257000283   1780505059257116824   1780505059267000000   1780505059268421744
robot_4           1780505059258447421   1780505059258593087   1780505059274000000   1780505059275363304
robot_7           1780505059283225706   1780505059283354524   1780505059295000000   1780505059295519041
robot_5           1780505059293999141   1780505059294145184   1780505059305000000   1780505059305643713
robot_2           1780505059295078022   1780505059295250480   1780505059308000000   1780505059308548347
robot_8           1780505059314980910   1780505059315107477   1780505059328000000   1780505059328793555
robot_6           1780505059324158509   1780505059324279907   1780505059335000000   1780505059335794347
robot_10          1780505059322916948   1780505059324992420   1780505059335000000   1780505059335902683
robot_3           1780505059354707137   1780505059354821079   1780505059368000000   1780505059369185126
robot_9           1780505059356962645   1780505059357083393   1780505059368000000   1780505059369265663
robot_1           1780505059356630431   1780505059360669178   1780505059368000000   1780505059369327947
robot_4           1780505059358532260   1780505059358664388   1780505059375000000   1780505059376097985
robot_7           1780505059383175725   1780505059383301246   1780505059395000000   1780505059396412334
robot_2           1780505059395286583   1780505059402007516   1780505059408000000   1780505059409335361
robot_5           1780505059393757275   1780505059402526283   1780505059415000000   1780505059416251247
robot_8           1780505059414987620   1780505059415131884   1780505059429000000   1780505059429513660
robot_10          1780505059422772497   1780505059422910208   1780505059436000000   1780505059436456851
robot_6           1780505059424114935   1780505059424292389   1780505059436000000   1780505059436512298
robot_3           1780505059454858912   1780505059454959395   1780505059459000000   1780505059459677990
robot_4           1780505059458458465   1780505059458607244   1780505059466000000   1780505059466609891
robot_1           1780505059456784460   1780505059456907026   1780505059469000000   1780505059469725880
robot_9           1780505059456992473   1780505059457124755   1780505059469000000   1780505059469774605
robot_7           1780505059483267023   1780505059483399034   1780505059496000000   1780505059496875732
robot_2           1780505059495084022   1780505059495221552   1780505059499000000   1780505059499858880
robot_5           1780505059493995998   1780505059494150149   1780505059506000000   1780505059507057498
robot_8           1780505059514946449   1780505059515065761   1780505059519000000   1780505059520102746
robot_10          1780505059522818853   1780505059522953569   1780505059536000000   1780505059537326127
robot_6           1780505059524134340   1780505059524293569   1780505059536000000   1780505059537388106
robot_3           1780505059554769395   1780505059554873899   1780505059559000000   1780505059560480378
robot_4           1780505059558510326   1780505059558644266   1780505059567000000   1780505059567518724
robot_1           1780505059556849441   1780505059557010104   1780505059570000000   1780505059570414148
robot_9           1780505059557030940   1780505059557176911   1780505059570000000   1780505059570466206
robot_7           1780505059583163483   1780505059583769940   1780505059597000000   1780505059597572924
robot_2           1780505059595042396   1780505059595159065   1780505059600000000   1780505059600696309
robot_5           1780505059593996442   1780505059594143786   1780505059607000000   1780505059607989313
robot_8           1780505059614973015   1780505059615722759   1780505059620000000   1780505059620892246
robot_10          1780505059622784609   1780505059622906211   1780505059637000000   1780505059638154983
robot_6           1780505059624138923   1780505059624484077   1780505059637000000   1780505059638208669
robot_3           1780505059654605630   1780505059654764388   1780505059660000000   1780505059661091743
robot_4           1780505059658544369   1780505059658694888   1780505059667000000   1780505059668189946
robot_1           1780505059656667763   1780505059656763251   1780505059670000000   1780505059671139216
robot_9           1780505059657076395   1780505059657193067   1780505059670000000   1780505059671201856
robot_7           1780505059683212248   1780505059683329112   1780505059697000000   1780505059698349720
robot_2           1780505059695012082   1780505059695134178   1780505059701000000   1780505059701398159
robot_5           1780505059693963285   1780505059694086323   1780505059708000000   1780505059708482018
robot_8           1780505059714962627   1780505059715085384   1780505059721000000   1780505059721747893
robot_6           1780505059724136760   1780505059724283371   1780505059738000000   1780505059738755974
robot_10          1780505059722959933   1780505059725608789   1780505059738000000   1780505059738820696
robot_3           1780505059754595099   1780505059754686536   1780505059761000000   1780505059761801018
robot_9           1780505059757037489   1780505059757166314   1780505059761000000   1780505059761880098
robot_4           1780505059758448985   1780505059758591745   1780505059768000000   1780505059769016772
robot_1           1780505059756616410   1780505059760381544   1780505059771000000   1780505059771933398
robot_7           1780505059783238499   1780505059783376068   1780505059798000000   1780505059799472024
robot_2           1780505059795319092   1780505059802463320   1780505059811000000   1780505059812332180
robot_5           1780505059793785907   1780505059802156771   1780505059818000000   1780505059819315757
robot_8           1780505059815054793   1780505059815213101   1780505059821000000   1780505059822218016
robot_10          1780505059822861803   1780505059823007730   1780505059838000000   1780505059839486507
robot_6           1780505059824169303   1780505059824316433   1780505059839000000   1780505059839548832
robot_3           1780505059854619743   1780505059854678816   1780505059862000000   1780505059862472353
robot_1           1780505059856799286   1780505059856937998   1780505059862000000   1780505059862531102
robot_9           1780505059856990005   1780505059857121922   1780505059862000000   1780505059862548961
robot_4           1780505059858566315   1780505059858706292   1780505059869000000   1780505059869613655
robot_7           1780505059883228291   1780505059883361888   1780505059899000000   1780505059899789358
robot_2           1780505059895133124   1780505059895260658   1780505059902000000   1780505059902689999
robot_5           1780505059894020108   1780505059894155742   1780505059909000000   1780505059909890529
robot_8           1780505059914964808   1780505059915082703   1780505059922000000   1780505059922956702
robot_10          1780505059922929258   1780505059923071021   1780505059939000000   1780505059940080265
robot_6           1780505059924155898   1780505059924285416   1780505059939000000   1780505059940134502
robot_9           1780505059957102629   1780505059957271704   1780505059962000000   1780505059963275054
robot_3           1780505059954648272   1780505059954911408   1780505059962000000   1780505059963331030
robot_1           1780505059956763215   1780505059956907909   1780505059962000000   1780505059963343346
robot_4           1780505059958554718   1780505059958690200   1780505059969000000   1780505059970249174
robot_7           1780505059983191399   1780505059983645469   1780505059999000000   1780505060000378506
robot_2           1780505059995037040   1780505059995165103   1780505060003000000   1780505060003446640
robot_5           1780505059993970869   1780505059994093426   1780505060010000000   1780505060010556537
robot_8           1780505060015023724   1780505060015131685   1780505060023000000   1780505060023549602
robot_10          1780505060022750179   1780505060022875202   1780505060040000000   1780505060041002243
robot_6           1780505060024178131   1780505060024828123   1780505060040000000   1780505060041082447
robot_3           1780505060054740794   1780505060054864373   1780505060063000000   1780505060063846686
robot_1           1780505060056647642   1780505060056762147   1780505060063000000   1780505060063900717
robot_9           1780505060056954716   1780505060057064963   1780505060063000000   1780505060063909935
robot_4           1780505060058447564   1780505060058598047   1780505060070000000   1780505060070846817
robot_7           1780505060083181184   1780505060083331567   1780505060100000000   1780505060101063943
robot_2           1780505060095084408   1780505060095243386   1780505060103000000   1780505060104069354
robot_5           1780505060094046702   1780505060094214812   1780505060110000000   1780505060111125783
robot_8           1780505060114951352   1780505060115081556   1780505060123000000   1780505060124393524
robot_6           1780505060124197671   1780505060124386403   1780505060140000000   1780505060141383522
robot_10          1780505060122953993   1780505060125392789   1780505060140000000   1780505060141455244
robot_3           1780505060154795936   1780505060154891580   1780505060164000000   1780505060164526454
robot_9           1780505060157014943   1780505060157132090   1780505060164000000   1780505060164580156
robot_4           1780505060158469492   1780505060158603754   1780505060171000000   1780505060171625833
robot_1           1780505060156642638   1780505060161109764   1780505060174000000   1780505060174709837
robot_7           1780505060183194902   1780505060183346168   1780505060191000000   1780505060191774210
robot_5           1780505060193752659   1780505060202395965   1780505060211000000   1780505060211935140
robot_2           1780505060195208005   1780505060201695390   1780505060214000000   1780505060214926064
robot_8           1780505060215113667   1780505060215246108   1780505060224000000   1780505060224898976
robot_10          1780505060222826424   1780505060222936350   1780505060231000000   1780505060232055132
robot_6           1780505060224254581   1780505060224416769   1780505060241000000   1780505060242220071
robot_3           1780505060254856189   1780505060254941791   1780505060264000000   1780505060265265626
robot_1           1780505060256771179   1780505060256955049   1780505060264000000   1780505060265318820
robot_9           1780505060257034801   1780505060257168565   1780505060264000000   1780505060265327967
robot_4           1780505060258446130   1780505060258567766   1780505060271000000   1780505060272294632
robot_7           1780505060283267027   1780505060283411158   1780505060292000000   1780505060292571265
robot_5           1780505060294050323   1780505060294176162   1780505060302000000   1780505060302489742
robot_2           1780505060295172019   1780505060295290354   1780505060305000000   1780505060305473528
robot_8           1780505060314971543   1780505060315093474   1780505060325000000   1780505060325584976
robot_10          1780505060322790701   1780505060322918069   1780505060332000000   1780505060332866121
robot_6           1780505060324127502   1780505060324260475   1780505060332000000   1780505060333040485
robot_3           1780505060354685649   1780505060354890470   1780505060365000000   1780505060366108318
robot_1           1780505060356675947   1780505060356818135   1780505060365000000   1780505060366196654
robot_9           1780505060357035213   1780505060357202024   1780505060365000000   1780505060366286012
robot_4           1780505060358555492   1780505060358677252   1780505060372000000   1780505060373000338
robot_7           1780505060383163654   1780505060383799988   1780505060392000000   1780505060393145981
robot_5           1780505060394077376   1780505060394240548   1780505060402000000   1780505060403130017
robot_2           1780505060395027644   1780505060395155341   1780505060405000000   1780505060406262870
robot_8           1780505060414990003   1780505060419838683   1780505060425000000   1780505060426335760
robot_10          1780505060422840231   1780505060422963578   1780505060432000000   1780505060433329091
robot_6           1780505060424227601   1780505060424659546   1780505060433000000   1780505060433396908
robot_3           1780505060454705245   1780505060454906517   1780505060466000000   1780505060466693583
robot_1           1780505060456785452   1780505060456936347   1780505060466000000   1780505060466768265
robot_9           1780505060457057582   1780505060457174519   1780505060466000000   1780505060466801618
robot_4           1780505060458579587   1780505060458717203   1780505060473000000   1780505060473674661
robot_7           1780505060483226051   1780505060483359816   1780505060493000000   1780505060493912163
robot_5           1780505060494112662   1780505060494260839   1780505060503000000   1780505060503909514
robot_2           1780505060495193988   1780505060495337164   1780505060506000000   1780505060506933165
robot_8           1780505060514953299   1780505060515078763   1780505060526000000   1780505060527065213
robot_6           1780505060524225692   1780505060524382336   1780505060533000000   1780505060534164735
robot_10          1780505060522930519   1780505060525668643   1780505060533000000   1780505060534230449
robot_3           1780505060554743639   1780505060554841717   1780505060567000000   1780505060567663291
robot_9           1780505060556976973   1780505060557094100   1780505060567000000   1780505060567844642
robot_1           1780505060556643604   1780505060560993971   1780505060567000000   1780505060567867141
robot_4           1780505060558477854   1780505060558601000   1780505060573000000   1780505060574426453
robot_7           1780505060583250928   1780505060583402877   1780505060594000000   1780505060594908153
robot_2           1780505060595488370   1780505060601973987   1780505060607000000   1780505060607794004
robot_5           1780505060593800841   1780505060602541615   1780505060614000000   1780505060614826257
robot_8           1780505060615043340   1780505060615190520   1780505060627000000   1780505060627825367
robot_10          1780505060622816392   1780505060622934643   1780505060634000000   1780505060634994154
robot_6           1780505060624125025   1780505060624257936   1780505060634000000   1780505060635061332
robot_3           1780505060654686326   1780505060654770298   1780505060667000000   1780505060668357714
robot_1           1780505060656757975   1780505060656907020   1780505060667000000   1780505060668439237
robot_9           1780505060657046495   1780505060657204214   1780505060667000000   1780505060668453824
robot_4           1780505060658481441   1780505060658604426   1780505060674000000   1780505060675142040
robot_7           1780505060683256439   1780505060683389647   1780505060694000000   1780505060695241335
robot_5           1780505060693943144   1780505060694071531   1780505060704000000   1780505060705510711
robot_2           1780505060695088001   1780505060695232291   1780505060708000000   1780505060708426654
robot_8           1780505060714972546   1780505060715102773   1780505060728000000   1780505060728880494
robot_10          1780505060722826193   1780505060722942779   1780505060735000000   1780505060735558309
robot_6           1780505060724176843   1780505060724326947   1780505060735000000   1780505060735645064
robot_3           1780505060754625611   1780505060754850363   1780505060768000000   1780505060768975319
robot_1           1780505060756716541   1780505060756851324   1780505060768000000   1780505060769044862
robot_9           1780505060757087088   1780505060757228258   1780505060768000000   1780505060769054684
robot_4           1780505060758558895   1780505060758689513   1780505060775000000   1780505060775801023
robot_7           1780505060783181211   1780505060783433746   1780505060795000000   1780505060795914278
robot_5           1780505060794030209   1780505060794173926   1780505060805000000   1780505060805998172
robot_2           1780505060795030051   1780505060795150161   1780505060808000000   1780505060809252067
robot_8           1780505060815021815   1780505060815712631   1780505060828000000   1780505060829255382
robot_10          1780505060822737886   1780505060822849727   1780505060835000000   1780505060836527313
robot_6           1780505060824140631   1780505060825572804   1780505060835000000   1780505060836580053
robot_1           1780505060856665391   1780505060856762714   1780505060869000000   1780505060869593086
robot_9           1780505060856962182   1780505060857078935   1780505060869000000   1780505060869651442
robot_3           1780505060854869437   1780505060854976034   1780505060869000000   1780505060869660843
robot_4           1780505060858473153   1780505060858615254   1780505060876000000   1780505060876556929
robot_5           1780505060893944871   1780505060894065764   1780505060906000000   1780505060906769340
robot_7           1780505060883184515   1780505060883321832   1780505060906000000   1780505060906830793
robot_2           1780505060895006123   1780505060895123554   1780505060909000000   1780505060909776994
robot_8           1780505060915024300   1780505060915145202   1780505060929000000   1780505060930104880
robot_6           1780505060924162470   1780505060924317243   1780505060936000000   1780505060936970817
robot_10          1780505060922918848   1780505060925317270   1780505060936000000   1780505060937082908
robot_3           1780505060954617895   1780505060954674880   1780505060959000000   1780505060960313968
robot_4           1780505060958486797   1780505060958635254   1780505060966000000   1780505060967369111
robot_9           1780505060956982072   1780505060957107250   1780505060969000000   1780505060970386787
robot_1           1780505060956705117   1780505060961273340   1780505060969000000   1780505060970443958
robot_7           1780505060983184477   1780505060983301089   1780505060997000000   1780505060997609678
robot_2           1780505060995274101   1780505061001859309   1780505061010000000   1780505061010853501
robot_5           1780505060993748720   1780505061002546375   1780505061017000000   1780505061017512746
robot_8           1780505061015022382   1780505061015157662   1780505061020000000   1780505061020584016
robot_10          1780505061022838337   1780505061022965552   1780505061037000000   1780505061037767053
robot_6           1780505061024157375   1780505061024289670   1780505061037000000   1780505061037824616
robot_3           1780505061054575746   1780505061054645018   1780505061060000000   1780505061060920658
robot_4           1780505061058517361   1780505061058668831   1780505061067000000   1780505061068011813
robot_1           1780505061056753361   1780505061056922270   1780505061070000000   1780505061070997940
robot_9           1780505061057035237   1780505061057163444   1780505061070000000   1780505061071109197
robot_7           1780505061083383665   1780505061083532063   1780505061097000000   1780505061098390120
robot_2           1780505061095098390   1780505061095222260   1780505061100000000   1780505061101454986
robot_5           1780505061094080972   1780505061094211376   1780505061107000000   1780505061108337289
robot_8           1780505061114989275   1780505061115147830   1780505061121000000   1780505061121677512
robot_10          1780505061122850896   1780505061122966844   1780505061138000000   1780505061138494744
robot_6           1780505061124131009   1780505061124275296   1780505061138000000   1780505061138553571
robot_3           1780505061154651521   1780505061154789559   1780505061161000000   1780505061161865722
robot_4           1780505061158558219   1780505061158681748   1780505061168000000   1780505061168743143
robot_1           1780505061156794567   1780505061156951258   1780505061171000000   1780505061171841966
robot_9           1780505061157027738   1780505061157164502   1780505061171000000   1780505061172003738
robot_7           1780505061183179300   1780505061183656540   1780505061198000000   1780505061198870157
robot_2           1780505061195070663   1780505061195187318   1780505061201000000   1780505061202089048
robot_5           1780505061193952510   1780505061194069380   1780505061208000000   1780505061209081504
robot_8           1780505061215059428   1780505061215443538   1780505061221000000   1780505061222245858
robot_10          1780505061222783993   1780505061222925092   1780505061238000000   1780505061239421727
robot_6           1780505061224203515   1780505061224964477   1780505061238000000   1780505061239503458
robot_3           1780505061254732463   1780505061254862609   1780505061262000000   1780505061262416849
robot_1           1780505061256704429   1780505061256835051   1780505061262000000   1780505061262475372
robot_9           1780505061256960287   1780505061257087794   1780505061262000000   1780505061262508990
robot_4           1780505061258448805   1780505061258566972   1780505061268000000   1780505061269360579
robot_7           1780505061283208634   1780505061283322029   1780505061299000000   1780505061299626047
robot_2           1780505061295128541   1780505061295283387   1780505061302000000   1780505061302566367
robot_5           1780505061293965317   1780505061294101339   1780505061309000000   1780505061309713173
robot_8           1780505061315018266   1780505061315142845   1780505061322000000   1780505061322884904
robot_6           1780505061324144270   1780505061324287124   1780505061339000000   1780505061339919424
robot_10          1780505061322950205   1780505061328849130   1780505061339000000   1780505061339973147
robot_3           1780505061354630888   1780505061354688321   1780505061362000000   1780505061363077693
robot_9           1780505061356973107   1780505061357101428   1780505061362000000   1780505061363145903
robot_4           1780505061358496074   1780505061358654515   1780505061369000000   1780505061370137169
robot_1           1780505061356645316   1780505061360435537   1780505061372000000   1780505061373202954
robot_7           1780505061383209296   1780505061383333757   1780505061399000000   1780505061400411507
robot_2           1780505061395268428   1780505061402691538   1780505061413000000   1780505061413433596
robot_5           1780505061393757479   1780505061402204689   1780505061420000000   1780505061420495862
robot_8           1780505061415035738   1780505061415169599   1780505061423000000   1780505061423521543
robot_10          1780505061422837565   1780505061422964788   1780505061440000000   1780505061440773095
robot_6           1780505061424176688   1780505061424316549   1780505061440000000   1780505061440886633
robot_3           1780505061454664769   1780505061454879587   1780505061463000000   1780505061463815705
robot_1           1780505061456679766   1780505061456802664   1780505061463000000   1780505061463868045
robot_9           1780505061457013784   1780505061457177115   1780505061463000000   1780505061463877870
robot_4           1780505061458467019   1780505061458594532   1780505061470000000   1780505061470749152
robot_7           1780505061483293206   1780505061483462393   1780505061500000000   1780505061501010459
robot_2           1780505061495027413   1780505061495150205   1780505061503000000   1780505061504105930
robot_5           1780505061493970971   1780505061494093333   1780505061510000000   1780505061511123531
robot_8           1780505061515026361   1780505061515158367   1780505061523000000   1780505061524215379
robot_10          1780505061522826751   1780505061522954957   1780505061530000000   1780505061531417659
robot_6           1780505061524174454   1780505061524315724   1780505061540000000   1780505061541613861
robot_3           1780505061554666549   1780505061554721683   1780505061564000000   1780505061564649474
robot_1           1780505061556698124   1780505061556864723   1780505061564000000   1780505061564720979
robot_9           1780505061557008158   1780505061557156232   1780505061564000000   1780505061564768086
robot_4           1780505061558511009   1780505061558634970   1780505061571000000   1780505061571546887
robot_7           1780505061583187993   1780505061583780430   1780505061601000000   1780505061601853003
robot_2           1780505061595062667   1780505061595191384   1780505061604000000   1780505061604923518
robot_5           1780505061593980152   1780505061594112278   1780505061611000000   1780505061611900516
robot_8           1780505061615056727   1780505061616065142   1780505061624000000   1780505061625083767
robot_10          1780505061622872456   1780505061622992295   1780505061631000000   1780505061631923977
robot_6           1780505061624175231   1780505061625291094   1780505061641000000   1780505061642324749
robot_3           1780505061654917910   1780505061655037200   1780505061664000000   1780505061665425641
robot_1           1780505061656713155   1780505061656854063   1780505061664000000   1780505061665490033
robot_9           1780505061657125995   1780505061657251291   1780505061665000000   1780505061665500360
robot_4           1780505061658491327   1780505061658646175   1780505061671000000   1780505061672312290
robot_7           1780505061683288050   1780505061683434741   1780505061691000000   1780505061692447933
robot_5           1780505061694032720   1780505061694183181   1780505061701000000   1780505061702408962
robot_2           1780505061695206781   1780505061695368174   1780505061705000000   1780505061705798410
robot_8           1780505061714983078   1780505061715110443   1780505061725000000   1780505061725800038
robot_6           1780505061724170876   1780505061724317035   1780505061732000000   1780505061732694420
robot_10          1780505061722884567   1780505061725254234   1780505061742000000   1780505061742647501
robot_9           1780505061756955656   1780505061757070095   1780505061765000000   1780505061766204110
robot_3           1780505061754649586   1780505061754704575   1780505061765000000   1780505061766258194
robot_4           1780505061758440659   1780505061758561638   1780505061772000000   1780505061772924359
robot_1           1780505061756627714   1780505061760944974   1780505061775000000   1780505061776262214
robot_7           1780505061783183819   1780505061783299926   1780505061792000000   1780505061792976265
robot_5           1780505061793854850   1780505061803092421   1780505061812000000   1780505061813129151
robot_2           1780505061795287872   1780505061802033569   1780505061816000000   1780505061816505013
robot_8           1780505061815033874   1780505061815166319   1780505061826000000   1780505061826500459
robot_10          1780505061822759430   1780505061822874333   1780505061832000000   1780505061833274697
robot_6           1780505061824123058   1780505061824269296   1780505061832000000   1780505061833346820
robot_1           1780505061856764527   1780505061856921947   1780505061866000000   1780505061867023551
robot_9           1780505061857014593   1780505061857141012   1780505061866000000   1780505061867092099
robot_3           1780505061854700641   1780505061854769337   1780505061866000000   1780505061867113873
robot_4           1780505061858491949   1780505061858627591   1780505061873000000   1780505061873547575
robot_7           1780505061883221800   1780505061883354133   1780505061893000000   1780505061893706641
robot_5           1780505061894028923   1780505061894191559   1780505061903000000   1780505061903752654
robot_2           1780505061895067037   1780505061895197955   1780505061906000000   1780505061907287949
robot_8           1780505061914995646   1780505061915120043   1780505061927000000   1780505061927730332
robot_10          1780505061922800686   1780505061922936877   1780505061933000000   1780505061933967978
robot_6           1780505061924214735   1780505061924347832   1780505061933000000   1780505061934134919
robot_3           1780505061954683906   1780505061954834763   1780505061967000000   1780505061967884614
robot_1           1780505061956710732   1780505061956855780   1780505061967000000   1780505061967950264
robot_9           1780505061957089864   1780505061957254820   1780505061967000000   1780505061967959872
robot_4           1780505061958522480   1780505061958689185   1780505061973000000   1780505061974322304
robot_7           1780505061983322074   1780505061984330991   1780505061994000000   1780505061994459348
robot_5           1780505061994028511   1780505061994184848   1780505062004000000   1780505062004457027
robot_2           1780505061995129012   1780505061995266973   1780505062007000000   1780505062008320978
robot_8           1780505062014987957   1780505062015217257   1780505062027000000   1780505062028146973
robot_10          1780505062022822415   1780505062022941041   1780505062034000000   1780505062034721192
robot_6           1780505062024150453   1780505062024991958   1780505062034000000   1780505062034772731
robot_1           1780505062056743371   1780505062056881573   1780505062068000000   1780505062068442143
robot_3           1780505062054820007   1780505062054926160   1780505062068000000   1780505062068512252
robot_9           1780505062057419118   1780505062057552810   1780505062068000000   1780505062068572488
robot_4           1780505062058458737   1780505062058622113   1780505062074000000   1780505062074975111
robot_7           1780505062083288527   1780505062083421450   1780505062094000000   1780505062095097184
robot_5           1780505062093951801   1780505062094088531   1780505062104000000   1780505062105234937
robot_2           1780505062095148345   1780505062095320432   1780505062108000000   1780505062108649490
robot_8           1780505062114984494   1780505062115101902   1780505062128000000   1780505062128925903
robot_6           1780505062124132436   1780505062124267526   1780505062134000000   1780505062135407782
robot_10          1780505062122827768   1780505062128950849   1780505062145000000   1780505062145420491
robot_9           1780505062157012477   1780505062157144148   1780505062168000000   1780505062169381935
robot_1           1780505062156643708   1780505062160471367   1780505062168000000   1780505062169464985
robot_3           1780505062154669167   1780505062154781636   1780505062169000000   1780505062169762098
robot_4           1780505062158493122   1780505062158663055   1780505062175000000   1780505062175753340
robot_7           1780505062183194823   1780505062183326213   1780505062195000000   1780505062195849737
robot_5           1780505062193763983   1780505062202290917   1780505062215000000   1780505062215937233
robot_2           1780505062195201721   1780505062205848697   1780505062219000000   1780505062219566929
robot_8           1780505062215082752   1780505062215224547   1780505062229000000   1780505062229520340
robot_10          1780505062222749147   1780505062222875527   1780505062235000000   1780505062236083760
robot_6           1780505062224147767   1780505062224301246   1780505062235000000   1780505062236151738
robot_4           1780505062258490266   1780505062258605956   1780505062265000000   1780505062266253079
robot_1           1780505062256795831   1780505062256941313   1780505062269000000   1780505062269887837
robot_3           1780505062254836280   1780505062254923049   1780505062269000000   1780505062269937802
robot_9           1780505062257000669   1780505062257154129   1780505062269000000   1780505062269989184
robot_7           1780505062283229181   1780505062283403620   1780505062296000000   1780505062296416825
robot_2           1780505062295043648   1780505062295165496   1780505062299000000   1780505062300128427
robot_5           1780505062294002570   1780505062294150655   1780505062306000000   1780505062306506163
robot_8           1780505062314970264   1780505062315094024   1780505062319000000   1780505062320397367
robot_10          1780505062322829581   1780505062322947699   1780505062336000000   1780505062336755802
robot_6           1780505062324117080   1780505062324252931   1780505062336000000   1780505062336836395
robot_3           1780505062354790111   1780505062354885941   1780505062360000000   1780505062360709721
robot_4           1780505062358519913   1780505062358647842   1780505062366000000   1780505062367110396
robot_1           1780505062356939354   1780505062357098595   1780505062370000000   1780505062370839726
robot_9           1780505062357032150   1780505062357168447   1780505062370000000   1780505062370917409
robot_7           1780505062383241600   1780505062383891683   1780505062396000000   1780505062397075638
robot_2           1780505062395039733   1780505062395161645   1780505062400000000   1780505062400974716
robot_5           1780505062393962312   1780505062394094432   1780505062406000000   1780505062407299422
robot_8           1780505062414929964   1780505062416428005   1780505062430000000   1780505062431128189
robot_10          1780505062422823501   1780505062422939920   1780505062436000000   1780505062437546134
robot_6           1780505062424103492   1780505062424772285   1780505062436000000   1780505062437615997
robot_3           1780505062454628592   1780505062454830834   1780505062460000000   1780505062461321290
robot_4           1780505062458535544   1780505062458654531   1780505062467000000   1780505062467666518
robot_1           1780505062456657148   1780505062456752119   1780505062471000000   1780505062471481236
robot_9           1780505062456970470   1780505062457093305   1780505062471000000   1780505062471550412
robot_7           1780505062483310861   1780505062483426075   1780505062497000000   1780505062497833568
robot_2           1780505062495083123   1780505062495250064   1780505062501000000   1780505062501597816
robot_5           1780505062493962625   1780505062494089153   1780505062507000000   1780505062507903093
robot_8           1780505062514960863   1780505062515090718   1780505062521000000   1780505062521992176
robot_6           1780505062524142869   1780505062524286927   1780505062537000000   1780505062538251899
robot_10          1780505062522980835   1780505062525622633   1780505062537000000   1780505062538311064
robot_3           1780505062554836782   1780505062554916755   1780505062561000000   1780505062562125393
robot_9           1780505062556955869   1780505062557083510   1780505062561000000   1780505062562200540
robot_4           1780505062558541948   1780505062558682826   1780505062567000000   1780505062568517653
robot_1           1780505062556652853   1780505062561041835   1780505062571000000   1780505062572143842
robot_7           1780505062583208613   1780505062583356443   1780505062598000000   1780505062598772658
robot_2           1780505062595192068   1780505062601656840   1780505062611000000   1780505062612460402
robot_5           1780505062593752455   1780505062602600611   1780505062618000000   1780505062618673797
robot_8           1780505062615018633   1780505062615143640   1780505062622000000   1780505062622432259
robot_10          1780505062622799328   1780505062622930796   1780505062638000000   1780505062638901473
robot_6           1780505062624140931   1780505062624273506   1780505062638000000   1780505062638970594
robot_3           1780505062654910734   1780505062655049418   1780505062662000000   1780505062662752041
robot_1           1780505062656904323   1780505062657078147   1780505062662000000   1780505062662819824
robot_9           1780505062657101090   1780505062657267634   1780505062662000000   1780505062662868142
robot_4           1780505062658492797   1780505062658646602   1780505062668000000   1780505062669157955
robot_7           1780505062683245760   1780505062683392414   1780505062698000000   1780505062699391124
robot_2           1780505062695101763   1780505062695227736   1780505062702000000   1780505062703071703
robot_5           1780505062694028787   1780505062694153988   1780505062708000000   1780505062709328547
robot_8           1780505062714998976   1780505062715127149   1780505062722000000   1780505062723335765
robot_6           1780505062724189431   1780505062724324273   1780505062739000000   1780505062739664886
robot_10          1780505062722853011   1780505062722991202   1780505062739000000   1780505062739718419
robot_1           1780505062756836766   1780505062757008056   1780505062763000000   1780505062763658435
robot_9           1780505062757215928   1780505062757369569   1780505062763000000   1780505062763720838
robot_3           1780505062754766780   1780505062754882620   1780505062763000000   1780505062763731373
robot_4           1780505062758624987   1780505062758792526   1780505062769000000   1780505062769928336
robot_7           1780505062783216908   1780505062783583440   1780505062799000000   1780505062800142871
robot_2           1780505062795059993   1780505062795180518   1780505062803000000   1780505062803883893
robot_5           1780505062793994523   1780505062794137876   1780505062809000000   1780505062810312129
robot_8           1780505062815067488   1780505062815694470   1780505062823000000   1780505062824002661
robot_10          1780505062822839560   1780505062822969226   1780505062839000000   1780505062840657447
robot_6           1780505062824285973   1780505062824922498   1780505062839000000   1780505062840732008
robot_3           1780505062854890139   1780505062855002503   1780505062863000000   1780505062864269949
robot_1           1780505062856711265   1780505062856854026   1780505062863000000   1780505062864327763
robot_9           1780505062856981204   1780505062857095092   1780505062863000000   1780505062864423649
robot_4           1780505062858468445   1780505062858624549   1780505062870000000   1780505062870553258
robot_7           1780505062883228085   1780505062883337036   1780505062900000000   1780505062900783034
robot_2           1780505062895075599   1780505062895228363   1780505062904000000   1780505062904493722
robot_5           1780505062893937502   1780505062894063870   1780505062910000000   1780505062910880053
robot_8           1780505062914997382   1780505062915181055   1780505062924000000   1780505062924700121
robot_10          1780505062922969115   1780505062925210972   1780505062940000000   1780505062944767276
robot_6           1780505062924176865   1780505062924314554   1780505062944000000   1780505062948918137
robot_9           1780505062957415564   1780505062960957308   1780505062966000000   1780505062966902221
robot_4           1780505062958864990   1780505062959079914   1780505062974000000   1780505062977429573
robot_3           1780505062956127662   1780505062956276384   1780505062976000000   1780505062977721719
robot_1           1780505062956810515   1780505062971790890   1780505062993000000   1780505062996868318
robot_5           1780505062994580480   1780505063001868664   1780505063015000000   1780505063018052357
robot_2           1780505062999552848   1780505063000578435   1780505063016000000   1780505063018533174
robot_8           1780505063015864079   1780505063016487749   1780505063041000000   1780505063044855483
robot_10          1780505063022983202   1780505063023143248   1780505063041000000   1780505063044945519
robot_6           1780505063024817477   1780505063029005205   1780505063041000000   1780505063044960012
robot_7           1780505062983362469   1780505062984551579   1780505063051000000   1780505063060761867
robot_9           1780505063057089688   1780505063057297701   1780505063071000000   1780505063078928239
robot_1           1780505063064939934   1780505063065902280   1780505063097000000   1780505063099407990
robot_4           1780505063062347063   1780505063062752360   1780505063104000000   1780505063106865985
robot_3           1780505063054959631   1780505063055517875   1780505063125000000   1780505063127591957
robot_7           1780505063090652243   1780505063099892024   1780505063126000000   1780505063127662294
robot_5           1780505063100987614   1780505063113080805   1780505063126000000   1780505063127682111
robot_2           1780505063105159510   1780505063108414866   1780505063123000000   1780505063128822018
robot_8           1780505063125239592   1780505063125880749   1780505063133000000   1780505063135444406
robot_6           1780505063130801247   1780505063131813756   1780505063148000000   1780505063151479289
robot_10          1780505063132842296   1780505063132960880   1780505063151000000   1780505063160840822
robot_9           1780505063157202047   1780505063157423543   1780505063172000000   1780505063176695281
robot_4           1780505063170442021   1780505063174896293   1780505063189000000   1780505063190006729
robot_3           1780505063166587996   1780505063167476979   1780505063192000000   1780505063193275558
robot_1           1780505063157941609   1780505063171507346   1780505063192000000   1780505063193338025
robot_7           1780505063183599622   1780505063186076640   1780505063199000000   1780505063200069412
robot_2           1780505063195079452   1780505063195215192   1780505063202000000   1780505063203358217
robot_5           1780505063193995656   1780505063194157020   1780505063209000000   1780505063210375347
robot_8           1780505063215104785   1780505063216325060   1780505063223000000   1780505063223455892
robot_6           1780505063224258146   1780505063225383831   1780505063239000000   1780505063240577700
robot_10          1780505063222788910   1780505063222900160   1780505063239000000   1780505063240652068
robot_3           1780505063254741834   1780505063254853461   1780505063263000000   1780505063263859835
robot_1           1780505063256766968   1780505063256902766   1780505063263000000   1780505063263914587
robot_9           1780505063257098688   1780505063257218023   1780505063263000000   1780505063263924531
robot_4           1780505063258576188   1780505063258706962   1780505063270000000   1780505063270603223
robot_7           1780505063283344018   1780505063283516694   1780505063300000000   1780505063300793475
robot_2           1780505063295099750   1780505063295252795   1780505063303000000   1780505063304148376
robot_5           1780505063293993242   1780505063294140441   1780505063310000000   1780505063310771667
robot_8           1780505063314953902   1780505063315091077   1780505063323000000   1780505063324471521
robot_6           1780505063324159196   1780505063324318714   1780505063340000000   1780505063341101847
robot_10          1780505063322862140   1780505063325413201   1780505063340000000   1780505063341162606
robot_9           1780505063356957146   1780505063357100984   1780505063364000000   1780505063364682186
robot_3           1780505063354686727   1780505063354751357   1780505063364000000   1780505063364742611
robot_4           1780505063358442380   1780505063358577717   1780505063370000000   1780505063371268686
robot_1           1780505063356654359   1780505063360522935   1780505063374000000   1780505063374823999
robot_7           1780505063383139526   1780505063383242287   1780505063390000000   1780505063391389544
robot_5           1780505063393837374   1780505063402616481   1780505063411000000   1780505063411707815
robot_2           1780505063395384261   1780505063402781725   1780505063414000000   1780505063415182687
robot_8           1780505063415120221   1780505063415273596   1780505063424000000   1780505063425098104
robot_10          1780505063422761081   1780505063422876304   1780505063431000000   1780505063431642799
robot_6           1780505063424139899   1780505063424288425   1780505063441000000   1780505063441777421
robot_1           1780505063456756907   1780505063456918965   1780505063465000000   1780505063465498563
robot_9           1780505063457043546   1780505063457197520   1780505063465000000   1780505063465552047
robot_3           1780505063454687991   1780505063454904582   1780505063465000000   1780505063465561194
robot_4           1780505063458521288   1780505063458673036   1780505063471000000   1780505063471881549
robot_7           1780505063483270686   1780505063483406197   1780505063491000000   1780505063492103247
robot_5           1780505063493963451   1780505063494088103   1780505063501000000   1780505063502167957
robot_2           1780505063495058520   1780505063495196614   1780505063505000000   1780505063505748763
robot_8           1780505063514910490   1780505063515029153   1780505063525000000   1780505063525925968
robot_10          1780505063522845776   1780505063522973965   1780505063531000000   1780505063532361936
robot_6           1780505063524238196   1780505063524387892   1780505063531000000   1780505063532439254
robot_3           1780505063554652557   1780505063554833090   1780505063565000000   1780505063566434233
robot_1           1780505063556743626   1780505063556901303   1780505063565000000   1780505063566493849
robot_9           1780505063557001192   1780505063557156798   1780505063566000000   1780505063566505663
robot_4           1780505063558486301   1780505063558636563   1780505063572000000   1780505063572631807
robot_7           1780505063583262446   1780505063583978824   1780505063592000000   1780505063592764611
robot_5           1780505063594001672   1780505063594142747   1780505063602000000   1780505063602675178
robot_2           1780505063595064231   1780505063595187933   1780505063606000000   1780505063606851654
robot_8           1780505063614959947   1780505063615374752   1780505063626000000   1780505063626816421
robot_6           1780505063624132710   1780505063624596316   1780505063632000000   1780505063632910700
robot_10          1780505063622776448   1780505063622906802   1780505063632000000   1780505063632969552
robot_3           1780505063654683536   1780505063654828505   1780505063666000000   1780505063667144194
robot_1           1780505063656717827   1780505063656844368   1780505063666000000   1780505063667198803
robot_9           1780505063657010900   1780505063657139073   1780505063666000000   1780505063667212103
robot_4           1780505063658446914   1780505063658566708   1780505063672000000   1780505063673223192
robot_7           1780505063683269025   1780505063683425503   1780505063692000000   1780505063693276511
robot_5           1780505063694084377   1780505063694230504   1780505063702000000   1780505063703350609
robot_2           1780505063695132105   1780505063695292106   1780505063707000000   1780505063707423397
robot_8           1780505063714977455   1780505063715096879   1780505063727000000   1780505063727652624
robot_6           1780505063724222025   1780505063724361956   1780505063733000000   1780505063733546054
robot_10          1780505063722850383   1780505063726899138   1780505063743000000   1780505063743679009
robot_3           1780505063754749543   1780505063754833779   1780505063767000000   1780505063768193284
robot_9           1780505063756949557   1780505063757067280   1780505063767000000   1780505063768283581
robot_1           1780505063756656365   1780505063760438853   1780505063767000000   1780505063768299072
robot_4           1780505063758451843   1780505063758599140   1780505063773000000   1780505063773876011
robot_7           1780505063783181801   1780505063783323771   1780505063793000000   1780505063794085589
robot_5           1780505063793845531   1780505063806361017   1780505063813000000   1780505063814136286
robot_2           1780505063795231710   1780505063802205115   1780505063817000000   1780505063818246218
robot_8           1780505063814998659   1780505063815141495   1780505063827000000   1780505063828313247
robot_6           1780505063824145153   1780505063824272390   1780505063833000000   1780505063834321475
robot_10          1780505063822766671   1780505063822888226   1780505063833000000   1780505063834390282
robot_1           1780505063856776820   1780505063856951412   1780505063868000000   1780505063868572116
robot_9           1780505063857022671   1780505063857162944   1780505063868000000   1780505063868630098
robot_3           1780505063854677076   1780505063854756132   1780505063868000000   1780505063868644869
robot_4           1780505063858467067   1780505063858586580   1780505063874000000   1780505063874658157
robot_7           1780505063883255094   1780505063883383501   1780505063894000000   1780505063894790298
robot_5           1780505063893974202   1780505063894094698   1780505063904000000   1780505063904782031
robot_2           1780505063895179606   1780505063895307588   1780505063908000000   1780505063908739192
robot_8           1780505063914944052   1780505063915059969   1780505063928000000   1780505063929118237
robot_6           1780505063924141529   1780505063924267805   1780505063934000000   1780505063935020184
robot_10          1780505063922775138   1780505063922903006   1780505063934000000   1780505063935084640
robot_1           1780505063956713841   1780505063956835036   1780505063968000000   1780505063969491223
robot_9           1780505063957023562   1780505063957169806   1780505063968000000   1780505063969560791
robot_3           1780505063954865407   1780505063954991942   1780505063968000000   1780505063969575525
robot_4           1780505063958463950   1780505063958582428   1780505063974000000   1780505063975280132
robot_7           1780505063983187695   1780505063984343906   1780505063994000000   1780505063995399015
robot_5           1780505063993962851   1780505063994085568   1780505064005000000   1780505064005518505
robot_2           1780505063995030224   1780505063995158100   1780505064009000000   1780505064009669779
robot_8           1780505064015014249   1780505064015783483   1780505064029000000   1780505064029729482
robot_10          1780505064022759825   1780505064022862683   1780505064035000000   1780505064035714559
robot_6           1780505064024177839   1780505064025384863   1780505064035000000   1780505064035781102
robot_4           1780505064058452735   1780505064058582817   1780505064065000000   1780505064065895855
robot_3           1780505064054720158   1780505064054822992   1780505064069000000   1780505064070063548
robot_1           1780505064056712005   1780505064056811407   1780505064069000000   1780505064070113066
robot_9           1780505064056961628   1780505064057087919   1780505064069000000   1780505064070122979
robot_7           1780505064083238567   1780505064083366168   1780505064095000000   1780505064096149849
robot_5           1780505064094107331   1780505064094263833   1780505064105000000   1780505064106163454
robot_2           1780505064095043295   1780505064095178656   1780505064109000000   1780505064110365941
robot_8           1780505064114949198   1780505064115091941   1780505064130000000   1780505064130519882
robot_6           1780505064124156955   1780505064124301553   1780505064135000000   1780505064136293124
robot_10          1780505064122929695   1780505064129085156   1780505064135000000   1780505064136343049
robot_4           1780505064158473429   1780505064158611507   1780505064166000000   1780505064166556939
robot_9           1780505064157069704   1780505064157191345   1780505064170000000   1780505064170955098
robot_3           1780505064154667615   1780505064154839661   1780505064170000000   1780505064171027756
robot_1           1780505064156649818   1780505064160420662   1780505064170000000   1780505064171040846
robot_7           1780505064183187472   1780505064183310128   1780505064196000000   1780505064197078456
robot_2           1780505064195405134   1780505064202939796   1780505064210000000   1780505064211084360
robot_5           1780505064193776789   1780505064202787365   1780505064216000000   1780505064216876915
robot_8           1780505064215005850   1780505064215147390   1780505064220000000   1780505064221167772
robot_10          1780505064222855303   1780505064222982239   1780505064236000000   1780505064237100924
robot_6           1780505064224167194   1780505064224302868   1780505064236000000   1780505064237165505
robot_3           1780505064254697151   1780505064254761163   1780505064261000000   1780505064261491351
robot_4           1780505064258490269   1780505064258639486   1780505064266000000   1780505064267292720
robot_1           1780505064256880487   1780505064257063425   1780505064271000000   1780505064271616358
robot_9           1780505064257168767   1780505064257322346   1780505064271000000   1780505064271780127
robot_7           1780505064283219264   1780505064283342203   1780505064297000000   1780505064297479346
robot_2           1780505064295084950   1780505064295226419   1780505064301000000   1780505064301771310
robot_5           1780505064294035404   1780505064294155039   1780505064307000000   1780505064307658121
robot_8           1780505064314943417   1780505064315069817   1780505064321000000   1780505064321965357
robot_10          1780505064322841606   1780505064322959391   1780505064337000000   1780505064337971824
robot_6           1780505064324144203   1780505064324276993   1780505064337000000   1780505064338035028
robot_3           1780505064354671125   1780505064354766289   1780505064361000000   1780505064362302635
robot_4           1780505064358532294   1780505064358660644   1780505064367000000   1780505064368177340
robot_1           1780505064356715939   1780505064356942211   1780505064371000000   1780505064372319630
robot_9           1780505064357048957   1780505064357192188   1780505064371000000   1780505064372374723
robot_7           1780505064383152050   1780505064383597886   1780505064397000000   1780505064398216594
robot_2           1780505064395137709   1780505064395254176   1780505064402000000   1780505064402489885
robot_5           1780505064393964942   1780505064394093080   1780505064407000000   1780505064408620660
robot_8           1780505064414997235   1780505064415354078   1780505064422000000   1780505064422589629
robot_6           1780505064424162037   1780505064424553821   1780505064438000000   1780505064438678067
robot_10          1780505064422775434   1780505064422917823   1780505064438000000   1780505064438731311
robot_3           1780505064454829499   1780505064454916023   1780505064462000000   1780505064462803725
robot_1           1780505064456648059   1780505064456742234   1780505064462000000   1780505064462861214
robot_9           1780505064457090663   1780505064457237819   1780505064462000000   1780505064462870415
robot_4           1780505064458482831   1780505064458606481   1780505064468000000   1780505064468672558
robot_7           1780505064483205802   1780505064483343892   1780505064498000000   1780505064498962607
robot_2           1780505064495123027   1780505064495302982   1780505064502000000   1780505064503123081
robot_5           1780505064494016722   1780505064494178354   1780505064508000000   1780505064508964762
robot_8           1780505064514955714   1780505064515069979   1780505064522000000   1780505064523332473
robot_6           1780505064524176144   1780505064524342747   1780505064538000000   1780505064539253735
robot_10          1780505064522817740   1780505064528949891   1780505064538000000   1780505064539321580
robot_9           1780505064557036958   1780505064557231886   1780505064563000000   1780505064563471929
robot_3           1780505064554923866   1780505064555056136   1780505064563000000   1780505064563533065
robot_4           1780505064558465777   1780505064558597806   1780505064568000000   1780505064569452448
robot_1           1780505064556686171   1780505064561565975   1780505064573000000   1780505064573565814
robot_7           1780505064583216087   1780505064583343553   1780505064599000000   1780505064599814916
robot_2           1780505064595298508   1780505064602054139   1780505064613000000   1780505064613880752
robot_5           1780505064593894748   1780505064602930485   1780505064619000000   1780505064619641633
robot_8           1780505064615005891   1780505064615136334   1780505064623000000   1780505064623831542
robot_10          1780505064622855849   1780505064622976753   1780505064639000000   1780505064639912702
robot_6           1780505064624210216   1780505064624366572   1780505064639000000   1780505064639999964
robot_3           1780505064654695112   1780505064654770597   1780505064663000000   1780505064664268231
robot_1           1780505064656736377   1780505064656888571   1780505064663000000   1780505064664328086
robot_9           1780505064657004002   1780505064657143888   1780505064663000000   1780505064664338769
robot_4           1780505064658489249   1780505064658619400   1780505064669000000   1780505064669965591
robot_7           1780505064683303732   1780505064683475004   1780505064699000000   1780505064700131910
robot_2           1780505064695145504   1780505064695276479   1780505064704000000   1780505064704583783
robot_5           1780505064693956123   1780505064694087451   1780505064709000000   1780505064710160618
robot_8           1780505064715020835   1780505064715155625   1780505064724000000   1780505064724676845
robot_10          1780505064722795657   1780505064722922989   1780505064729000000   1780505064730386940
robot_6           1780505064724122382   1780505064724252382   1780505064740000000   1780505064740521723
robot_3           1780505064754757365   1780505064754845007   1780505064764000000   1780505064764987873
robot_1           1780505064756759728   1780505064756891824   1780505064764000000   1780505064765047225
robot_9           1780505064756999605   1780505064757130563   1780505064764000000   1780505064765056801
robot_4           1780505064758503979   1780505064758644123   1780505064770000000   1780505064770615868
robot_7           1780505064783261587   1780505064784097417   1780505064800000000   1780505064800947150
robot_2           1780505064795104334   1780505064795244797   1780505064804000000   1780505064805183765
robot_5           1780505064794056881   1780505064794180729   1780505064810000000   1780505064810978425
robot_8           1780505064814990989   1780505064819508450   1780505064824000000   1780505064825271872
robot_10          1780505064822837053   1780505064822953429   1780505064830000000   1780505064831013301
robot_6           1780505064824222136   1780505064824815513   1780505064840000000   1780505064841437252
robot_1           1780505064856666190   1780505064856786351   1780505064865000000   1780505064865570874
robot_9           1780505064856947869   1780505064857076746   1780505064865000000   1780505064865627485
robot_3           1780505064854922108   1780505064855039841   1780505064865000000   1780505064865637305
robot_4           1780505064858464815   1780505064858586180   1780505064870000000   1780505064871266182
robot_7           1780505064883207913   1780505064883331104   1780505064891000000   1780505064891561326
robot_5           1780505064894034450   1780505064894172405   1780505064901000000   1780505064901555736
robot_2           1780505064895076497   1780505064895207696   1780505064905000000   1780505064905810818
robot_8           1780505064914983325   1780505064915119959   1780505064925000000   1780505064925972060
robot_6           1780505064924154762   1780505064924301969   1780505064931000000   1780505064931719655
robot_10          1780505064922936297   1780505064925105770   1780505064941000000   1780505064941835048
robot_9           1780505064956955612   1780505064957086375   1780505064965000000   1780505064966332734
robot_3           1780505064954618010   1780505064954683760   1780505064965000000   1780505064966390351
robot_4           1780505064958470398   1780505064958605467   1780505064971000000   1780505064972121136
robot_1           1780505064956632333   1780505064960693622   1780505064975000000   1780505064976585605
robot_7           1780505064983223396   1780505064983367979   1780505064991000000   1780505064992226744
robot_5           1780505064993790986   1780505065002233871   1780505065011000000   1780505065012478277
robot_2           1780505064995241589   1780505065001593627   1780505065016000000   1780505065016626101
robot_8           1780505065014949167   1780505065015071846   1780505065026000000   1780505065026694262
robot_6           1780505065024152049   1780505065024296196   1780505065032000000   1780505065032594657
robot_10          1780505065022793895   1780505065022930325   1780505065032000000   1780505065032657226
robot_3           1780505065054694377   1780505065054770308   1780505065066000000   1780505065067025404
robot_1           1780505065056713072   1780505065056829588   1780505065066000000   1780505065067125687
robot_9           1780505065057101665   1780505065057233322   1780505065066000000   1780505065067143033
robot_4           1780505065058506108   1780505065060817535   1780505065072000000   1780505065072771390
robot_7           1780505065083264455   1780505065083414378   1780505065092000000   1780505065093020700
robot_5           1780505065093982870   1780505065094109834   1780505065102000000   1780505065103020802
robot_2           1780505065095163420   1780505065095286149   1780505065106000000   1780505065107371768
robot_8           1780505065114966617   1780505065115087885   1780505065127000000   1780505065127670400
robot_10          1780505065122883698   1780505065123016883   1780505065132000000   1780505065133216477
robot_6           1780505065124182802   1780505065124306375   1780505065132000000   1780505065133266752
robot_3           1780505065154841976   1780505065154945627   1780505065167000000   1780505065167909458
robot_1           1780505065156685540   1780505065156834987   1780505065167000000   1780505065167989679
robot_9           1780505065157153400   1780505065157325862   1780505065167000000   1780505065168004129
robot_4           1780505065158662438   1780505065158795977   1780505065173000000   1780505065173440110
robot_7           1780505065183269840   1780505065184246780   1780505065193000000   1780505065193517079
robot_5           1780505065194080462   1780505065194226589   1780505065203000000   1780505065203687353
robot_2           1780505065195017763   1780505065195136837   1780505065207000000   1780505065208312836
robot_8           1780505065215029943   1780505065215757824   1780505065227000000   1780505065228231650
robot_10          1780505065222760935   1780505065222870887   1780505065233000000   1780505065233894361
robot_6           1780505065224140336   1780505065224703996   1780505065233000000   1780505065233953751
robot_1           1780505065256685512   1780505065256786532   1780505065268000000   1780505065268538604
robot_9           1780505065257046223   1780505065257166619   1780505065268000000   1780505065268596545
robot_3           1780505065254676202   1780505065254778607   1780505065268000000   1780505065268611073
robot_4           1780505065258527967   1780505065258652633   1780505065273000000   1780505065274210132
robot_7           1780505065283221945   1780505065283365655   1780505065293000000   1780505065294480053
robot_5           1780505065294066432   1780505065294230250   1780505065303000000   1780505065304409257
robot_2           1780505065295213961   1780505065295377884   1780505065308000000   1780505065308765731
robot_8           1780505065315029862   1780505065315153156   1780505065328000000   1780505065329021013
robot_6           1780505065324141190   1780505065324264278   1780505065334000000   1780505065334705457
robot_10          1780505065322869945   1780505065328840107   1780505065344000000   1780505065344665162
robot_9           1780505065357005111   1780505065357148456   1780505065368000000   1780505065369429279
robot_1           1780505065356630857   1780505065360683906   1780505065368000000   1780505065369513255
robot_3           1780505065354728353   1780505065354889889   1780505065369000000   1780505065370098942
robot_4           1780505065358530731   1780505065358670183   1780505065374000000   1780505065375021316
robot_7           1780505065383195833   1780505065383321399   1780505065394000000   1780505065395253556
robot_2           1780505065395465295   1780505065402459822   1780505065409000000   1780505065409732169
robot_5           1780505065393816686   1780505065404096199   1780505065414000000   1780505065415369485
robot_8           1780505065415049579   1780505065415214232   1780505065429000000   1780505065429674276
robot_10          1780505065422808567   1780505065422931650   1780505065434000000   1780505065435351258
robot_6           1780505065424208226   1780505065424378203   1780505065434000000   1780505065435406770
robot_4           1780505065458578606   1780505065458703377   1780505065465000000   1780505065465608052
robot_1           1780505065456830237   1780505065456973373   1780505065469000000   1780505065469945733
robot_9           1780505065457079843   1780505065457230228   1780505065469000000   1780505065469996197
robot_3           1780505065454839753   1780505065454962919   1780505065469000000   1780505065470005511
robot_7           1780505065483480865   1780505065483643383   1780505065495000000   1780505065495712262
robot_5           1780505065493942112   1780505065494080975   1780505065505000000   1780505065505826444
robot_2           1780505065495047779   1780505065495169944   1780505065509000000   1780505065510211699
robot_8           1780505065514945426   1780505065515069379   1780505065530000000   1780505065530574491
robot_10          1780505065522789700   1780505065522922299   1780505065535000000   1780505065536178486
robot_6           1780505065524219408   1780505065524353074   1780505065535000000   1780505065536240275
robot_3           1780505065554957752   1780505065555276721   1780505065570000000   1780505065570726453
robot_1           1780505065557002838   1780505065557484838   1780505065570000000   1780505065570795832
robot_9           1780505065557265589   1780505065557679961   1780505065570000000   1780505065570814152
robot_4           1780505065559060721   1780505065559463125   1780505065575000000   1780505065576371928
robot_7           1780505065583271423   1780505065584199999   1780505065596000000   1780505065596448520
robot_2           1780505065595119969   1780505065595266396   1780505065600000000   1780505065601545919
robot_5           1780505065594130588   1780505065594301792   1780505065607000000   1780505065608868815
robot_8           1780505065615063322   1780505065621294661   1780505065631000000   1780505065631670931
robot_10          1780505065622993696   1780505065623144640   1780505065636000000   1780505065637860302
robot_6           1780505065624221867   1780505065626377021   1780505065636000000   1780505065637940173
robot_4           1780505065658656137   1780505065658882186   1780505065666000000   1780505065667437946
robot_1           1780505065657168125   1780505065657333508   1780505065671000000   1780505065672219685
robot_3           1780505065655842185   1780505065656006895   1780505065671000000   1780505065672302574
robot_9           1780505065657530975   1780505065657755343   1780505065671000000   1780505065672818646
robot_7           1780505065683583486   1780505065683767396   1780505065696000000   1780505065697453771
robot_2           1780505065695279419   1780505065695859245   1780505065701000000   1780505065702569266
robot_5           1780505065694105123   1780505065694246631   1780505065706000000   1780505065707483758
robot_8           1780505065715036604   1780505065715193383   1780505065721000000   1780505065723859335
robot_6           1780505065724395861   1780505065724579680   1780505065737000000   1780505065737802040
robot_10          1780505065723001153   1780505065731239247   1780505065747000000   1780505065748350180
robot_3           1780505065755036713   1780505065755188288   1780505065762000000   1780505065763417293
robot_4           1780505065758609343   1780505065758912043   1780505065767000000   1780505065770271958
robot_9           1780505065757168468   1780505065757313419   1780505065772000000   1780505065773791016
robot_1           1780505065756879851   1780505065764502970   1780505065772000000   1780505065773886909
robot_7           1780505065783482635   1780505065783646799   1780505065798000000   1780505065798911570
robot_2           1780505065795155941   1780505065795344236   1780505065803000000   1780505065803711418
robot_5           1780505065794042663   1780505065804309731   1780505065818000000   1780505065818648171
robot_8           1780505065814992779   1780505065815492649   1780505065823000000   1780505065823643710
robot_10          1780505065822933044   1780505065823077239   1780505065838000000   1780505065839046551
robot_6           1780505065824259103   1780505065824412841   1780505065838000000   1780505065839125102
robot_3           1780505065854994833   1780505065855150886   1780505065863000000   1780505065864163869
robot_1           1780505065857014616   1780505065857232756   1780505065863000000   1780505065864228112
robot_9           1780505065857068737   1780505065857879800   1780505065863000000   1780505065864244333
robot_4           1780505065859992300   1780505065862689151   1780505065878000000   1780505065879439783
robot_7           1780505065883468764   1780505065883674726   1780505065898000000   1780505065899694565
robot_2           1780505065895314202   1780505065895939225   1780505065903000000   1780505065904517260
robot_5           1780505065894205804   1780505065894416796   1780505065909000000   1780505065909542897
robot_8           1780505065915103342   1780505065915290673   1780505065924000000   1780505065925337957
robot_6           1780505065924623263   1780505065924796924   1780505065939000000   1780505065941319332
robot_10          1780505065923457667   1780505065923648813   1780505065939000000   1780505065941411243
robot_4           1780505065958698264   1780505065959035058   1780505065969000000   1780505065972857698
robot_3           1780505065955108601   1780505065955409920   1780505065974000000   1780505065975896629
robot_1           1780505065957135498   1780505065957305676   1780505065975000000   1780505065975972199
robot_9           1780505065957583277   1780505065957764443   1780505065975000000   1780505065975983514
robot_7           1780505065983597268   1780505065992595538   1780505066010000000   1780505066010989160
robot_5           1780505065994414435   1780505065994975773   1780505066010000000   1780505066011286307
robot_2           1780505065995302104   1780505065995788404   1780505066015000000   1780505066015912316
robot_8           1780505066015199328   1780505066018155553   1780505066035000000   1780505066038755768
robot_10          1780505066022908802   1780505066023071577   1780505066040000000   1780505066041578076
robot_6           1780505066024370696   1780505066032486551   1780505066050000000   1780505066051404947
robot_3           1780505066054930269   1780505066055078433   1780505066065000000   1780505066066461029
robot_1           1780505066056919060   1780505066057105525   1780505066065000000   1780505066066522618
robot_4           1780505066058522709   1780505066058697886   1780505066070000000   1780505066071882028
robot_9           1780505066057111257   1780505066058864006   1780505066075000000   1780505066076686603
robot_7           1780505066083392775   1780505066083588998   1780505066100000000   1780505066101543487
robot_2           1780505066095151275   1780505066095303271   1780505066106000000   1780505066106575562
robot_5           1780505066094146900   1780505066094299045   1780505066111000000   1780505066111531242
robot_8           1780505066115298314   1780505066116276993   1780505066126000000   1780505066127060232
robot_6           1780505066124348592   1780505066124516068   1780505066141000000   1780505066141842581
robot_10          1780505066122952966   1780505066128132351   1780505066141000000   1780505066141928924
robot_9           1780505066156941304   1780505066157057362   1780505066166000000   1780505066167110530
robot_3           1780505066154883101   1780505066154978327   1780505066166000000   1780505066167173716
robot_4           1780505066158524350   1780505066158661785   1780505066171000000   1780505066171949839
robot_1           1780505066156637166   1780505066160999756   1780505066176000000   1780505066177149909
robot_7           1780505066183191629   1780505066183339563   1780505066191000000   1780505066192004761
robot_5           1780505066193794521   1780505066202186351   1780505066211000000   1780505066212198014
robot_2           1780505066195218962   1780505066202047492   1780505066216000000   1780505066217369467
robot_8           1780505066214974211   1780505066215112454   1780505066227000000   1780505066227408937
robot_6           1780505066224118471   1780505066224275553   1780505066231000000   1780505066232280885
robot_10          1780505066222743946   1780505066222858085   1780505066231000000   1780505066232351177
robot_1           1780505066256735523   1780505066256870801   1780505066267000000   1780505066267721641
robot_9           1780505066257091344   1780505066257268102   1780505066267000000   1780505066267796137
robot_3           1780505066254821147   1780505066254958300   1780505066267000000   1780505066267824289
robot_4           1780505066258521629   1780505066258643173   1780505066272000000   1780505066272531291
robot_7           1780505066283257127   1780505066283388703   1780505066292000000   1780505066292677131
robot_5           1780505066294030804   1780505066294209096   1780505066302000000   1780505066302629058
robot_2           1780505066295130174   1780505066295263385   1780505066307000000   1780505066307984703
robot_8           1780505066314924853   1780505066315048438   1780505066327000000   1780505066328510517
robot_10          1780505066322868460   1780505066322987203   1780505066332000000   1780505066332962739
robot_6           1780505066324115761   1780505066324237440   1780505066332000000   1780505066333029041
robot_3           1780505066354715326   1780505066354796229   1780505066368000000   1780505066368533225
robot_1           1780505066356734782   1780505066356888354   1780505066368000000   1780505066368591931
robot_9           1780505066357078044   1780505066357222385   1780505066368000000   1780505066368604013
robot_4           1780505066358542660   1780505066358671218   1780505066372000000   1780505066373180946
robot_7           1780505066383238797   1780505066384099340   1780505066392000000   1780505066393338943
robot_5           1780505066394025786   1780505066394162996   1780505066402000000   1780505066403363791
robot_2           1780505066395037203   1780505066395151660   1780505066408000000   1780505066408933933
robot_8           1780505066414999622   1780505066415122199   1780505066428000000   1780505066428755561
robot_6           1780505066424205445   1780505066425256863   1780505066433000000   1780505066433593630
robot_10          1780505066422740958   1780505066422862682   1780505066433000000   1780505066433643065
robot_9           1780505066456970240   1780505066457095022   1780505066468000000   1780505066469107794
robot_3           1780505066454873311   1780505066454963235   1780505066468000000   1780505066469172541
robot_1           1780505066456659672   1780505066456748845   1780505066468000000   1780505066469185628
robot_4           1780505066458470686   1780505066458607078   1780505066473000000   1780505066473904074
robot_7           1780505066483300458   1780505066483428430   1780505066493000000   1780505066494103370
robot_5           1780505066494083983   1780505066494240695   1780505066503000000   1780505066504118838
robot_2           1780505066495173444   1780505066495322942   1780505066508000000   1780505066509260421
robot_8           1780505066514979490   1780505066515103356   1780505066529000000   1780505066529438149
robot_10          1780505066522822748   1780505066525567727   1780505066533000000   1780505066534370685
robot_6           1780505066524228294   1780505066524374662   1780505066533000000   1780505066534426879
robot_3           1780505066554709349   1780505066554818116   1780505066562000000   1780505066563186352
robot_9           1780505066556963381   1780505066557078859   1780505066569000000   1780505066569854974
robot_1           1780505066556628230   1780505066560744201   1780505066569000000   1780505066569923093
robot_4           1780505066558451328   1780505066558584955   1780505066574000000   1780505066574610958
robot_7           1780505066583189188   1780505066583335335   1780505066594000000   1780505066594719189
robot_5           1780505066593769720   1780505066603055692   1780505066614000000   1780505066614963871
robot_2           1780505066595493167   1780505066601948397   1780505066619000000   1780505066620093760
robot_8           1780505066615118197   1780505066615251000   1780505066629000000   1780505066630130012
robot_10          1780505066622818622   1780505066622934182   1780505066634000000   1780505066635031204
robot_6           1780505066624140747   1780505066624267322   1780505066634000000   1780505066635101657
robot_3           1780505066654776287   1780505066654879899   1780505066673000000   1780505066673432267
robot_1           1780505066656762521   1780505066656908368   1780505066673000000   1780505066673492540
robot_9           1780505066657032873   1780505066657185647   1780505066673000000   1780505066673502710
robot_4           1780505066660767126   1780505066661010576   1780505066674000000   1780505066675179942
robot_7           1780505066683415177   1780505066683596744   1780505066694000000   1780505066695371930
robot_5           1780505066693948290   1780505066694073837   1780505066705000000   1780505066705445322
robot_2           1780505066695119820   1780505066695250268   1780505066713000000   1780505066713691825
robot_8           1780505066714930064   1780505066715054812   1780505066733000000   1780505066733938367
robot_10          1780505066722811276   1780505066722930250   1780505066735000000   1780505066735628862
robot_6           1780505066724241159   1780505066724400557   1780505066735000000   1780505066735755298
robot_4           1780505066758605498   1780505066758754554   1780505066765000000   1780505066766230821
robot_9           1780505066757193337   1780505066757362125   1780505066773000000   1780505066774238533
robot_3           1780505066754729394   1780505066754840517   1780505066773000000   1780505066774307525
robot_1           1780505066756842092   1780505066756983272   1780505066773000000   1780505066774318345
robot_7           1780505066783195087   1780505066785202457   1780505066795000000   1780505066796045334
robot_5           1780505066794028000   1780505066794176434   1780505066805000000   1780505066806167967
robot_2           1780505066795128228   1780505066795259060   1780505066814000000   1780505066814498953
robot_10          1780505066822905150   1780505066823036532   1780505066825000000   1780505066826328653
robot_8           1780505066815041068   1780505066817204506   1780505066834000000   1780505066834675231
robot_6           1780505066824257491   1780505066825842267   1780505066835000000   1780505066836360515
robot_4           1780505066858512703   1780505066858685694   1780505066866000000   1780505066866484069
robot_3           1780505066854846384   1780505066854944789   1780505066874000000   1780505066874989623
robot_1           1780505066856690299   1780505066856829137   1780505066874000000   1780505066875044834
robot_9           1780505066856999237   1780505066857108665   1780505066874000000   1780505066875053837
robot_7           1780505066883212279   1780505066883339567   1780505066886000000   1780505066886708441
robot_5           1780505066893975732   1780505066894120412   1780505066906000000   1780505066906822480
robot_2           1780505066895162955   1780505066895313334   1780505066914000000   1780505066915256449
robot_8           1780505066915009461   1780505066915175404   1780505066934000000   1780505066935347930
robot_10          1780505066922912957   1780505066929358916   1780505066936000000   1780505066936910867
robot_6           1780505066924147796   1780505066924305502   1780505066936000000   1780505066936948040
robot_4           1780505066958484164   1780505066958617995   1780505066966000000   1780505066967449434
robot_3           1780505066954726250   1780505066954802142   1780505066975000000   1780505066975817597
robot_1           1780505066956607794   1780505066960680284   1780505066975000000   1780505066975892175
robot_9           1780505066956966394   1780505066957094558   1780505066975000000   1780505066975903849
robot_7           1780505066983156296   1780505066983261092   1780505066986000000   1780505066987302042
robot_5           1780505066993775262   1780505067002534021   1780505067007000000   1780505067007535725
robot_2           1780505066995255095   1780505067001626389   1780505067015000000   1780505067015855664
robot_10          1780505067022795890   1780505067022940987   1780505067027000000   1780505067027609418
robot_6           1780505067024138449   1780505067024258750   1780505067027000000   1780505067027679773
robot_8           1780505067014958740   1780505067015080496   1780505067035000000   1780505067036130064
robot_3           1780505067054842619   1780505067054933757   1780505067065000000   1780505067066252797
robot_4           1780505067058490263   1780505067058606791   1780505067067000000   1780505067067792184
robot_1           1780505067056701258   1780505067056859269   1780505067075000000   1780505067076475666
robot_9           1780505067057041235   1780505067057165207   1780505067075000000   1780505067076623958
robot_7           1780505067083336787   1780505067083472962   1780505067087000000   1780505067088334434
robot_5           1780505067093987986   1780505067094147902   1780505067097000000   1780505067098485116
robot_2           1780505067095170985   1780505067095316566   1780505067116000000   1780505067116531476
robot_8           1780505067114926007   1780505067115046505   1780505067126000000   1780505067126750424
robot_10          1780505067122904930   1780505067123023364   1780505067128000000   1780505067128623778
robot_6           1780505067124210697   1780505067124360028   1780505067128000000   1780505067128698802
robot_3           1780505067154668008   1780505067154764190   1780505067156000000   1780505067157150615
robot_4           1780505067158616801   1780505067158777393   1780505067168000000   1780505067168682143
robot_1           1780505067156782849   1780505067156981930   1780505067176000000   1780505067177088448
robot_9           1780505067157072798   1780505067157247629   1780505067176000000   1780505067177146434
robot_7           1780505067183164958   1780505067183725241   1780505067188000000   1780505067188727603
robot_5           1780505067193970949   1780505067194093733   1780505067198000000   1780505067198837902
robot_2           1780505067195041737   1780505067195217299   1780505067206000000   1780505067207502875
robot_10          1780505067222795167   1780505067222908890   1780505067228000000   1780505067228996124
robot_6           1780505067224157999   1780505067224633339   1780505067228000000   1780505067229087590
robot_8           1780505067214947945   1780505067219838872   1780505067237000000   1780505067237703891
robot_3           1780505067254924188   1780505067255038870   1780505067267000000   1780505067267781880
robot_4           1780505067258447093   1780505067258570010   1780505067268000000   1780505067269242694
robot_1           1780505067256681650   1780505067256785083   1780505067277000000   1780505067277945904
robot_9           1780505067256973872   1780505067257098643   1780505067277000000   1780505067278006348
robot_7           1780505067283268479   1780505067283417766   1780505067289000000   1780505067289551190
robot_5           1780505067293935874   1780505067294067714   1780505067299000000   1780505067299519263
robot_2           1780505067295117782   1780505067295260212   1780505067307000000   1780505067308189338
robot_8           1780505067315024024   1780505067315144228   1780505067327000000   1780505067328285766
robot_6           1780505067324158698   1780505067324305962   1780505067329000000   1780505067329615348
robot_10          1780505067322883835   1780505067325221102   1780505067329000000   1780505067329641518
robot_3           1780505067354702275   1780505067354773129   1780505067368000000   1780505067368877338
robot_9           1780505067356987512   1780505067357113584   1780505067368000000   1780505067368961105
robot_4           1780505067358465394   1780505067358595945   1780505067369000000   1780505067369937880
robot_1           1780505067356605140   1780505067360505049   1780505067378000000   1780505067378598382
robot_7           1780505067383373063   1780505067383492323   1780505067389000000   1780505067390281503
robot_5           1780505067393791732   1780505067402791548   1780505067409000000   1780505067410452796
robot_2           1780505067395196301   1780505067402609716   1780505067418000000   1780505067418962660
robot_8           1780505067415018730   1780505067415168704   1780505067428000000   1780505067428950758
robot_6           1780505067424128338   1780505067424264395   1780505067430000000   1780505067430279401
robot_10          1780505067422802186   1780505067422929304   1780505067430000000   1780505067430384141
robot_9           1780505067457001007   1780505067457136050   1780505067468000000   1780505067469362422
robot_3           1780505067454758850   1780505067454879843   1780505067468000000   1780505067469432417
robot_1           1780505067456672709   1780505067456787308   1780505067468000000   1780505067469442701
robot_4           1780505067458532601   1780505067460931516   1780505067470000000   1780505067470588194
robot_7           1780505067483375690   1780505067483536413   1780505067490000000   1780505067490864011
robot_5           1780505067494007410   1780505067494151860   1780505067500000000   1780505067500867205
robot_2           1780505067495106575   1780505067495239864   1780505067509000000   1780505067509543982
robot_8           1780505067515002407   1780505067515118439   1780505067529000000   1780505067529828284
robot_6           1780505067524140504   1780505067524267327   1780505067530000000   1780505067531193858
robot_10          1780505067522800704   1780505067522926466   1780505067530000000   1780505067531331484
robot_4           1780505067558571436   1780505067558703980   1780505067560000000   1780505067561320272
robot_3           1780505067554833275   1780505067554952974   1780505067569000000   1780505067569982915
robot_1           1780505067556788410   1780505067556972215   1780505067569000000   1780505067570036116
robot_9           1780505067557127570   1780505067557303341   1780505067569000000   1780505067570094537
robot_7           1780505067583248533   1780505067583849558   1780505067591000000   1780505067591478918
robot_5           1780505067594002231   1780505067594139536   1780505067601000000   1780505067601566014
robot_2           1780505067595015321   1780505067595135631   1780505067609000000   1780505067610449904
robot_8           1780505067614955140   1780505067615582472   1780505067630000000   1780505067630414265
robot_10          1780505067622843008   1780505067622958863   1780505067631000000   1780505067631683922
robot_6           1780505067624271791   1780505067624749940   1780505067631000000   1780505067631843545
robot_4           1780505067658668862   1780505067658821633   1780505067661000000   1780505067661976022
robot_3           1780505067654878767   1780505067655117941   1780505067670000000   1780505067670694582
robot_1           1780505067656997026   1780505067657200494   1780505067670000000   1780505067670753393
robot_9           1780505067657075065   1780505067657245775   1780505067670000000   1780505067670837208
robot_7           1780505067683216615   1780505067683335859   1780505067691000000   1780505067692261685
robot_5           1780505067694028058   1780505067694193546   1780505067701000000   1780505067702287649
robot_2           1780505067695163489   1780505067695329364   1780505067710000000   1780505067711028806
robot_8           1780505067715043345   1780505067715157680   1780505067730000000   1780505067731194057
robot_6           1780505067724156860   1780505067724321415   1780505067732000000   1780505067732438846
robot_10          1780505067722924738   1780505067725168221   1780505067732000000   1780505067732497002
robot_4           1780505067758458406   1780505067758601979   1780505067762000000   1780505067762698151
robot_3           1780505067754680596   1780505067754845801   1780505067771000000   1780505067771420036
robot_9           1780505067756982212   1780505067757097841   1780505067771000000   1780505067771474881
robot_1           1780505067756650715   1780505067760635508   1780505067781000000   1780505067781575233
robot_7           1780505067783233075   1780505067783348427   1780505067792000000   1780505067792848102
robot_5           1780505067793786891   1780505067802279961   1780505067812000000   1780505067812949222
robot_2           1780505067795411022   1780505067801887655   1780505067821000000   1780505067821811626
robot_8           1780505067815042322   1780505067815176566   1780505067831000000   1780505067831910228
robot_6           1780505067824154841   1780505067824296868   1780505067832000000   1780505067833101910
robot_10          1780505067822789073   1780505067822920748   1780505067832000000   1780505067833153699
robot_4           1780505067858498217   1780505067858627049   1780505067862000000   1780505067863288529
robot_3           1780505067854714340   1780505067854792288   1780505067871000000   1780505067872144522
robot_1           1780505067856755792   1780505067856917406   1780505067871000000   1780505067872207196
robot_9           1780505067857002885   1780505067857144392   1780505067871000000   1780505067872219061
robot_7           1780505067883260267   1780505067883389434   1780505067893000000   1780505067893497614
robot_5           1780505067894039072   1780505067894212420   1780505067903000000   1780505067903522030
robot_2           1780505067895102435   1780505067895222306   1780505067911000000   1780505067912406212
robot_8           1780505067914938547   1780505067915068807   1780505067932000000   1780505067932629364
robot_6           1780505067924141079   1780505067924304534   1780505067933000000   1780505067933629636
robot_10          1780505067922801379   1780505067922927391   1780505067933000000   1780505067933665136
robot_4           1780505067958570076   1780505067958695443   1780505067963000000   1780505067963991744
robot_3           1780505067954734129   1780505067954866573   1780505067972000000   1780505067972885076
robot_1           1780505067956740621   1780505067956900794   1780505067972000000   1780505067972956086
robot_9           1780505067957093217   1780505067957241771   1780505067972000000   1780505067973010547
robot_7           1780505067983240069   1780505067983876991   1780505067993000000   1780505067994364779
robot_5           1780505067994009270   1780505067994194394   1780505068003000000   1780505068004319184
robot_2           1780505067995215111   1780505067995351159   1780505068012000000   1780505068013088565
robot_8           1780505068014973155   1780505068019743625   1780505068032000000   1780505068033291316
robot_6           1780505068024170168   1780505068024449414   1780505068034000000   1780505068034466205
robot_10          1780505068022869369   1780505068022994310   1780505068034000000   1780505068034529763
robot_4           1780505068058478091   1780505068058606035   1780505068064000000   1780505068064792215
robot_3           1780505068054787989   1780505068054922776   1780505068073000000   1780505068073486816
robot_1           1780505068056764029   1780505068056928442   1780505068073000000   1780505068073612699
robot_9           1780505068057003523   1780505068057122063   1780505068073000000   1780505068073629031
robot_7           1780505068083275038   1780505068083415650   1780505068094000000   1780505068095028309
robot_5           1780505068094009015   1780505068094144476   1780505068104000000   1780505068105047487
robot_2           1780505068095269017   1780505068095439126   1780505068113000000   1780505068113786905
robot_8           1780505068115120956   1780505068115270577   1780505068133000000   1780505068133922304
robot_10          1780505068122943219   1780505068129295784   1780505068134000000   1780505068135266245
robot_6           1780505068124147808   1780505068124293578   1780505068134000000   1780505068135317995
robot_4           1780505068158542284   1780505068158695513   1780505068164000000   1780505068165444919
robot_3           1780505068154692687   1780505068154876992   1780505068173000000   1780505068174315509
robot_9           1780505068157025718   1780505068157179000   1780505068173000000   1780505068174376363
robot_1           1780505068156659577   1780505068160873015   1780505068173000000   1780505068174462160
robot_7           1780505068183305062   1780505068183448671   1780505068195000000   1780505068195765470
robot_5           1780505068193795603   1780505068204529985   1780505068215000000   1780505068215847184
robot_2           1780505068195247692   1780505068203518575   1780505068224000000   1780505068224621583
robot_10          1780505068222847237   1780505068222996429   1780505068225000000   1780505068225736725
robot_8           1780505068215097477   1780505068215235615   1780505068234000000   1780505068234616509
robot_6           1780505068224317029   1780505068224525451   1780505068235000000   1780505068235685100
robot_4           1780505068258546752   1780505068258734893   1780505068265000000   1780505068266119431
robot_3           1780505068254708669   1780505068254780128   1780505068274000000   1780505068275083576
robot_1           1780505068256845447   1780505068257021577   1780505068274000000   1780505068275246364
robot_9           1780505068257086895   1780505068257245625   1780505068274000000   1780505068275268432
robot_7           1780505068283301352   1780505068283482219   1780505068285000000   1780505068286403377
robot_5           1780505068293967795   1780505068294120200   1780505068305000000   1780505068306303438
robot_2           1780505068295125530   1780505068295261425   1780505068314000000   1780505068315194615
robot_8           1780505068315014928   1780505068315163875   1780505068324000000   1780505068325120456
robot_6           1780505068324125161   1780505068324259285   1780505068326000000   1780505068326399158
robot_10          1780505068322822580   1780505068322946024   1780505068326000000   1780505068326446864
robot_3           1780505068354750765   1780505068354852101   1780505068365000000   1780505068366416388
robot_1           1780505068356693502   1780505068356823972   1780505068366000000   1780505068366485187
robot_9           1780505068357197767   1780505068357359049   1780505068366000000   1780505068366560562
robot_4           1780505068358600055   1780505068358740019   1780505068366000000   1780505068366672889
robot_7           1780505068383165694   1780505068383711009   1780505068386000000   1780505068386900996
robot_5           1780505068393970899   1780505068394113592   1780505068396000000   1780505068396925877
robot_2           1780505068395047100   1780505068395183266   1780505068406000000   1780505068406712076
robot_8           1780505068414959599   1780505068415481759   1780505068426000000   1780505068426732243
robot_6           1780505068424116793   1780505068424409688   1780505068426000000   1780505068427002876
robot_10          1780505068422747501   1780505068422874957   1780505068426000000   1780505068427103555
robot_3           1780505068454870936   1780505068454991220   1780505068466000000   1780505068467135372
robot_1           1780505068456703569   1780505068456831543   1780505068466000000   1780505068467209633
robot_9           1780505068456972083   1780505068457102764   1780505068466000000   1780505068467224924
robot_4           1780505068458441759   1780505068458571339   1780505068466000000   1780505068467273664
robot_7           1780505068483230341   1780505068483379944   1780505068487000000   1780505068487753783
robot_2           1780505068495074091   1780505068495225140   1780505068496000000   1780505068497393959
robot_5           1780505068493962403   1780505068494092646   1780505068497000000   1780505068497563058
robot_8           1780505068515049997   1780505068515174594   1780505068517000000   1780505068517627519
robot_6           1780505068524125702   1780505068524264049   1780505068527000000   1780505068527891891
robot_10          1780505068522974330   1780505068525651609   1780505068537000000   1780505068537972380
robot_3           1780505068554688331   1780505068554754987   1780505068557000000   1780505068557640159
robot_9           1780505068557036623   1780505068557168597   1780505068567000000   1780505068567998002
robot_1           1780505068556652189   1780505068560748789   1780505068567000000   1780505068568077054
robot_4           1780505068558475294   1780505068558593036   1780505068567000000   1780505068568164720
robot_7           1780505068583202583   1780505068583345827   1780505068587000000   1780505068588394641
robot_2           1780505068595278164   1780505068606673894   1780505068617000000   1780505068618151072
robot_8           1780505068614984100   1780505068615155672   1780505068617000000   1780505068618227162
robot_5           1780505068593771560   1780505068607071435   1780505068618000000   1780505068618289023
robot_6           1780505068624239980   1780505068624412178   1780505068628000000   1780505068628522944
robot_10          1780505068622765110   1780505068622886520   1780505068628000000   1780505068628652033
robot_3           1780505068654713643   1780505068654797368   1780505068658000000   1780505068658471953
robot_1           1780505068656715571   1780505068656872765   1780505068668000000   1780505068668503725
robot_9           1780505068657005361   1780505068657165657   1780505068668000000   1780505068668580652
robot_4           1780505068658628469   1780505068658765730   1780505068668000000   1780505068668712099
robot_7           1780505068683241153   1780505068683378155   1780505068688000000   1780505068688992653
robot_2           1780505068695083614   1780505068695207874   1780505068698000000   1780505068698760118
robot_5           1780505068693957577   1780505068694073726   1780505068698000000   1780505068698947324
robot_8           1780505068714892777   1780505068715011794   1780505068718000000   1780505068718873851
robot_6           1780505068724128103   1780505068724269067   1780505068728000000   1780505068729357875
robot_10          1780505068722815890   1780505068722939389   1780505068728000000   1780505068729433474
robot_3           1780505068754896891   1780505068754979513   1780505068758000000   1780505068759262019
robot_1           1780505068756832428   1780505068756964214   1780505068758000000   1780505068759367733
robot_9           1780505068757005079   1780505068757142099   1780505068758000000   1780505068759382236
robot_4           1780505068758490922   1780505068758621309   1780505068769000000   1780505068769537899
robot_7           1780505068783161848   1780505068784003969   1780505068789000000   1780505068789611460
robot_2           1780505068795040375   1780505068795182226   1780505068799000000   1780505068799512316
robot_5           1780505068793996577   1780505068794149062   1780505068799000000   1780505068799693099
robot_8           1780505068814976139   1780505068815084480   1780505068819000000   1780505068819543925
robot_10          1780505068822778704   1780505068822900049   1780505068829000000   1780505068829796211
robot_6           1780505068824116802   1780505068825264875   1780505068829000000   1780505068829863421
robot_3           1780505068854801395   1780505068854893568   1780505068859000000   1780505068859835698
robot_1           1780505068856671433   1780505068856783854   1780505068859000000   1780505068859892444
robot_9           1780505068857072507   1780505068857187368   1780505068859000000   1780505068859902146
robot_4           1780505068858446417   1780505068858572123   1780505068869000000   1780505068870129837
robot_7           1780505068883226969   1780505068883339283   1780505068889000000   1780505068890324710
robot_2           1780505068895098795   1780505068895227444   1780505068899000000   1780505068900090753
robot_5           1780505068893969743   1780505068894109143   1780505068899000000   1780505068900224392
robot_8           1780505068914931031   1780505068915054166   1780505068919000000   1780505068920260715
robot_10          1780505068923008902   1780505068925212127   1780505068930000000   1780505068930460083
robot_6           1780505068924147864   1780505068924276546   1780505068930000000   1780505068930535564
robot_3           1780505068954662044   1780505068954733255   1780505068960000000   1780505068960580152
robot_9           1780505068956965990   1780505068957089236   1780505068960000000   1780505068960650931
robot_4           1780505068958515543   1780505068958664912   1780505068960000000   1780505068960793379
robot_1           1780505068956661860   1780505068960608207   1780505068970000000   1780505068970602355
robot_7           1780505068983178125   1780505068983296345   1780505068990000000   1780505068990797272
robot_2           1780505068995324362   1780505069002212010   1780505069010000000   1780505069010866459
robot_5           1780505068993799312   1780505069002846132   1780505069010000000   1780505069011035923
robot_8           1780505069014931514   1780505069015059100   1780505069020000000   1780505069020859256
robot_10          1780505069022827267   1780505069022945772   1780505069030000000   1780505069031042084
robot_6           1780505069024186698   1780505069024337739   1780505069030000000   1780505069031117898
robot_3           1780505069054701286   1780505069054897287   1780505069060000000   1780505069061152070
robot_1           1780505069056726195   1780505069056902575   1780505069060000000   1780505069061209293
robot_9           1780505069057026921   1780505069057176944   1780505069060000000   1780505069061218939
robot_4           1780505069058577573   1780505069058739552   1780505069060000000   1780505069061279183
robot_7           1780505069083429771   1780505069083622857   1780505069091000000   1780505069091495747
robot_2           1780505069095091555   1780505069096709401   1780505069100000000   1780505069101570167
robot_5           1780505069094003266   1780505069094211906   1780505069101000000   1780505069101768254
robot_8           1780505069115087848   1780505069115286113   1780505069121000000   1780505069122154003
robot_10          1780505069123231778   1780505069124838924   1780505069131000000   1780505069132232330
robot_6           1780505069124859476   1780505069125120873   1780505069132000000   1780505069134262828
robot_3           1780505069155066427   1780505069155367187   1780505069161000000   1780505069162843610
robot_1           1780505069157037480   1780505069157236604   1780505069161000000   1780505069162923956
robot_9           1780505069157345234   1780505069157504872   1780505069161000000   1780505069162937647
robot_4           1780505069158705395   1780505069158921379   1780505069161000000   1780505069162949030
robot_2           1780505069195221572   1780505069195392812   1780505069201000000   1780505069202862311
robot_7           1780505069183389267   1780505069189987936   1780505069202000000   1780505069203280208
robot_5           1780505069194070985   1780505069194247526   1780505069202000000   1780505069203324458
robot_8           1780505069215316522   1780505069221447726   1780505069231000000   1780505069232623025
robot_6           1780505069224376626   1780505069229226429   1780505069232000000   1780505069233976976
robot_10          1780505069223401494   1780505069223583055   1780505069232000000   1780505069234204553
robot_3           1780505069254760218   1780505069254978395   1780505069262000000   1780505069262730611
robot_1           1780505069256831180   1780505069257016393   1780505069262000000   1780505069263023199
robot_4           1780505069258657443   1780505069258852677   1780505069263000000   1780505069263452095
robot_9           1780505069257121719   1780505069260631097   1780505069272000000   1780505069273131340
robot_7           1780505069283484297   1780505069283665951   1780505069293000000   1780505069295121100
robot_2           1780505069296518749   1780505069296692203   1780505069302000000   1780505069303277830
robot_5           1780505069294413228   1780505069294643799   1780505069303000000   1780505069304392482
robot_8           1780505069315255883   1780505069315486915   1780505069322000000   1780505069323497726
robot_6           1780505069324379592   1780505069324592461   1780505069333000000   1780505069334340308
robot_10          1780505069323188989   1780505069330644376   1780505069333000000   1780505069334415963
robot_3           1780505069355111248   1780505069355296952   1780505069363000000   1780505069363711528
robot_9           1780505069357156455   1780505069357307630   1780505069363000000   1780505069363792773
robot_4           1780505069358758586   1780505069358957080   1780505069364000000   1780505069364568133
robot_1           1780505069356775025   1780505069366422394   1780505069374000000   1780505069375143974
robot_7           1780505069383486956   1780505069383677004   1780505069394000000   1780505069395718447
robot_2           1780505069396819835   1780505069410155620   1780505069413000000   1780505069414260780
robot_5           1780505069393854938   1780505069405775465   1780505069414000000   1780505069415941337
robot_8           1780505069415215194   1780505069415387101   1780505069423000000   1780505069424331833
robot_10          1780505069422924776   1780505069423088245   1780505069434000000   1780505069435613545
robot_6           1780505069424391309   1780505069424574655   1780505069434000000   1780505069435677777
robot_3           1780505069455137194   1780505069455463469   1780505069464000000   1780505069464627724
robot_1           1780505069457035745   1780505069457233836   1780505069464000000   1780505069464708194
robot_9           1780505069457845303   1780505069458106054   1780505069464000000   1780505069464932814
robot_4           1780505069459564605   1780505069463834045   1780505069475000000   1780505069476236804
robot_7           1780505069483449624   1780505069483630577   1780505069495000000   1780505069496523058
robot_2           1780505069495411804   1780505069495639732   1780505069504000000   1780505069504801289
robot_5           1780505069494343181   1780505069494539646   1780505069505000000   1780505069506126000
robot_8           1780505069515207666   1780505069515397137   1780505069524000000   1780505069525447348
robot_6           1780505069524559828   1780505069524753577   1780505069546000000   1780505069546946876
robot_10          1780505069523512593   1780505069524016576   1780505069546000000   1780505069547274581
robot_4           1780505069559584187   1780505069559774257   1780505069566000000   1780505069567380826
robot_3           1780505069555726237   1780505069557028845   1780505069575000000   1780505069576056148
robot_1           1780505069558212807   1780505069559318336   1780505069575000000   1780505069576135674
robot_9           1780505069559655944   1780505069559833012   1780505069575000000   1780505069576317090
robot_7           1780505069583429802   1780505069587536253   1780505069596000000   1780505069597264649
robot_5           1780505069594341348   1780505069594596737   1780505069606000000   1780505069607922331
robot_2           1780505069595686826   1780505069595905359   1780505069615000000   1780505069615967365
robot_10          1780505069622892261   1780505069623018981   1780505069627000000   1780505069627433636
robot_8           1780505069615028282   1780505069617746591   1780505069635000000   1780505069636076416
robot_6           1780505069624130354   1780505069625542451   1780505069637000000   1780505069637432543
robot_3           1780505069654677356   1780505069654777130   1780505069665000000   1780505069666198600
robot_4           1780505069658454424   1780505069658582741   1780505069667000000   1780505069667507276
robot_1           1780505069656733984   1780505069656844889   1780505069675000000   1780505069676235353
robot_9           1780505069657014603   1780505069657141065   1780505069675000000   1780505069676287737
robot_7           1780505069683219928   1780505069683362001   1780505069687000000   1780505069688018581
robot_5           1780505069693952673   1780505069694088183   1780505069697000000   1780505069697844776
robot_2           1780505069695049973   1780505069695201847   1780505069706000000   1780505069706385663
robot_8           1780505069714980989   1780505069715109128   1780505069726000000   1780505069726480938
robot_6           1780505069724136074   1780505069724274476   1780505069727000000   1780505069728001548
robot_10          1780505069722887458   1780505069725347249   1780505069737000000   1780505069738384100
robot_3           1780505069754738786   1780505069754831600   1780505069766000000   1780505069766975745
robot_4           1780505069758459999   1780505069758606834   1780505069767000000   1780505069768348094
robot_9           1780505069756939164   1780505069757061289   1780505069776000000   1780505069776935409
robot_1           1780505069756653513   1780505069760599349   1780505069776000000   1780505069777013428
robot_7           1780505069783168015   1780505069783277132   1780505069788000000   1780505069788543714
robot_5           1780505069793837535   1780505069802235555   1780505069808000000   1780505069808630490
robot_2           1780505069795339876   1780505069801768495   1780505069816000000   1780505069817125541
robot_8           1780505069815078195   1780505069815206290   1780505069826000000   1780505069827145631
robot_6           1780505069824108158   1780505069824250687   1780505069828000000   1780505069828601103
robot_10          1780505069822800964   1780505069822966579   1780505069828000000   1780505069828706784
robot_3           1780505069854792757   1780505069854894415   1780505069867000000   1780505069867590927
robot_4           1780505069858478323   1780505069858599771   1780505069868000000   1780505069868931963
robot_1           1780505069856740562   1780505069856876048   1780505069877000000   1780505069877787836
robot_9           1780505069857132352   1780505069857287704   1780505069877000000   1780505069877879394
robot_7           1780505069883238137   1780505069883358540   1780505069888000000   1780505069889179162
robot_5           1780505069894070324   1780505069894280497   1780505069898000000   1780505069899325495
robot_2           1780505069895069973   1780505069895197754   1780505069907000000   1780505069907784623
robot_8           1780505069914926187   1780505069915037555   1780505069927000000   1780505069928095384
robot_6           1780505069924204936   1780505069924342624   1780505069929000000   1780505069929458525
robot_10          1780505069922851335   1780505069922960750   1780505069929000000   1780505069929509918
robot_4           1780505069958541566   1780505069958688328   1780505069969000000   1780505069969794280
robot_1           1780505069956763402   1780505069956910894   1780505069977000000   1780505069978312533
robot_9           1780505069957046658   1780505069957187121   1780505069977000000   1780505069978365358
robot_3           1780505069966471204   1780505069966580730   1780505069977000000   1780505069978438675
robot_7           1780505069983214908   1780505069984059178   1780505069989000000   1780505069989997564
robot_5           1780505069993963921   1780505069994090766   1780505069999000000   1780505069999966703
robot_2           1780505069995019171   1780505069995140959   1780505070008000000   1780505070008536470
robot_10          1780505070022786602   1780505070022913600   1780505070029000000   1780505070030200762
robot_6           1780505070024139770   1780505070024597762   1780505070029000000   1780505070030252001
robot_8           1780505070014972546   1780505070019942507   1780505070038000000   1780505070038885803
robot_3           1780505070054736326   1780505070054854297   1780505070068000000   1780505070068883360
robot_1           1780505070056636430   1780505070056728709   1780505070068000000   1780505070069084135
robot_9           1780505070056990838   1780505070057128706   1780505070068000000   1780505070069113567
robot_4           1780505070058476339   1780505070058606141   1780505070070000000   1780505070070477933
robot_7           1780505070083229813   1780505070083380007   1780505070090000000   1780505070090763224
robot_5           1780505070094028798   1780505070094156778   1780505070100000000   1780505070100723123
robot_2           1780505070095107351   1780505070095259622   1780505070108000000   1780505070109080660
robot_8           1780505070115020019   1780505070115155150   1780505070128000000   1780505070129200519
robot_6           1780505070124166860   1780505070124315672   1780505070130000000   1780505070130790743
robot_10          1780505070122860239   1780505070125280288   1780505070130000000   1780505070130835971
robot_9           1780505070156976824   1780505070157104344   1780505070169000000   1780505070169636910
robot_3           1780505070154722039   1780505070154858409   1780505070169000000   1780505070169864310
robot_4           1780505070158435378   1780505070158554727   1780505070170000000   1780505070171163944
robot_1           1780505070156638693   1780505070160212919   1780505070179000000   1780505070179591338
robot_7           1780505070183231998   1780505070183353635   1780505070190000000   1780505070191356872
robot_5           1780505070193860192   1780505070203317114   1780505070211000000   1780505070211536611
robot_2           1780505070195287284   1780505070201706795   1780505070219000000   1780505070219896403
robot_8           1780505070215023201   1780505070215167230   1780505070229000000   1780505070229919744
robot_6           1780505070224149971   1780505070224325996   1780505070231000000   1780505070231613674
robot_10          1780505070222753671   1780505070222879715   1780505070231000000   1780505070231671680
robot_4           1780505070258464939   1780505070258586159   1780505070261000000   1780505070261834560
robot_1           1780505070256751474   1780505070256904356   1780505070269000000   1780505070270297982
robot_9           1780505070257001906   1780505070257145749   1780505070269000000   1780505070270351708
robot_3           1780505070254922938   1780505070255036854   1780505070269000000   1780505070270361924
robot_7           1780505070283341996   1780505070283482238   1780505070291000000   1780505070292094512
robot_5           1780505070294001260   1780505070294129714   1780505070301000000   1780505070302149497
robot_2           1780505070295142086   1780505070295253264   1780505070310000000   1780505070310578748
robot_8           1780505070314945736   1780505070315070910   1780505070330000000   1780505070330856374
robot_6           1780505070324136462   1780505070324275006   1780505070331000000   1780505070332296930
robot_10          1780505070322798554   1780505070322922691   1780505070331000000   1780505070332346338
robot_4           1780505070358524120   1780505070358675980   1780505070362000000   1780505070362598974
robot_3           1780505070354685590   1780505070354767416   1780505070370000000   1780505070371034728
robot_1           1780505070356706987   1780505070356846167   1780505070370000000   1780505070371088066
robot_9           1780505070357021783   1780505070357160232   1780505070370000000   1780505070371097508
robot_7           1780505070383172323   1780505070383781008   1780505070392000000   1780505070392847709
robot_2           1780505070395113320   1780505070395245885   1780505070400000000   1780505070401331516
robot_5           1780505070393968246   1780505070394102608   1780505070402000000   1780505070402747403
robot_8           1780505070414957094   1780505070415251918   1780505070431000000   1780505070431479564
robot_6           1780505070424105048   1780505070424824179   1780505070432000000   1780505070433009952
robot_10          1780505070422831544   1780505070422944324   1780505070432000000   1780505070433144372
robot_3           1780505070454759541   1780505070454854709   1780505070461000000   1780505070461601592
robot_1           1780505070456662631   1780505070456770789   1780505070461000000   1780505070461662439
robot_4           1780505070458482243   1780505070458603848   1780505070462000000   1780505070463114000
robot_9           1780505070457036917   1780505070457149920   1780505070471000000   1780505070471814951
robot_7           1780505070483248865   1780505070483377382   1780505070493000000   1780505070493453235
robot_2           1780505070495147823   1780505070495319940   1780505070501000000   1780505070501944572
robot_5           1780505070494060543   1780505070494229576   1780505070503000000   1780505070503484172
robot_8           1780505070514954114   1780505070515082894   1780505070531000000   1780505070532138487
robot_10          1780505070522915128   1780505070525487232   1780505070533000000   1780505070533676496
robot_6           1780505070524138371   1780505070524309147   1780505070533000000   1780505070533724319
robot_4           1780505070558456678   1780505070558593052   1780505070563000000   1780505070563952824
robot_9           1780505070556974918   1780505070557093336   1780505070571000000   1780505070572410929
robot_1           1780505070556614955   1780505070560749960   1780505070572000000   1780505070572480092
robot_3           1780505070554639600   1780505070554802417   1780505070571000000   1780505070572490723
robot_7           1780505070583192269   1780505070583316932   1780505070593000000   1780505070594267534
robot_5           1780505070593772553   1780505070602792724   1780505070613000000   1780505070614466921
robot_2           1780505070595398826   1780505070601838856   1780505070622000000   1780505070622623036
robot_8           1780505070615140731   1780505070615276755   1780505070632000000   1780505070632809613
robot_10          1780505070622823572   1780505070622950074   1780505070634000000   1780505070634519180
robot_6           1780505070624153989   1780505070624335078   1780505070634000000   1780505070634576708
robot_4           1780505070658559887   1780505070658683980   1780505070664000000   1780505070664772851
robot_3           1780505070654777602   1780505070654913773   1780505070672000000   1780505070673040935
robot_1           1780505070656832578   1780505070656979219   1780505070672000000   1780505070673175888
robot_9           1780505070657011700   1780505070657153690   1780505070672000000   1780505070673186235
robot_7           1780505070683296791   1780505070683431135   1780505070694000000   1780505070695017735
robot_5           1780505070693939524   1780505070694051442   1780505070704000000   1780505070705074444
robot_2           1780505070695198185   1780505070695326674   1780505070712000000   1780505070713339201
robot_8           1780505070714950250   1780505070715069211   1780505070733000000   1780505070733432268
robot_10          1780505070722872918   1780505070723001738   1780505070734000000   1780505070735341692
robot_6           1780505070724200071   1780505070724324700   1780505070734000000   1780505070735412838
robot_4           1780505070758523480   1780505070758668290   1780505070765000000   1780505070765512884
robot_1           1780505070756706659   1780505070756850636   1780505070773000000   1780505070773677591
robot_9           1780505070757043803   1780505070757182815   1780505070773000000   1780505070773730642
robot_3           1780505070754762572   1780505070754868913   1780505070773000000   1780505070773810186
robot_7           1780505070783157456   1780505070783619889   1780505070795000000   1780505070795573460
robot_5           1780505070793959229   1780505070794091410   1780505070805000000   1780505070805751932
robot_2           1780505070795085983   1780505070795212303   1780505070813000000   1780505070813980790
robot_10          1780505070822765884   1780505070822882735   1780505070825000000   1780505070825743080
robot_8           1780505070815059513   1780505070815270772   1780505070833000000   1780505070834123300
robot_6           1780505070824120777   1780505070824841764   1780505070835000000   1780505070836108823
robot_4           1780505070858452233   1780505070858591631   1780505070865000000   1780505070866156183
robot_1           1780505070856665198   1780505070856785820   1780505070873000000   1780505070874424940
robot_9           1780505070856955405   1780505070857085301   1780505070874000000   1780505070874481913
robot_3           1780505070854748017   1780505070854868500   1780505070873000000   1780505070874491582
robot_7           1780505070883245989   1780505070883397568   1780505070885000000   1780505070886330782
robot_5           1780505070893967789   1780505070894106791   1780505070906000000   1780505070906446370
