robot_id	t0_event_ms	t1_ingest_ms	t2_ksql_ms	t3_arrival_ms
robot_5_s3267	1780158207501	1780158207502	1780158207506	1780158207988
robot_5_s3267	1780158207601	1780158207602	1780158207607	1780158207988
robot_5_s3267	1780158207702	1780158207702	1780158207707	1780158207988
robot_5_s3267	1780158207801	1780158207802	1780158207805	1780158207988
robot_5_s3267	1780158207901	1780158207902	1780158207905	1780158207988
robot_4_s3151	1780158207477	1780158207478	1780158207480	1780158207988
robot_4_s3151	1780158207577	1780158207577	1780158207580	1780158207988
robot_4_s3151	1780158207677	1780158207678	1780158207682	1780158207988
robot_4_s3151	1780158207778	1780158207778	1780158207780	1780158207988
robot_4_s3151	1780158207877	1780158207878	1780158207880	1780158207988
robot_4_s3151	1780158207977	1780158207977	1780158207979	1780158207988
robot_3_s1170	1780158207499	1780158207499	1780158207503	1780158207989
robot_3_s1170	1780158207599	1780158207600	1780158207603	1780158207989
robot_3_s1170	1780158207699	1780158207700	1780158207704	1780158207989
robot_3_s1170	1780158207799	1780158207799	1780158207802	1780158207989
robot_3_s1170	1780158207899	1780158207899	1780158207902	1780158207989
robot_2_s415	1780158207499	1780158207499	1780158207503	1780158207989
robot_2_s415	1780158207599	1780158207600	1780158207603	1780158207989
robot_2_s415	1780158207699	1780158207700	1780158207705	1780158207989
robot_2_s415	1780158207799	1780158207799	1780158207802	1780158207989
robot_2_s415	1780158207899	1780158207899	1780158207903	1780158207989
robot_1_s7514	1780158207554	1780158207554	1780158207557	1780158207989
robot_1_s7514	1780158207654	1780158207654	1780158207658	1780158207989
robot_1_s7514	1780158207754	1780158207754	1780158207758	1780158207989
robot_1_s7514	1780158207854	1780158207854	1780158207857	1780158207989
robot_1_s7514	1780158207954	1780158207954	1780158207956	1780158207989
robot_2_s415	1780158208000	1780158208000	1780158208005	1780158208011
robot_3_s1170	1780158208000	1780158208000	1780158208007	1780158208014
robot_5_s3267	1780158208001	1780158208002	1780158208013	1780158208016
robot_1_s7514	1780158208054	1780158208054	1780158208058	1780158208061
robot_4_s3151	1780158208077	1780158208078	1780158208082	1780158208085
robot_3_s1170	1780158208099	1780158208100	1780158208103	1780158208106
robot_5_s3267	1780158208101	1780158208101	1780158208104	1780158208107
robot_2_s415	1780158208099	1780158208100	1780158208105	1780158208107
robot_1_s7514	1780158208154	1780158208155	1780158208158	1780158208162
robot_4_s3151	1780158208177	1780158208178	1780158208180	1780158208183
robot_2_s415	1780158208199	1780158208199	1780158208202	1780158208205
robot_3_s1170	1780158208199	1780158208199	1780158208203	1780158208207
robot_5_s3267	1780158208201	1780158208202	1780158208206	1780158208209
robot_1_s7514	1780158208254	1780158208254	1780158208258	1780158208261
robot_4_s3151	1780158208277	1780158208278	1780158208280	1780158208282
robot_3_s1170	1780158208299	1780158208299	1780158208302	1780158208305
robot_5_s3267	1780158208301	1780158208301	1780158208304	1780158208307
robot_2_s415	1780158208299	1780158208299	1780158208302	1780158208307
robot_1_s7514	1780158208354	1780158208354	1780158208357	1780158208359
robot_4_s3151	1780158208377	1780158208378	1780158208380	1780158208382
robot_3_s1170	1780158208399	1780158208400	1780158208403	1780158208407
robot_2_s415	1780158208399	1780158208400	1780158208403	1780158208407
robot_5_s3267	1780158208401	1780158208402	1780158208406	1780158208409
robot_1_s7514	1780158208454	1780158208454	1780158208458	1780158208460
robot_4_s3151	1780158208478	1780158208478	1780158208481	1780158208484
robot_3_s1170	1780158208499	1780158208499	1780158208503	1780158208506
robot_5_s3267	1780158208501	1780158208502	1780158208506	1780158208508
robot_2_s415	1780158208499	1780158208500	1780158208506	1780158208508
robot_1_s7514	1780158208554	1780158208554	1780158208558	1780158208560
robot_4_s3151	1780158208577	1780158208578	1780158208580	1780158208583
robot_3_s1170	1780158208599	1780158208599	1780158208601	1780158208604
robot_2_s415	1780158208599	1780158208599	1780158208601	1780158208605
robot_5_s3267	1780158208601	1780158208602	1780158208606	1780158208608
robot_1_s7514	1780158208654	1780158208654	1780158208657	1780158208659
robot_4_s3151	1780158208677	1780158208677	1780158208679	1780158208681
robot_3_s1170	1780158208699	1780158208699	1780158208702	1780158208705
robot_2_s415	1780158208699	1780158208699	1780158208702	1780158208706
robot_5_s3267	1780158208701	1780158208701	1780158208705	1780158208707
robot_1_s7514	1780158208754	1780158208754	1780158208757	1780158208759
robot_4_s3151	1780158208777	1780158208778	1780158208780	1780158208782
robot_3_s1170	1780158208799	1780158208800	1780158208804	1780158208807
robot_2_s415	1780158208799	1780158208800	1780158208805	1780158208809
robot_5_s3267	1780158208802	1780158208802	1780158208809	1780158208811
robot_1_s7514	1780158208854	1780158208854	1780158208857	1780158208859
robot_4_s3151	1780158208878	1780158208878	1780158208880	1780158208882
robot_3_s1170	1780158208899	1780158208899	1780158208902	1780158208905
robot_2_s415	1780158208899	1780158208900	1780158208904	1780158208907
robot_5_s3267	1780158208901	1780158208901	1780158208906	1780158208908
robot_1_s7514	1780158208954	1780158208954	1780158208958	1780158208960
robot_4_s3151	1780158208977	1780158208978	1780158208980	1780158208982
robot_3_s1170	1780158208999	1780158208999	1780158209001	1780158209005
robot_2_s415	1780158208999	1780158208999	1780158209002	1780158209006
robot_5_s3267	1780158209001	1780158209002	1780158209005	1780158209008
robot_1_s7514	1780158209054	1780158209054	1780158209057	1780158209059
robot_4_s3151	1780158209077	1780158209077	1780158209079	1780158209081
robot_3_s1170	1780158209099	1780158209099	1780158209102	1780158209105
robot_2_s415	1780158209099	1780158209099	1780158209102	1780158209105
robot_5_s3267	1780158209101	1780158209102	1780158209106	1780158209108
robot_1_s7514	1780158209154	1780158209154	1780158209156	1780158209158
robot_4_s3151	1780158209177	1780158209177	1780158209179	1780158209181
robot_3_s1170	1780158209200	1780158209200	1780158209203	1780158209206
robot_2_s415	1780158209200	1780158209200	1780158209203	1780158209206
robot_5_s3267	1780158209201	1780158209201	1780158209205	1780158209208
robot_1_s7514	1780158209254	1780158209255	1780158209257	1780158209259
robot_4_s3151	1780158209277	1780158209278	1780158209281	1780158209283
robot_2_s415	1780158209299	1780158209300	1780158209302	1780158209305
robot_5_s3267	1780158209301	1780158209301	1780158209304	1780158209307
robot_3_s1170	1780158209299	1780158209300	1780158209303	1780158209307
robot_1_s7514	1780158209354	1780158209355	1780158209358	1780158209360
robot_4_s3151	1780158209377	1780158209378	1780158209380	1780158209382
robot_3_s1170	1780158209399	1780158209399	1780158209402	1780158209405
robot_2_s415	1780158209399	1780158209399	1780158209402	1780158209405
robot_5_s3267	1780158209401	1780158209401	1780158209405	1780158209407
robot_1_s7514	1780158209454	1780158209455	1780158209458	1780158209460
robot_4_s3151	1780158209477	1780158209477	1780158209479	1780158209481
robot_3_s1170	1780158209499	1780158209499	1780158209503	1780158209506
robot_2_s415	1780158209499	1780158209499	1780158209503	1780158209506
robot_5_s3267	1780158209501	1780158209502	1780158209505	1780158209507
robot_1_s7514	1780158209554	1780158209554	1780158209557	1780158209559
robot_4_s3151	1780158209577	1780158209577	1780158209579	1780158209581
robot_3_s1170	1780158209599	1780158209600	1780158209603	1780158209606
robot_2_s415	1780158209599	1780158209600	1780158209603	1780158209607
robot_5_s3267	1780158209601	1780158209602	1780158209607	1780158209609
robot_1_s7514	1780158209654	1780158209655	1780158209657	1780158209659
robot_4_s3151	1780158209677	1780158209679	1780158209682	1780158209684
robot_3_s1170	1780158209699	1780158209700	1780158209703	1780158209705
robot_2_s415	1780158209699	1780158209700	1780158209703	1780158209705
robot_5_s3267	1780158209701	1780158209701	1780158209704	1780158209706
robot_1_s7514	1780158209754	1780158209754	1780158209757	1780158209760
robot_4_s3151	1780158209777	1780158209778	1780158209780	1780158209782
robot_3_s1170	1780158209799	1780158209799	1780158209802	1780158209805
robot_2_s415	1780158209799	1780158209799	1780158209802	1780158209805
robot_5_s3267	1780158209801	1780158209802	1780158209805	1780158209807
robot_1_s7514	1780158209854	1780158209854	1780158209857	1780158209859
robot_4_s3151	1780158209877	1780158209877	1780158209879	1780158209882
robot_3_s1170	1780158209899	1780158209899	1780158209902	1780158209905
robot_2_s415	1780158209899	1780158209899	1780158209902	1780158209905
robot_5_s3267	1780158209901	1780158209902	1780158209905	1780158209908
robot_1_s7514	1780158209954	1780158209955	1780158209957	1780158209959
robot_4_s3151	1780158209977	1780158209977	1780158209979	1780158209981
robot_3_s1170	1780158209999	1780158210000	1780158210003	1780158210006
robot_2_s415	1780158209999	1780158210000	1780158210004	1780158210007
robot_5_s3267	1780158210001	1780158210002	1780158210007	1780158210009
robot_1_s7514	1780158210054	1780158210055	1780158210057	1780158210060
robot_4_s3151	1780158210077	1780158210078	1780158210081	1780158210084
robot_3_s1170	1780158210099	1780158210099	1780158210103	1780158210107
robot_5_s3267	1780158210101	1780158210101	1780158210105	1780158210108
robot_2_s415	1780158210099	1780158210099	1780158210105	1780158210108
robot_1_s7514	1780158210154	1780158210155	1780158210158	1780158210162
robot_4_s3151	1780158210177	1780158210178	1780158210181	1780158210184
robot_3_s1170	1780158210199	1780158210199	1780158210202	1780158210205
robot_2_s415	1780158210199	1780158210199	1780158210202	1780158210205
robot_5_s3267	1780158210201	1780158210202	1780158210206	1780158210208
robot_1_s7514	1780158210254	1780158210254	1780158210258	1780158210260
robot_4_s3151	1780158210277	1780158210278	1780158210280	1780158210283
robot_2_s415	1780158210299	1780158210299	1780158210302	1780158210305
robot_3_s1170	1780158210299	1780158210299	1780158210302	1780158210305
robot_5_s3267	1780158210301	1780158210302	1780158210306	1780158210308
robot_1_s7514	1780158210354	1780158210355	1780158210357	1780158210360
robot_4_s3151	1780158210377	1780158210377	1780158210379	1780158210381
robot_3_s1170	1780158210399	1780158210399	1780158210402	1780158210405
robot_2_s415	1780158210399	1780158210399	1780158210403	1780158210407
robot_5_s3267	1780158210401	1780158210401	1780158210406	1780158210408
robot_1_s7514	1780158210454	1780158210455	1780158210457	1780158210459
robot_4_s3151	1780158210477	1780158210478	1780158210480	1780158210483
robot_3_s1170	1780158210499	1780158210500	1780158210503	1780158210506
robot_2_s415	1780158210499	1780158210500	1780158210503	1780158210506
robot_5_s3267	1780158210501	1780158210501	1780158210505	1780158210508
robot_1_s7514	1780158210554	1780158210554	1780158210557	1780158210560
robot_4_s3151	1780158210577	1780158210578	1780158210580	1780158210583
robot_3_s1170	1780158210599	1780158210599	1780158210602	1780158210604
robot_2_s415	1780158210599	1780158210599	1780158210602	1780158210605
robot_5_s3267	1780158210601	1780158210601	1780158210606	1780158210608
robot_1_s7514	1780158210654	1780158210654	1780158210658	1780158210660
robot_4_s3151	1780158210677	1780158210677	1780158210679	1780158210681
robot_3_s1170	1780158210699	1780158210699	1780158210702	1780158210704
robot_2_s415	1780158210699	1780158210699	1780158210703	1780158210707
robot_5_s3267	1780158210701	1780158210702	1780158210705	1780158210708
robot_1_s7514	1780158210754	1780158210755	1780158210758	1780158210760
robot_4_s3151	1780158210777	1780158210777	1780158210779	1780158210781
robot_3_s1170	1780158210799	1780158210800	1780158210803	1780158210806
robot_2_s415	1780158210799	1780158210800	1780158210804	1780158210808
robot_5_s3267	1780158210801	1780158210802	1780158210807	1780158210809
robot_1_s7514	1780158210854	1780158210855	1780158210858	1780158210860
robot_4_s3151	1780158210877	1780158210878	1780158210880	1780158210883
robot_2_s415	1780158210899	1780158210900	1780158210903	1780158210906
robot_3_s1170	1780158210899	1780158210900	1780158210904	1780158210907
robot_5_s3267	1780158210901	1780158210901	1780158210906	1780158210908
robot_1_s7514	1780158210954	1780158210954	1780158210958	1780158210961
robot_4_s3151	1780158210977	1780158210978	1780158210981	1780158210984
robot_3_s1170	1780158210999	1780158211000	1780158211003	1780158211006
robot_2_s415	1780158210999	1780158211000	1780158211003	1780158211006
robot_5_s3267	1780158211001	1780158211002	1780158211005	1780158211008
robot_1_s7514	1780158211054	1780158211055	1780158211059	1780158211061
robot_4_s3151	1780158211077	1780158211077	1780158211079	1780158211081
robot_3_s1170	1780158211099	1780158211099	1780158211102	1780158211105
robot_2_s415	1780158211099	1780158211099	1780158211102	1780158211106
robot_5_s3267	1780158211101	1780158211101	1780158211105	1780158211108
robot_1_s7514	1780158211154	1780158211155	1780158211157	1780158211159
robot_4_s3151	1780158211177	1780158211178	1780158211180	1780158211182
robot_3_s1170	1780158211199	1780158211199	1780158211202	1780158211206
robot_2_s415	1780158211199	1780158211199	1780158211203	1780158211206
robot_5_s3267	1780158211201	1780158211202	1780158211206	1780158211208
robot_1_s7514	1780158211255	1780158211255	1780158211258	1780158211260
robot_4_s3151	1780158211277	1780158211278	1780158211281	1780158211284
robot_3_s1170	1780158211299	1780158211300	1780158211302	1780158211305
robot_2_s415	1780158211299	1780158211300	1780158211302	1780158211305
robot_5_s3267	1780158211301	1780158211301	1780158211304	1780158211306
robot_1_s7514	1780158211354	1780158211354	1780158211357	1780158211360
robot_4_s3151	1780158211377	1780158211378	1780158211380	1780158211383
robot_3_s1170	1780158211399	1780158211399	1780158211402	1780158211405
robot_2_s415	1780158211399	1780158211399	1780158211402	1780158211405
robot_5_s3267	1780158211401	1780158211401	1780158211404	1780158211406
robot_1_s7514	1780158211454	1780158211454	1780158211458	1780158211460
robot_4_s3151	1780158211477	1780158211477	1780158211479	1780158211482
robot_3_s1170	1780158211499	1780158211499	1780158211501	1780158211504
robot_2_s415	1780158211499	1780158211499	1780158211501	1780158211504
robot_5_s3267	1780158211501	1780158211502	1780158211506	1780158211508
robot_1_s7514	1780158211554	1780158211555	1780158211557	1780158211559
robot_4_s3151	1780158211577	1780158211577	1780158211579	1780158211582
robot_3_s1170	1780158211599	1780158211600	1780158211603	1780158211607
robot_2_s415	1780158211599	1780158211600	1780158211605	1780158211608
robot_5_s3267	1780158211602	1780158211602	1780158211608	1780158211611
robot_1_s7514	1780158211654	1780158211655	1780158211657	1780158211659
robot_4_s3151	1780158211677	1780158211678	1780158211681	1780158211684
robot_5_s3267	1780158211701	1780158211702	1780158211705	1780158211708
robot_3_s1170	1780158211700	1780158211702	1780158211707	1780158211709
robot_2_s415	1780158211699	1780158211702	1780158211708	1780158211710
robot_1_s7514	1780158211754	1780158211755	1780158211760	1780158211763
robot_4_s3151	1780158211777	1780158211778	1780158211780	1780158211782
robot_3_s1170	1780158211799	1780158211799	1780158211803	1780158211806
robot_2_s415	1780158211799	1780158211799	1780158211803	1780158211806
robot_5_s3267	1780158211801	1780158211801	1780158211804	1780158211807
robot_1_s7514	1780158211854	1780158211854	1780158211858	1780158211860
robot_4_s3151	1780158211877	1780158211877	1780158211879	1780158211881
robot_3_s1170	1780158211899	1780158211899	1780158211902	1780158211905
robot_2_s415	1780158211899	1780158211899	1780158211904	1780158211907
robot_5_s3267	1780158211901	1780158211901	1780158211904	1780158211909
robot_1_s7514	1780158211954	1780158211954	1780158211957	1780158211959
robot_4_s3151	1780158211977	1780158211977	1780158211979	1780158211981
robot_3_s1170	1780158211999	1780158211999	1780158212002	1780158212005
robot_2_s415	1780158211999	1780158211999	1780158212002	1780158212006
robot_5_s3267	1780158212001	1780158212002	1780158212006	1780158212008
robot_1_s7514	1780158212054	1780158212054	1780158212057	1780158212059
robot_4_s3151	1780158212077	1780158212078	1780158212080	1780158212083
robot_3_s1170	1780158212099	1780158212099	1780158212102	1780158212105
robot_2_s415	1780158212099	1780158212099	1780158212104	1780158212107
robot_5_s3267	1780158212101	1780158212102	1780158212106	1780158212108
robot_1_s7514	1780158212154	1780158212154	1780158212157	1780158212160
robot_4_s3151	1780158212177	1780158212178	1780158212180	1780158212182
robot_3_s1170	1780158212199	1780158212199	1780158212202	1780158212205
robot_2_s415	1780158212199	1780158212199	1780158212202	1780158212205
robot_5_s3267	1780158212201	1780158212201	1780158212204	1780158212207
robot_1_s7514	1780158212254	1780158212254	1780158212258	1780158212260
robot_4_s3151	1780158212277	1780158212278	1780158212280	1780158212282
robot_2_s415	1780158212299	1780158212299	1780158212302	1780158212305
robot_3_s1170	1780158212299	1780158212299	1780158212303	1780158212307
robot_5_s3267	1780158212301	1780158212302	1780158212305	1780158212309
robot_1_s7514	1780158212354	1780158212354	1780158212357	1780158212359
robot_4_s3151	1780158212377	1780158212377	1780158212379	1780158212381
robot_3_s1170	1780158212399	1780158212399	1780158212403	1780158212405
robot_2_s415	1780158212399	1780158212399	1780158212402	1780158212405
robot_5_s3267	1780158212401	1780158212402	1780158212405	1780158212408
robot_1_s7514	1780158212454	1780158212455	1780158212458	1780158212460
robot_4_s3151	1780158212477	1780158212478	1780158212480	1780158212483
robot_3_s1170	1780158212499	1780158212500	1780158212502	1780158212505
robot_5_s3267	1780158212501	1780158212502	1780158212506	1780158212508
robot_2_s415	1780158212499	1780158212499	1780158212506	1780158212508
robot_1_s7514	1780158212554	1780158212554	1780158212559	1780158212561
robot_4_s3151	1780158212577	1780158212578	1780158212580	1780158212583
robot_2_s415	1780158212598	1780158212599	1780158212601	1780158212603
robot_3_s1170	1780158212598	1780158212599	1780158212601	1780158212604
robot_5_s3267	1780158212601	1780158212602	1780158212604	1780158212607
robot_1_s7514	1780158212654	1780158212654	1780158212658	1780158212661
robot_4_s3151	1780158212677	1780158212677	1780158212679	1780158212681
robot_3_s1170	1780158212699	1780158212699	1780158212701	1780158212705
robot_2_s415	1780158212699	1780158212699	1780158212702	1780158212705
robot_5_s3267	1780158212701	1780158212702	1780158212705	1780158212708
robot_1_s7514	1780158212754	1780158212754	1780158212757	1780158212759
robot_4_s3151	1780158212777	1780158212777	1780158212779	1780158212782
robot_2_s415	1780158212799	1780158212799	1780158212802	1780158212805
robot_3_s1170	1780158212799	1780158212799	1780158212803	1780158212807
robot_5_s3267	1780158212801	1780158212802	1780158212805	1780158212808
robot_1_s7514	1780158212854	1780158212855	1780158212858	1780158212860
robot_4_s3151	1780158212877	1780158212878	1780158212881	1780158212885
robot_3_s1170	1780158212899	1780158212899	1780158212903	1780158212905
robot_2_s415	1780158212899	1780158212899	1780158212903	1780158212906
robot_5_s3267	1780158212901	1780158212901	1780158212905	1780158212908
robot_1_s7514	1780158212954	1780158212955	1780158212960	1780158212963
robot_4_s3151	1780158212977	1780158212978	1780158212980	1780158212983
robot_3_s1170	1780158212999	1780158213000	1780158213003	1780158213006
robot_2_s415	1780158212999	1780158213000	1780158213004	1780158213008
robot_5_s3267	1780158213001	1780158213002	1780158213007	1780158213009
robot_1_s7514	1780158213054	1780158213054	1780158213057	1780158213060
robot_4_s3151	1780158213077	1780158213078	1780158213079	1780158213082
robot_3_s1170	1780158213099	1780158213099	1780158213102	1780158213104
robot_2_s415	1780158213099	1780158213099	1780158213102	1780158213104
robot_5_s3267	1780158213101	1780158213102	1780158213104	1780158213107
robot_1_s7514	1780158213154	1780158213155	1780158213158	1780158213160
robot_4_s3151	1780158213177	1780158213177	1780158213179	1780158213181
robot_3_s1170	1780158213199	1780158213199	1780158213202	1780158213205
robot_2_s415	1780158213199	1780158213199	1780158213203	1780158213207
robot_5_s3267	1780158213201	1780158213202	1780158213206	1780158213209
robot_1_s7514	1780158213254	1780158213255	1780158213257	1780158213260
robot_4_s3151	1780158213277	1780158213278	1780158213282	1780158213284
robot_3_s1170	1780158213299	1780158213300	1780158213303	1780158213305
robot_2_s415	1780158213299	1780158213300	1780158213305	1780158213308
robot_5_s3267	1780158213301	1780158213301	1780158213306	1780158213309
robot_1_s7514	1780158213354	1780158213354	1780158213358	1780158213361
robot_4_s3151	1780158213378	1780158213378	1780158213382	1780158213384
robot_3_s1170	1780158213399	1780158213399	1780158213402	1780158213405
robot_2_s415	1780158213399	1780158213399	1780158213402	1780158213405
robot_5_s3267	1780158213401	1780158213401	1780158213407	1780158213409
robot_1_s7514	1780158213454	1780158213454	1780158213459	1780158213462
robot_4_s3151	1780158213477	1780158213477	1780158213480	1780158213482
robot_3_s1170	1780158213499	1780158213500	1780158213502	1780158213505
robot_2_s415	1780158213499	1780158213500	1780158213503	1780158213505
robot_5_s3267	1780158213501	1780158213501	1780158213504	1780158213507
robot_1_s7514	1780158213554	1780158213555	1780158213558	1780158213560
robot_4_s3151	1780158213577	1780158213578	1780158213580	1780158213582
robot_2_s415	1780158213600	1780158213600	1780158213604	1780158213607
robot_5_s3267	1780158213602	1780158213603	1780158213606	1780158213608
robot_3_s1170	1780158213600	1780158213600	1780158213604	1780158213608
robot_1_s7514	1780158213654	1780158213654	1780158213657	1780158213659
robot_4_s3151	1780158213677	1780158213678	1780158213682	1780158213684
robot_2_s415	1780158213699	1780158213700	1780158213705	1780158213707
robot_5_s3267	1780158213701	1780158213702	1780158213704	1780158213707
robot_3_s1170	1780158213699	1780158213700	1780158213705	1780158213710
robot_1_s7514	1780158213754	1780158213755	1780158213759	1780158213763
robot_4_s3151	1780158213778	1780158213778	1780158213781	1780158213785
robot_3_s1170	1780158213799	1780158213800	1780158213803	1780158213805
robot_2_s415	1780158213799	1780158213800	1780158213803	1780158213806
robot_5_s3267	1780158213801	1780158213801	1780158213806	1780158213809
robot_1_s7514	1780158213854	1780158213855	1780158213858	1780158213862
robot_4_s3151	1780158213878	1780158213878	1780158213881	1780158213883
robot_2_s415	1780158213899	1780158213899	1780158213903	1780158213905
robot_3_s1170	1780158213899	1780158213899	1780158213903	1780158213907
robot_5_s3267	1780158213901	1780158213902	1780158213905	1780158213909
robot_1_s7514	1780158213954	1780158213955	1780158213957	1780158213959
robot_4_s3151	1780158213977	1780158213978	1780158213980	1780158213983
robot_3_s1170	1780158214000	1780158214000	1780158214004	1780158214006
robot_2_s415	1780158214000	1780158214000	1780158214004	1780158214006
robot_5_s3267	1780158214001	1780158214004	1780158214007	1780158214010
robot_1_s7514	1780158214054	1780158214055	1780158214057	1780158214059
robot_4_s3151	1780158214077	1780158214077	1780158214082	1780158214085
robot_5_s3267	1780158214101	1780158214102	1780158214105	1780158214108
robot_2_s415	1780158214099	1780158214099	1780158214105	1780158214109
robot_3_s1170	1780158214099	1780158214101	1780158214107	1780158214110
robot_1_s7514	1780158214154	1780158214155	1780158214158	1780158214162
robot_4_s3151	1780158214178	1780158214178	1780158214182	1780158214185
robot_3_s1170	1780158214200	1780158214200	1780158214204	1780158214207
robot_2_s415	1780158214200	1780158214200	1780158214204	1780158214208
robot_5_s3267	1780158214202	1780158214203	1780158214207	1780158214210
robot_1_s7514	1780158214254	1780158214255	1780158214260	1780158214264
robot_4_s3151	1780158214278	1780158214278	1780158214281	1780158214285
robot_5_s3267	1780158214302	1780158214302	1780158214305	1780158214309
robot_3_s1170	1780158214301	1780158214302	1780158214307	1780158214312
robot_2_s415	1780158214302	1780158214303	1780158214306	1780158214312
robot_1_s7514	1780158214354	1780158214354	1780158214360	1780158214363
robot_4_s3151	1780158214377	1780158214378	1780158214381	1780158214385
robot_2_s415	1780158214400	1780158214401	1780158214405	1780158214408
robot_3_s1170	1780158214400	1780158214401	1780158214409	1780158214413
robot_5_s3267	1780158214402	1780158214406	1780158214411	1780158214415
robot_1_s7514	1780158214454	1780158214455	1780158214458	1780158214461
robot_4_s3151	1780158214478	1780158214484	1780158214490	1780158214498
robot_5_s3267	1780158214501	1780158214502	1780158214505	1780158214508
robot_3_s1170	1780158214499	1780158214503	1780158214508	1780158214510
robot_2_s415	1780158214499	1780158214506	1780158214510	1780158214512
robot_1_s7514	1780158214554	1780158214554	1780158214558	1780158214562
robot_4_s3151	1780158214577	1780158214577	1780158214580	1780158214583
robot_3_s1170	1780158214599	1780158214599	1780158214602	1780158214604
robot_2_s415	1780158214599	1780158214599	1780158214602	1780158214604
robot_5_s3267	1780158214601	1780158214601	1780158214604	1780158214607
robot_1_s7514	1780158214654	1780158214654	1780158214657	1780158214659
robot_4_s3151	1780158214677	1780158214677	1780158214679	1780158214681
robot_3_s1170	1780158214699	1780158214699	1780158214702	1780158214704
robot_2_s415	1780158214699	1780158214699	1780158214702	1780158214706
robot_5_s3267	1780158214701	1780158214702	1780158214705	1780158214708
robot_1_s7514	1780158214754	1780158214755	1780158214757	1780158214760
robot_4_s3151	1780158214777	1780158214778	1780158214780	1780158214782
robot_3_s1170	1780158214799	1780158214800	1780158214804	1780158214806
robot_2_s415	1780158214799	1780158214800	1780158214804	1780158214807
robot_5_s3267	1780158214802	1780158214804	1780158214808	1780158214810
robot_1_s7514	1780158214854	1780158214854	1780158214858	1780158214860
robot_4_s3151	1780158214877	1780158214878	1780158214883	1780158214886
robot_3_s1170	1780158214899	1780158214900	1780158214903	1780158214906
robot_2_s415	1780158214899	1780158214900	1780158214903	1780158214906
robot_5_s3267	1780158214901	1780158214902	1780158214904	1780158214907
robot_1_s7514	1780158214954	1780158214955	1780158214959	1780158214961
robot_4_s3151	1780158214977	1780158214978	1780158214980	1780158214982
robot_3_s1170	1780158214999	1780158214999	1780158215002	1780158215005
robot_5_s3267	1780158215001	1780158215001	1780158215004	1780158215007
robot_2_s415	1780158214999	1780158214999	1780158215004	1780158215008
robot_1_s7514	1780158215055	1780158215056	1780158215062	1780158215065
robot_4_s3151	1780158215077	1780158215078	1780158215080	1780158215084
robot_2_s415	1780158215099	1780158215099	1780158215103	1780158215105
robot_3_s1170	1780158215099	1780158215099	1780158215103	1780158215107
robot_5_s3267	1780158215102	1780158215102	1780158215105	1780158215108
robot_1_s7514	1780158215154	1780158215155	1780158215158	1780158215161
robot_4_s3151	1780158215177	1780158215177	1780158215180	1780158215182
robot_2_s415	1780158215199	1780158215200	1780158215203	1780158215206
robot_3_s1170	1780158215199	1780158215200	1780158215205	1780158215208
robot_5_s3267	1780158215202	1780158215203	1780158215208	1780158215211
robot_1_s7514	1780158215254	1780158215255	1780158215257	1780158215260
robot_4_s3151	1780158215277	1780158215279	1780158215284	1780158215286
robot_3_s1170	1780158215299	1780158215299	1780158215304	1780158215307
robot_2_s415	1780158215299	1780158215300	1780158215304	1780158215307
robot_5_s3267	1780158215301	1780158215302	1780158215306	1780158215308
robot_1_s7514	1780158215354	1780158215355	1780158215358	1780158215361
robot_4_s3151	1780158215377	1780158215378	1780158215380	1780158215384
robot_3_s1170	1780158215399	1780158215400	1780158215402	1780158215405
robot_2_s415	1780158215399	1780158215400	1780158215402	1780158215405
robot_5_s3267	1780158215401	1780158215401	1780158215404	1780158215406
robot_1_s7514	1780158215454	1780158215454	1780158215457	1780158215461
robot_4_s3151	1780158215477	1780158215477	1780158215480	1780158215482
robot_3_s1170	1780158215499	1780158215499	1780158215501	1780158215504
robot_2_s415	1780158215499	1780158215499	1780158215501	1780158215504
robot_5_s3267	1780158215501	1780158215502	1780158215505	1780158215507
robot_1_s7514	1780158215554	1780158215554	1780158215557	1780158215559
robot_4_s3151	1780158215577	1780158215577	1780158215579	1780158215581
robot_3_s1170	1780158215599	1780158215599	1780158215602	1780158215605
robot_2_s415	1780158215599	1780158215599	1780158215602	1780158215605
robot_5_s3267	1780158215601	1780158215603	1780158215607	1780158215609
robot_1_s7514	1780158215654	1780158215655	1780158215658	1780158215660
robot_4_s3151	1780158215677	1780158215677	1780158215681	1780158215684
robot_2_s415	1780158215699	1780158215700	1780158215704	1780158215707
robot_5_s3267	1780158215701	1780158215701	1780158215705	1780158215708
robot_3_s1170	1780158215699	1780158215700	1780158215705	1780158215708
robot_1_s7514	1780158215754	1780158215755	1780158215757	1780158215760
robot_4_s3151	1780158215777	1780158215778	1780158215780	1780158215782
robot_3_s1170	1780158215799	1780158215799	1780158215802	1780158215805
robot_2_s415	1780158215799	1780158215799	1780158215803	1780158215807
robot_5_s3267	1780158215801	1780158215802	1780158215806	1780158215808
robot_1_s7514	1780158215854	1780158215854	1780158215857	1780158215860
robot_4_s3151	1780158215877	1780158215877	1780158215879	1780158215882
robot_3_s1170	1780158215899	1780158215899	1780158215903	1780158215906
robot_2_s415	1780158215899	1780158215899	1780158215903	1780158215906
robot_5_s3267	1780158215901	1780158215902	1780158215906	1780158215908
robot_1_s7514	1780158215954	1780158215955	1780158215958	1780158215961
robot_4_s3151	1780158215977	1780158215978	1780158215981	1780158215984
robot_3_s1170	1780158215999	1780158216000	1780158216005	1780158216007
robot_2_s415	1780158215999	1780158216000	1780158216005	1780158216007
robot_5_s3267	1780158216002	1780158216005	1780158216010	1780158216013
robot_1_s7514	1780158216054	1780158216054	1780158216057	1780158216059
robot_4_s3151	1780158216078	1780158216080	1780158216085	1780158216088
robot_5_s3267	1780158216101	1780158216102	1780158216105	1780158216108
robot_3_s1170	1780158216100	1780158216101	1780158216107	1780158216110
robot_2_s415	1780158216100	1780158216103	1780158216108	1780158216112
robot_1_s7514	1780158216154	1780158216155	1780158216158	1780158216161
robot_4_s3151	1780158216177	1780158216177	1780158216180	1780158216182
robot_3_s1170	1780158216199	1780158216199	1780158216201	1780158216204
robot_2_s415	1780158216199	1780158216199	1780158216201	1780158216204
robot_5_s3267	1780158216201	1780158216202	1780158216206	1780158216208
robot_1_s7514	1780158216254	1780158216254	1780158216257	1780158216259
robot_4_s3151	1780158216277	1780158216277	1780158216280	1780158216282
robot_3_s1170	1780158216299	1780158216299	1780158216303	1780158216306
robot_2_s415	1780158216299	1780158216299	1780158216306	1780158216309
robot_5_s3267	1780158216302	1780158216302	1780158216307	1780158216311
robot_1_s7514	1780158216354	1780158216355	1780158216357	1780158216358
robot_4_s3151	1780158216377	1780158216378	1780158216381	1780158216383
robot_3_s1170	1780158216399	1780158216400	1780158216404	1780158216407
robot_2_s415	1780158216399	1780158216400	1780158216405	1780158216408
robot_5_s3267	1780158216402	1780158216403	1780158216409	1780158216411
robot_1_s7514	1780158216454	1780158216454	1780158216457	1780158216459
robot_4_s3151	1780158216478	1780158216485	1780158216493	1780158216500
robot_5_s3267	1780158216503	1780158216504	1780158216510	1780158216515
robot_2_s415	1780158216502	1780158216507	1780158216510	1780158216516
robot_3_s1170	1780158216502	1780158216512	1780158216519	1780158216523
robot_1_s7514	1780158216555	1780158216557	1780158216566	1780158216569
robot_4_s3151	1780158216578	1780158216578	1780158216581	1780158216584
robot_3_s1170	1780158216599	1780158216599	1780158216603	1780158216605
robot_2_s415	1780158216599	1780158216599	1780158216603	1780158216606
robot_5_s3267	1780158216601	1780158216602	1780158216606	1780158216608
robot_1_s7514	1780158216654	1780158216654	1780158216657	1780158216660
robot_4_s3151	1780158216677	1780158216677	1780158216680	1780158216682
robot_2_s415	1780158216699	1780158216699	1780158216702	1780158216706
robot_5_s3267	1780158216701	1780158216702	1780158216704	1780158216707
robot_3_s1170	1780158216699	1780158216699	1780158216702	1780158216707
robot_1_s7514	1780158216754	1780158216754	1780158216756	1780158216758
robot_4_s3151	1780158216777	1780158216777	1780158216779	1780158216781
robot_3_s1170	1780158216799	1780158216800	1780158216804	1780158216806
robot_2_s415	1780158216799	1780158216800	1780158216803	1780158216806
robot_5_s3267	1780158216801	1780158216806	1780158216809	1780158216811
robot_1_s7514	1780158216855	1780158216855	1780158216858	1780158216860
robot_4_s3151	1780158216877	1780158216878	1780158216881	1780158216883
robot_3_s1170	1780158216899	1780158216899	1780158216903	1780158216906
robot_2_s415	1780158216899	1780158216899	1780158216903	1780158216906
robot_5_s3267	1780158216901	1780158216901	1780158216907	1780158216909
robot_1_s7514	1780158216954	1780158216955	1780158216958	1780158216962
robot_4_s3151	1780158216978	1780158216978	1780158216980	1780158216983
robot_2_s415	1780158216999	1780158217000	1780158217002	1780158217005
robot_5_s3267	1780158217001	1780158217001	1780158217004	1780158217007
robot_3_s1170	1780158216999	1780158217000	1780158217003	1780158217007
robot_1_s7514	1780158217054	1780158217054	1780158217057	1780158217060
robot_4_s3151	1780158217077	1780158217078	1780158217080	1780158217082
robot_3_s1170	1780158217099	1780158217100	1780158217102	1780158217105
robot_2_s415	1780158217099	1780158217100	1780158217102	1780158217105
robot_5_s3267	1780158217101	1780158217101	1780158217104	1780158217107
robot_1_s7514	1780158217154	1780158217154	1780158217158	1780158217160
robot_4_s3151	1780158217177	1780158217177	1780158217179	1780158217182
robot_3_s1170	1780158217199	1780158217200	1780158217203	1780158217206
robot_2_s415	1780158217199	1780158217200	1780158217204	1780158217207
robot_5_s3267	1780158217202	1780158217202	1780158217206	1780158217209
robot_1_s7514	1780158217254	1780158217255	1780158217257	1780158217260
robot_4_s3151	1780158217278	1780158217281	1780158217286	1780158217288
robot_5_s3267	1780158217301	1780158217302	1780158217305	1780158217308
robot_3_s1170	1780158217299	1780158217300	1780158217307	1780158217309
robot_2_s415	1780158217299	1780158217301	1780158217307	1780158217309
robot_1_s7514	1780158217354	1780158217355	1780158217359	1780158217361
robot_4_s3151	1780158217377	1780158217378	1780158217380	1780158217383
robot_2_s415	1780158217399	1780158217399	1780158217403	1780158217406
robot_3_s1170	1780158217399	1780158217399	1780158217404	1780158217408
robot_5_s3267	1780158217401	1780158217402	1780158217408	1780158217410
robot_1_s7514	1780158217454	1780158217455	1780158217458	1780158217462
robot_4_s3151	1780158217477	1780158217478	1780158217481	1780158217484
robot_2_s415	1780158217499	1780158217499	1780158217502	1780158217505
robot_5_s3267	1780158217501	1780158217501	1780158217504	1780158217506
robot_3_s1170	1780158217499	1780158217499	1780158217503	1780158217506
robot_1_s7514	1780158217554	1780158217554	1780158217558	1780158217559
robot_4_s3151	1780158217577	1780158217577	1780158217579	1780158217581
robot_2_s415	1780158217599	1780158217600	1780158217603	1780158217606
robot_3_s1170	1780158217599	1780158217600	1780158217604	1780158217608
robot_5_s3267	1780158217601	1780158217604	1780158217608	1780158217610
robot_1_s7514	1780158217654	1780158217654	1780158217657	1780158217658
robot_4_s3151	1780158217677	1780158217678	1780158217682	1780158217685
robot_5_s3267	1780158217701	1780158217701	1780158217704	1780158217706
robot_3_s1170	1780158217699	1780158217700	1780158217703	1780158217706
robot_2_s415	1780158217699	1780158217700	1780158217703	1780158217706
robot_1_s7514	1780158217754	1780158217754	1780158217757	1780158217759
robot_4_s3151	1780158217777	1780158217778	1780158217780	1780158217783
robot_3_s1170	1780158217799	1780158217799	1780158217802	1780158217805
robot_2_s415	1780158217799	1780158217799	1780158217803	1780158217806
robot_5_s3267	1780158217801	1780158217801	1780158217807	1780158217809
robot_1_s7514	1780158217854	1780158217854	1780158217857	1780158217859
robot_4_s3151	1780158217877	1780158217877	1780158217879	1780158217882
robot_3_s1170	1780158217899	1780158217899	1780158217902	1780158217904
robot_2_s415	1780158217899	1780158217899	1780158217902	1780158217904
robot_5_s3267	1780158217901	1780158217903	1780158217905	1780158217907
robot_1_s7514	1780158217954	1780158217954	1780158217957	1780158217959
robot_4_s3151	1780158217977	1780158217977	1780158217979	1780158217982
robot_3_s1170	1780158218000	1780158218000	1780158218005	1780158218008
robot_2_s415	1780158218000	1780158218000	1780158218005	1780158218008
robot_5_s3267	1780158218002	1780158218006	1780158218011	1780158218014
robot_1_s7514	1780158218054	1780158218054	1780158218058	1780158218060
robot_4_s3151	1780158218077	1780158218078	1780158218085	1780158218088
robot_5_s3267	1780158218102	1780158218102	1780158218106	1780158218108
robot_3_s1170	1780158218100	1780158218103	1780158218108	1780158218110
robot_2_s415	1780158218100	1780158218104	1780158218108	1780158218111
robot_1_s7514	1780158218154	1780158218155	1780158218161	1780158218164
robot_4_s3151	1780158218177	1780158218178	1780158218181	1780158218184
robot_3_s1170	1780158218199	1780158218199	1780158218202	1780158218205
robot_2_s415	1780158218199	1780158218199	1780158218203	1780158218207
robot_5_s3267	1780158218201	1780158218202	1780158218207	1780158218210
robot_1_s7514	1780158218254	1780158218254	1780158218257	1780158218259
robot_4_s3151	1780158218277	1780158218277	1780158218280	1780158218283
robot_2_s415	1780158218299	1780158218299	1780158218302	1780158218305
robot_3_s1170	1780158218299	1780158218299	1780158218303	1780158218307
robot_5_s3267	1780158218301	1780158218302	1780158218305	1780158218308
robot_1_s7514	1780158218354	1780158218355	1780158218358	1780158218360
robot_4_s3151	1780158218377	1780158218377	1780158218379	1780158218382
robot_3_s1170	1780158218400	1780158218400	1780158218404	1780158218407
robot_2_s415	1780158218400	1780158218400	1780158218404	1780158218408
robot_5_s3267	1780158218402	1780158218403	1780158218409	1780158218412
robot_1_s7514	1780158218454	1780158218454	1780158218457	1780158218459
robot_4_s3151	1780158218477	1780158218477	1780158218481	1780158218483
robot_5_s3267	1780158218501	1780158218502	1780158218505	1780158218507
robot_3_s1170	1780158218499	1780158218500	1780158218505	1780158218507
robot_2_s415	1780158218499	1780158218500	1780158218504	1780158218507
robot_1_s7514	1780158218554	1780158218554	1780158218558	1780158218560
robot_4_s3151	1780158218577	1780158218578	1780158218581	1780158218583
robot_3_s1170	1780158218599	1780158218600	1780158218602	1780158218605
robot_2_s415	1780158218599	1780158218600	1780158218603	1780158218605
robot_5_s3267	1780158218601	1780158218602	1780158218605	1780158218607
robot_1_s7514	1780158218654	1780158218655	1780158218658	1780158218661
robot_4_s3151	1780158218677	1780158218678	1780158218680	1780158218681
robot_3_s1170	1780158218699	1780158218699	1780158218702	1780158218705
robot_2_s415	1780158218699	1780158218699	1780158218702	1780158218705
robot_5_s3267	1780158218701	1780158218702	1780158218706	1780158218709
robot_1_s7514	1780158218754	1780158218754	1780158218757	1780158218759
robot_4_s3151	1780158218777	1780158218777	1780158218779	1780158218782
robot_3_s1170	1780158218800	1780158218800	1780158218803	1780158218806
robot_2_s415	1780158218800	1780158218800	1780158218804	1780158218808
robot_5_s3267	1780158218801	1780158218802	1780158218807	1780158218809
robot_1_s7514	1780158218854	1780158218854	1780158218857	1780158218859
robot_4_s3151	1780158218877	1780158218879	1780158218884	1780158218886
robot_3_s1170	1780158218900	1780158218900	1780158218905	1780158218908
robot_2_s415	1780158218900	1780158218900	1780158218905	1780158218908
robot_5_s3267	1780158218902	1780158218902	1780158218907	1780158218909
robot_1_s7514	1780158218954	1780158218954	1780158218958	1780158218960
robot_4_s3151	1780158218977	1780158218978	1780158218980	1780158218983
robot_3_s1170	1780158218999	1780158219000	1780158219002	1780158219005
robot_2_s415	1780158218999	1780158219000	1780158219003	1780158219006
robot_5_s3267	1780158219001	1780158219001	1780158219004	1780158219008
robot_1_s7514	1780158219054	1780158219054	1780158219057	1780158219060
robot_4_s3151	1780158219077	1780158219078	1780158219080	1780158219083
robot_3_s1170	1780158219099	1780158219100	1780158219102	1780158219105
robot_2_s415	1780158219099	1780158219100	1780158219102	1780158219105
robot_5_s3267	1780158219101	1780158219102	1780158219106	1780158219108
robot_1_s7514	1780158219154	1780158219155	1780158219157	1780158219159
robot_4_s3151	1780158219177	1780158219177	1780158219179	1780158219181
robot_2_s415	1780158219199	1780158219199	1780158219203	1780158219205
robot_3_s1170	1780158219199	1780158219199	1780158219203	1780158219207
robot_5_s3267	1780158219201	1780158219202	1780158219206	1780158219208
robot_1_s7514	1780158219254	1780158219254	1780158219257	1780158219259
robot_4_s3151	1780158219277	1780158219282	1780158219286	1780158219288
robot_5_s3267	1780158219301	1780158219302	1780158219305	1780158219309
robot_3_s1170	1780158219300	1780158219300	1780158219305	1780158219309
robot_2_s415	1780158219300	1780158219301	1780158219307	1780158219310
robot_1_s7514	1780158219355	1780158219355	1780158219360	1780158219364
robot_4_s3151	1780158219378	1780158219379	1780158219386	1780158219389
robot_3_s1170	1780158219399	1780158219399	1780158219403	1780158219405
robot_2_s415	1780158219399	1780158219399	1780158219403	1780158219405
robot_5_s3267	1780158219401	1780158219402	1780158219405	1780158219407
robot_1_s7514	1780158219454	1780158219455	1780158219459	1780158219462
robot_4_s3151	1780158219477	1780158219478	1780158219480	1780158219482
robot_3_s1170	1780158219499	1780158219500	1780158219504	1780158219507
robot_2_s415	1780158219499	1780158219500	1780158219504	1780158219507
robot_5_s3267	1780158219501	1780158219502	1780158219508	1780158219510
robot_1_s7514	1780158219554	1780158219554	1780158219557	1780158219559
robot_4_s3151	1780158219577	1780158219577	1780158219580	1780158219582
robot_3_s1170	1780158219599	1780158219600	1780158219602	1780158219604
robot_2_s415	1780158219599	1780158219600	1780158219602	1780158219604
robot_5_s3267	1780158219601	1780158219602	1780158219605	1780158219606
robot_1_s7514	1780158219654	1780158219654	1780158219658	1780158219660
robot_4_s3151	1780158219677	1780158219678	1780158219682	1780158219684
robot_3_s1170	1780158219699	1780158219699	1780158219702	1780158219704
robot_2_s415	1780158219699	1780158219699	1780158219702	1780158219705
robot_5_s3267	1780158219701	1780158219701	1780158219704	1780158219706
robot_1_s7514	1780158219754	1780158219754	1780158219757	1780158219759
robot_4_s3151	1780158219778	1780158219778	1780158219781	1780158219784
robot_3_s1170	1780158219799	1780158219799	1780158219802	1780158219804
robot_2_s415	1780158219799	1780158219799	1780158219804	1780158219806
robot_5_s3267	1780158219802	1780158219802	1780158219805	1780158219807
robot_1_s7514	1780158219854	1780158219854	1780158219857	1780158219859
robot_4_s3151	1780158219877	1780158219878	1780158219880	1780158219882
robot_3_s1170	1780158219899	1780158219899	1780158219901	1780158219903
robot_2_s415	1780158219899	1780158219899	1780158219902	1780158219905
robot_5_s3267	1780158219902	1780158219902	1780158219905	1780158219907
robot_1_s7514	1780158219954	1780158219955	1780158219957	1780158219959
robot_4_s3151	1780158219978	1780158219978	1780158219981	1780158219983
robot_3_s1170	1780158220000	1780158220000	1780158220003	1780158220005
robot_2_s415	1780158220000	1780158220000	1780158220003	1780158220006
robot_5_s3267	1780158220001	1780158220002	1780158220006	1780158220008
robot_1_s7514	1780158220054	1780158220055	1780158220057	1780158220058
robot_4_s3151	1780158220077	1780158220078	1780158220080	1780158220083
robot_3_s1170	1780158220099	1780158220099	1780158220101	1780158220104
robot_5_s3267	1780158220101	1780158220102	1780158220105	1780158220107
robot_2_s415	1780158220099	1780158220099	1780158220105	1780158220108
robot_1_s7514	1780158220154	1780158220155	1780158220158	1780158220160
robot_4_s3151	1780158220177	1780158220178	1780158220180	1780158220183
robot_3_s1170	1780158220199	1780158220199	1780158220202	1780158220204
robot_2_s415	1780158220199	1780158220199	1780158220202	1780158220205
robot_5_s3267	1780158220201	1780158220202	1780158220205	1780158220207
robot_1_s7514	1780158220254	1780158220255	1780158220258	1780158220261
robot_4_s3151	1780158220277	1780158220278	1780158220281	1780158220284
robot_3_s1170	1780158220299	1780158220299	1780158220302	1780158220305
robot_2_s415	1780158220299	1780158220299	1780158220302	1780158220305
robot_5_s3267	1780158220301	1780158220302	1780158220305	1780158220307
robot_1_s7514	1780158220354	1780158220355	1780158220358	1780158220360
robot_4_s3151	1780158220377	1780158220378	1780158220380	1780158220382
robot_3_s1170	1780158220399	1780158220399	1780158220402	1780158220404
robot_2_s415	1780158220399	1780158220399	1780158220403	1780158220406
robot_5_s3267	1780158220401	1780158220402	1780158220406	1780158220408
robot_1_s7514	1780158220454	1780158220455	1780158220457	1780158220459
robot_4_s3151	1780158220477	1780158220478	1780158220481	1780158220483
robot_3_s1170	1780158220500	1780158220501	1780158220503	1780158220506
robot_2_s415	1780158220500	1780158220501	1780158220503	1780158220506
robot_5_s3267	1780158220501	1780158220501	1780158220505	1780158220507
robot_1_s7514	1780158220554	1780158220554	1780158220557	1780158220560
robot_4_s3151	1780158220577	1780158220578	1780158220580	1780158220582
robot_3_s1170	1780158220599	1780158220599	1780158220602	1780158220604
robot_2_s415	1780158220599	1780158220599	1780158220601	1780158220604
robot_5_s3267	1780158220601	1780158220602	1780158220605	1780158220607
robot_1_s7514	1780158220654	1780158220655	1780158220659	1780158220661
robot_4_s3151	1780158220677	1780158220678	1780158220679	1780158220682
robot_3_s1170	1780158220699	1780158220699	1780158220702	1780158220705
robot_2_s415	1780158220699	1780158220699	1780158220702	1780158220705
robot_5_s3267	1780158220701	1780158220702	1780158220705	1780158220707
robot_1_s7514	1780158220754	1780158220754	1780158220757	1780158220760
robot_4_s3151	1780158220777	1780158220777	1780158220779	1780158220782
robot_3_s1170	1780158220799	1780158220799	1780158220802	1780158220804
robot_2_s415	1780158220799	1780158220799	1780158220802	1780158220804
robot_5_s3267	1780158220801	1780158220802	1780158220806	1780158220807
robot_1_s7514	1780158220854	1780158220855	1780158220857	1780158220859
robot_4_s3151	1780158220877	1780158220878	1780158220882	1780158220884
robot_3_s1170	1780158220899	1780158220899	1780158220902	1780158220905
robot_2_s415	1780158220899	1780158220899	1780158220902	1780158220905
robot_5_s3267	1780158220901	1780158220901	1780158220903	1780158220906
robot_1_s7514	1780158220954	1780158220955	1780158220957	1780158220959
robot_4_s3151	1780158220977	1780158220977	1780158220980	1780158220982
robot_3_s1170	1780158220999	1780158220999	1780158221002	1780158221004
robot_2_s415	1780158220999	1780158220999	1780158221002	1780158221004
robot_5_s3267	1780158221001	1780158221001	1780158221005	1780158221006
robot_1_s7514	1780158221054	1780158221054	1780158221058	1780158221059
robot_4_s3151	1780158221077	1780158221077	1780158221079	1780158221081
robot_3_s1170	1780158221099	1780158221099	1780158221101	1780158221104
robot_2_s415	1780158221099	1780158221099	1780158221102	1780158221106
robot_5_s3267	1780158221101	1780158221102	1780158221105	1780158221107
robot_1_s7514	1780158221154	1780158221154	1780158221157	1780158221159
robot_4_s3151	1780158221177	1780158221177	1780158221179	1780158221181
robot_3_s1170	1780158221200	1780158221200	1780158221204	1780158221206
robot_2_s415	1780158221200	1780158221200	1780158221204	1780158221206
robot_5_s3267	1780158221201	1780158221203	1780158221207	1780158221209
robot_1_s7514	1780158221254	1780158221254	1780158221256	1780158221258
robot_4_s3151	1780158221277	1780158221278	1780158221281	1780158221283
robot_5_s3267	1780158221301	1780158221302	1780158221304	1780158221306
robot_2_s415	1780158221299	1780158221300	1780158221304	1780158221306
robot_3_s1170	1780158221299	1780158221300	1780158221305	1780158221307
robot_1_s7514	1780158221354	1780158221355	1780158221359	1780158221362
robot_4_s3151	1780158221377	1780158221378	1780158221380	1780158221383
robot_3_s1170	1780158221399	1780158221400	1780158221403	1780158221405
robot_2_s415	1780158221399	1780158221400	1780158221403	1780158221405
robot_5_s3267	1780158221401	1780158221402	1780158221405	1780158221461
robot_1_s7514	1780158221454	1780158221455	1780158221462	1780158221464
robot_4_s3151	1780158221477	1780158221478	1780158221479	1780158221481
robot_3_s1170	1780158221499	1780158221499	1780158221501	1780158221503
robot_2_s415	1780158221499	1780158221499	1780158221501	1780158221504
robot_5_s3267	1780158221501	1780158221501	1780158221504	1780158221506
robot_1_s7514	1780158221555	1780158221555	1780158221558	1780158221559
robot_4_s3151	1780158221577	1780158221577	1780158221579	1780158221581
robot_3_s1170	1780158221599	1780158221600	1780158221603	1780158221606
robot_2_s415	1780158221599	1780158221600	1780158221606	1780158221608
robot_5_s3267	1780158221601	1780158221602	1780158221606	1780158221609
robot_1_s7514	1780158221654	1780158221655	1780158221657	1780158221659
robot_4_s3151	1780158221677	1780158221678	1780158221680	1780158221683
robot_2_s415	1780158221699	1780158221699	1780158221703	1780158221705
robot_5_s3267	1780158221701	1780158221701	1780158221704	1780158221706
robot_3_s1170	1780158221699	1780158221699	1780158221705	1780158221707
robot_1_s7514	1780158221754	1780158221754	1780158221757	1780158221759
robot_4_s3151	1780158221777	1780158221778	1780158221780	1780158221781
robot_2_s415	1780158221799	1780158221799	1780158221801	1780158221804
robot_3_s1170	1780158221799	1780158221799	1780158221802	1780158221805
robot_5_s3267	1780158221801	1780158221801	1780158221804	1780158221806
robot_1_s7514	1780158221854	1780158221854	1780158221857	1780158221859
robot_4_s3151	1780158221877	1780158221878	1780158221880	1780158221882
robot_3_s1170	1780158221899	1780158221899	1780158221902	1780158221904
robot_2_s415	1780158221899	1780158221899	1780158221902	1780158221904
robot_5_s3267	1780158221901	1780158221902	1780158221905	1780158221907
robot_1_s7514	1780158221954	1780158221955	1780158221957	1780158221959
robot_4_s3151	1780158221977	1780158221977	1780158221979	1780158221981
robot_3_s1170	1780158221999	1780158222000	1780158222002	1780158222005
robot_2_s415	1780158221999	1780158222000	1780158222003	1780158222007
robot_5_s3267	1780158222001	1780158222002	1780158222006	1780158222008
robot_1_s7514	1780158222055	1780158222055	1780158222058	1780158222059
robot_4_s3151	1780158222077	1780158222078	1780158222080	1780158222083
robot_3_s1170	1780158222099	1780158222100	1780158222103	1780158222106
robot_2_s415	1780158222100	1780158222100	1780158222105	1780158222108
robot_5_s3267	1780158222102	1780158222102	1780158222106	1780158222109
robot_1_s7514	1780158222154	1780158222154	1780158222157	1780158222159
robot_4_s3151	1780158222177	1780158222178	1780158222180	1780158222182
robot_3_s1170	1780158222199	1780158222199	1780158222201	1780158222203
robot_2_s415	1780158222199	1780158222199	1780158222201	1780158222204
robot_5_s3267	1780158222201	1780158222201	1780158222205	1780158222206
robot_1_s7514	1780158222254	1780158222254	1780158222258	1780158222260
robot_4_s3151	1780158222277	1780158222278	1780158222279	1780158222281
robot_3_s1170	1780158222299	1780158222300	1780158222302	1780158222305
robot_2_s415	1780158222299	1780158222300	1780158222302	1780158222305
robot_5_s3267	1780158222301	1780158222302	1780158222304	1780158222307
robot_1_s7514	1780158222354	1780158222354	1780158222357	1780158222359
robot_4_s3151	1780158222377	1780158222377	1780158222379	1780158222382
robot_3_s1170	1780158222400	1780158222400	1780158222404	1780158222407
robot_2_s415	1780158222400	1780158222400	1780158222404	1780158222407
robot_5_s3267	1780158222402	1780158222404	1780158222409	1780158222411
robot_1_s7514	1780158222454	1780158222454	1780158222456	1780158222458
robot_4_s3151	1780158222477	1780158222478	1780158222480	1780158222482
robot_3_s1170	1780158222499	1780158222500	1780158222502	1780158222505
robot_2_s415	1780158222499	1780158222500	1780158222503	1780158222507
robot_5_s3267	1780158222501	1780158222502	1780158222506	1780158222508
robot_1_s7514	1780158222554	1780158222555	1780158222558	1780158222560
robot_4_s3151	1780158222577	1780158222578	1780158222580	1780158222581
robot_3_s1170	1780158222599	1780158222599	1780158222602	1780158222604
robot_2_s415	1780158222599	1780158222599	1780158222602	1780158222604
robot_5_s3267	1780158222601	1780158222601	1780158222604	1780158222606
robot_1_s7514	1780158222654	1780158222654	1780158222657	1780158222659
robot_4_s3151	1780158222677	1780158222677	1780158222679	1780158222681
robot_3_s1170	1780158222699	1780158222699	1780158222701	1780158222704
robot_2_s415	1780158222699	1780158222699	1780158222701	1780158222704
robot_5_s3267	1780158222701	1780158222702	1780158222704	1780158222706
robot_1_s7514	1780158222754	1780158222754	1780158222757	1780158222759
robot_4_s3151	1780158222777	1780158222778	1780158222779	1780158222781
robot_3_s1170	1780158222799	1780158222799	1780158222803	1780158222805
robot_2_s415	1780158222799	1780158222799	1780158222803	1780158222805
robot_5_s3267	1780158222801	1780158222802	1780158222818	1780158222820
robot_1_s7514	1780158222855	1780158222856	1780158222858	1780158222860
robot_4_s3151	1780158222877	1780158222878	1780158222881	1780158222884
robot_3_s1170	1780158222899	1780158222899	1780158222902	1780158222904
robot_2_s415	1780158222899	1780158222899	1780158222902	1780158222905
robot_5_s3267	1780158222901	1780158222901	1780158222904	1780158222907
robot_1_s7514	1780158222954	1780158222954	1780158222957	1780158222959
robot_4_s3151	1780158222977	1780158222978	1780158222980	1780158222982
robot_3_s1170	1780158222999	1780158222999	1780158223002	1780158223005
robot_2_s415	1780158222999	1780158222999	1780158223002	1780158223005
robot_5_s3267	1780158223001	1780158223001	1780158223005	1780158223007
robot_1_s7514	1780158223054	1780158223054	1780158223057	1780158223059
robot_4_s3151	1780158223077	1780158223077	1780158223079	1780158223081
robot_3_s1170	1780158223099	1780158223099	1780158223102	1780158223104
robot_2_s415	1780158223099	1780158223099	1780158223102	1780158223104
robot_5_s3267	1780158223101	1780158223101	1780158223104	1780158223105
robot_1_s7514	1780158223154	1780158223155	1780158223157	1780158223158
robot_4_s3151	1780158223177	1780158223177	1780158223180	1780158223181
robot_3_s1170	1780158223200	1780158223200	1780158223203	1780158223206
robot_2_s415	1780158223200	1780158223200	1780158223203	1780158223206
robot_5_s3267	1780158223201	1780158223202	1780158223205	1780158223207
robot_1_s7514	1780158223254	1780158223255	1780158223258	1780158223259
robot_4_s3151	1780158223277	1780158223278	1780158223281	1780158223283
robot_5_s3267	1780158223301	1780158223302	1780158223305	1780158223307
robot_3_s1170	1780158223299	1780158223302	1780158223306	1780158223308
robot_2_s415	1780158223299	1780158223302	1780158223307	1780158223309
robot_1_s7514	1780158223354	1780158223354	1780158223357	1780158223359
robot_4_s3151	1780158223377	1780158223378	1780158223380	1780158223382
robot_3_s1170	1780158223399	1780158223399	1780158223402	1780158223404
robot_2_s415	1780158223399	1780158223399	1780158223402	1780158223404
robot_5_s3267	1780158223401	1780158223401	1780158223405	1780158223407
robot_1_s7514	1780158223454	1780158223454	1780158223457	1780158223459
robot_4_s3151	1780158223477	1780158223477	1780158223479	1780158223481
robot_3_s1170	1780158223499	1780158223499	1780158223502	1780158223504
robot_2_s415	1780158223499	1780158223499	1780158223502	1780158223506
robot_5_s3267	1780158223501	1780158223502	1780158223504	1780158223507
robot_1_s7514	1780158223554	1780158223555	1780158223557	1780158223559
robot_4_s3151	1780158223577	1780158223577	1780158223579	1780158223581
robot_3_s1170	1780158223599	1780158223600	1780158223602	1780158223604
robot_2_s415	1780158223599	1780158223599	1780158223602	1780158223604
robot_5_s3267	1780158223601	1780158223602	1780158223605	1780158223607
robot_1_s7514	1780158223654	1780158223654	1780158223657	1780158223659
robot_4_s3151	1780158223677	1780158223678	1780158223680	1780158223683
robot_3_s1170	1780158223699	1780158223699	1780158223703	1780158223706
robot_2_s415	1780158223699	1780158223700	1780158223704	1780158223706
robot_5_s3267	1780158223701	1780158223702	1780158223705	1780158223707
robot_1_s7514	1780158223754	1780158223754	1780158223756	1780158223759
robot_4_s3151	1780158223778	1780158223778	1780158223780	1780158223782
robot_2_s415	1780158223799	1780158223799	1780158223801	1780158223804
robot_3_s1170	1780158223799	1780158223799	1780158223801	1780158223805
robot_5_s3267	1780158223801	1780158223802	1780158223804	1780158223806
robot_1_s7514	1780158223854	1780158223854	1780158223857	1780158223859
robot_4_s3151	1780158223877	1780158223878	1780158223879	1780158223881
robot_3_s1170	1780158223899	1780158223899	1780158223902	1780158223904
robot_2_s415	1780158223899	1780158223899	1780158223903	1780158223906
robot_5_s3267	1780158223901	1780158223902	1780158223905	1780158223907
robot_1_s7514	1780158223954	1780158223954	1780158223956	1780158223958
robot_4_s3151	1780158223977	1780158223977	1780158223980	1780158223982
robot_3_s1170	1780158223999	1780158224000	1780158224003	1780158224006
robot_2_s415	1780158223999	1780158224000	1780158224003	1780158224006
robot_5_s3267	1780158224002	1780158224002	1780158224007	1780158224008
robot_1_s7514	1780158224054	1780158224054	1780158224057	1780158224058
robot_4_s3151	1780158224077	1780158224078	1780158224080	1780158224082
robot_2_s415	1780158224099	1780158224099	1780158224103	1780158224105
robot_3_s1170	1780158224099	1780158224099	1780158224103	1780158224107
robot_5_s3267	1780158224101	1780158224101	1780158224105	1780158224107
robot_1_s7514	1780158224154	1780158224154	1780158224157	1780158224160
robot_4_s3151	1780158224178	1780158224179	1780158224182	1780158224185
robot_5_s3267	1780158224203	1780158224204	1780158224214	1780158224217
robot_3_s1170	1780158224200	1780158224200	1780158224214	1780158224219
robot_2_s415	1780158224206	1780158224206	1780158224215	1780158224219
robot_1_s7514	1780158224254	1780158224255	1780158224259	1780158224262
robot_4_s3151	1780158224278	1780158224278	1780158224281	1780158224284
robot_5_s3267	1780158224302	1780158224303	1780158224306	1780158224309
robot_3_s1170	1780158224300	1780158224300	1780158224304	1780158224309
robot_2_s415	1780158224300	1780158224300	1780158224305	1780158224311
robot_1_s7514	1780158224354	1780158224354	1780158224357	1780158224360
robot_4_s3151	1780158224378	1780158224378	1780158224381	1780158224384
robot_2_s415	1780158224400	1780158224401	1780158224405	1780158224409
robot_3_s1170	1780158224400	1780158224402	1780158224409	1780158224416
robot_5_s3267	1780158224402	1780158224412	1780158224420	1780158224424
robot_1_s7514	1780158224455	1780158224456	1780158224464	1780158224468
robot_4_s3151	1780158224478	1780158224493	1780158224499	1780158224505
robot_5_s3267	1780158224506	1780158224507	1780158224515	1780158224518
robot_3_s1170	1780158224501	1780158224512	1780158224519	1780158224524
robot_2_s415	1780158224501	1780158224515	1780158224524	1780158224528
robot_1_s7514	1780158224554	1780158224555	1780158224560	1780158224562
robot_4_s3151	1780158224578	1780158224578	1780158224581	1780158224584
robot_3_s1170	1780158224599	1780158224599	1780158224602	1780158224604
robot_2_s415	1780158224599	1780158224599	1780158224602	1780158224604
robot_5_s3267	1780158224602	1780158224602	1780158224605	1780158224607
robot_1_s7514	1780158224654	1780158224654	1780158224656	1780158224658
robot_4_s3151	1780158224677	1780158224677	1780158224679	1780158224681
robot_2_s415	1780158224699	1780158224699	1780158224701	1780158224704
robot_3_s1170	1780158224699	1780158224699	1780158224703	1780158224706
robot_5_s3267	1780158224701	1780158224702	1780158224704	1780158224707
robot_1_s7514	1780158224754	1780158224755	1780158224757	1780158224759
robot_4_s3151	1780158224777	1780158224777	1780158224779	1780158224781
robot_3_s1170	1780158224799	1780158224800	1780158224802	1780158224804
robot_2_s415	1780158224799	1780158224800	1780158224802	1780158224804
robot_5_s3267	1780158224802	1780158224803	1780158224805	1780158224806
robot_1_s7514	1780158224854	1780158224854	1780158224856	1780158224858
robot_4_s3151	1780158224877	1780158224878	1780158224880	1780158224883
robot_3_s1170	1780158224900	1780158224900	1780158224905	1780158224907
robot_2_s415	1780158224900	1780158224901	1780158224907	1780158224909
robot_5_s3267	1780158224902	1780158224902	1780158224908	1780158224910
robot_1_s7514	1780158224954	1780158224954	1780158224957	1780158224959
robot_4_s3151	1780158224977	1780158224978	1780158224980	1780158224982
robot_3_s1170	1780158224999	1780158224999	1780158225001	1780158225004
robot_2_s415	1780158224999	1780158224999	1780158225002	1780158225005
robot_5_s3267	1780158225001	1780158225002	1780158225004	1780158225007
robot_1_s7514	1780158225054	1780158225055	1780158225058	1780158225060
robot_4_s3151	1780158225077	1780158225077	1780158225079	1780158225080
robot_3_s1170	1780158225099	1780158225100	1780158225102	1780158225105
robot_5_s3267	1780158225101	1780158225101	1780158225104	1780158225106
robot_2_s415	1780158225099	1780158225100	1780158225103	1780158225106
robot_1_s7514	1780158225154	1780158225154	1780158225156	1780158225158
robot_4_s3151	1780158225177	1780158225177	1780158225179	1780158225181
robot_3_s1170	1780158225199	1780158225199	1780158225202	1780158225204
robot_2_s415	1780158225199	1780158225199	1780158225202	1780158225205
robot_5_s3267	1780158225201	1780158225201	1780158225205	1780158225207
robot_1_s7514	1780158225254	1780158225254	1780158225256	1780158225258
robot_4_s3151	1780158225277	1780158225278	1780158225281	1780158225284
robot_3_s1170	1780158225300	1780158225300	1780158225304	1780158225307
robot_5_s3267	1780158225301	1780158225302	1780158225305	1780158225308
robot_2_s415	1780158225300	1780158225300	1780158225305	1780158225308
robot_1_s7514	1780158225355	1780158225360	1780158225369	1780158225372
robot_4_s3151	1780158225377	1780158225378	1780158225381	1780158225385
robot_3_s1170	1780158225399	1780158225399	1780158225402	1780158225405
robot_2_s415	1780158225399	1780158225399	1780158225403	1780158225407
robot_5_s3267	1780158225402	1780158225403	1780158225407	1780158225410
robot_1_s7514	1780158225454	1780158225454	1780158225458	1780158225461
robot_4_s3151	1780158225477	1780158225478	1780158225481	1780158225483
robot_3_s1170	1780158225499	1780158225500	1780158225502	1780158225505
robot_2_s415	1780158225499	1780158225500	1780158225503	1780158225510
robot_5_s3267	1780158225501	1780158225503	1780158225515	1780158225521
robot_1_s7514	1780158225554	1780158225554	1780158225557	1780158225560
robot_4_s3151	1780158225577	1780158225577	1780158225580	1780158225583
robot_3_s1170	1780158225600	1780158225600	1780158225605	1780158225608
robot_2_s415	1780158225600	1780158225600	1780158225605	1780158225608
robot_5_s3267	1780158225602	1780158225605	1780158225610	1780158225612
robot_1_s7514	1780158225654	1780158225654	1780158225657	1780158225660
robot_4_s3151	1780158225677	1780158225679	1780158225685	1780158225687
robot_5_s3267	1780158225702	1780158225702	1780158225706	1780158225708
robot_3_s1170	1780158225700	1780158225700	1780158225706	1780158225708
robot_2_s415	1780158225700	1780158225700	1780158225705	1780158225708
robot_1_s7514	1780158225755	1780158225755	1780158225760	1780158225762
robot_4_s3151	1780158225777	1780158225778	1780158225780	1780158225783
robot_3_s1170	1780158225799	1780158225800	1780158225802	1780158225807
robot_5_s3267	1780158225801	1780158225802	1780158225806	1780158225809
robot_2_s415	1780158225799	1780158225800	1780158225804	1780158225809
robot_1_s7514	1780158225854	1780158225855	1780158225857	1780158225860
robot_4_s3151	1780158225877	1780158225878	1780158225880	1780158225883
robot_2_s415	1780158225899	1780158225899	1780158225903	1780158225905
robot_3_s1170	1780158225899	1780158225899	1780158225903	1780158225908
robot_5_s3267	1780158225901	1780158225902	1780158225908	1780158225910
robot_1_s7514	1780158225954	1780158225955	1780158225958	1780158225960
robot_4_s3151	1780158225977	1780158225978	1780158225980	1780158225983
robot_3_s1170	1780158226000	1780158226001	1780158226005	1780158226012
robot_2_s415	1780158226000	1780158226001	1780158226011	1780158226015
robot_5_s3267	1780158226002	1780158226011	1780158226018	1780158226023
robot_1_s7514	1780158226054	1780158226054	1780158226057	1780158226059
robot_4_s3151	1780158226078	1780158226080	1780158226085	1780158226087
robot_5_s3267	1780158226101	1780158226102	1780158226105	1780158226110
robot_3_s1170	1780158226099	1780158226101	1780158226107	1780158226112
robot_2_s415	1780158226099	1780158226102	1780158226107	1780158226112
robot_1_s7514	1780158226154	1780158226156	1780158226161	1780158226165
robot_4_s3151	1780158226178	1780158226178	1780158226181	1780158226186
robot_3_s1170	1780158226199	1780158226199	1780158226202	1780158226205
robot_2_s415	1780158226199	1780158226199	1780158226202	1780158226205
robot_5_s3267	1780158226201	1780158226202	1780158226205	1780158226209
robot_1_s7514	1780158226254	1780158226255	1780158226258	1780158226261
robot_4_s3151	1780158226277	1780158226278	1780158226280	1780158226282
robot_3_s1170	1780158226300	1780158226300	1780158226305	1780158226308
robot_2_s415	1780158226300	1780158226300	1780158226304	1780158226308
robot_5_s3267	1780158226302	1780158226303	1780158226306	1780158226309
robot_1_s7514	1780158226354	1780158226355	1780158226357	1780158226359
robot_4_s3151	1780158226377	1780158226378	1780158226381	1780158226385
robot_3_s1170	1780158226400	1780158226400	1780158226407	1780158226413
robot_2_s415	1780158226400	1780158226400	1780158226410	1780158226415
robot_5_s3267	1780158226402	1780158226407	1780158226415	1780158226423
robot_1_s7514	1780158226455	1780158226455	1780158226459	1780158226462
robot_4_s3151	1780158226479	1780158226483	1780158226489	1780158226492
robot_5_s3267	1780158226502	1780158226502	1780158226506	1780158226509
robot_2_s415	1780158226501	1780158226504	1780158226508	1780158226510
robot_3_s1170	1780158226501	1780158226504	1780158226510	1780158226513
robot_1_s7514	1780158226555	1780158226557	1780158226567	1780158226572
robot_4_s3151	1780158226578	1780158226579	1780158226582	1780158226594
robot_2_s415	1780158226600	1780158226601	1780158226605	1780158226609
robot_5_s3267	1780158226602	1780158226602	1780158226608	1780158226611
robot_3_s1170	1780158226601	1780158226601	1780158226606	1780158226612
robot_1_s7514	1780158226655	1780158226656	1780158226659	1780158226663
robot_4_s3151	1780158226678	1780158226678	1780158226681	1780158226684
robot_3_s1170	1780158226699	1780158226700	1780158226703	1780158226706
robot_2_s415	1780158226699	1780158226700	1780158226703	1780158226706
robot_5_s3267	1780158226702	1780158226702	1780158226706	1780158226708
robot_1_s7514	1780158226754	1780158226754	1780158226757	1780158226759
robot_4_s3151	1780158226777	1780158226778	1780158226779	1780158226781
robot_3_s1170	1780158226799	1780158226799	1780158226802	1780158226804
robot_2_s415	1780158226799	1780158226799	1780158226802	1780158226804
robot_5_s3267	1780158226801	1780158226802	1780158226805	1780158226807
robot_1_s7514	1780158226854	1780158226855	1780158226857	1780158226858
robot_4_s3151	1780158226877	1780158226878	1780158226880	1780158226882
robot_3_s1170	1780158226899	1780158226899	1780158226901	1780158226904
robot_2_s415	1780158226899	1780158226899	1780158226902	1780158226904
robot_5_s3267	1780158226901	1780158226902	1780158226906	1780158226907
robot_1_s7514	1780158226954	1780158226955	1780158226957	1780158226959
robot_4_s3151	1780158226977	1780158226978	1780158226980	1780158226982
robot_3_s1170	1780158226999	1780158227000	1780158227002	1780158227005
robot_2_s415	1780158226999	1780158227000	1780158227003	1780158227006
robot_5_s3267	1780158227001	1780158227002	1780158227004	1780158227008
robot_1_s7514	1780158227054	1780158227054	1780158227057	1780158227059
robot_4_s3151	1780158227077	1780158227078	1780158227080	1780158227081
robot_3_s1170	1780158227099	1780158227099	1780158227101	1780158227103
robot_2_s415	1780158227099	1780158227099	1780158227101	1780158227103
robot_5_s3267	1780158227101	1780158227101	1780158227104	1780158227106
robot_1_s7514	1780158227154	1780158227155	1780158227157	1780158227159
robot_4_s3151	1780158227177	1780158227178	1780158227179	1780158227181
robot_3_s1170	1780158227199	1780158227199	1780158227202	1780158227204
robot_2_s415	1780158227199	1780158227199	1780158227202	1780158227205
robot_5_s3267	1780158227201	1780158227202	1780158227205	1780158227207
robot_1_s7514	1780158227255	1780158227255	1780158227258	1780158227259
robot_4_s3151	1780158227277	1780158227278	1780158227281	1780158227283
robot_3_s1170	1780158227299	1780158227299	1780158227301	1780158227304
robot_2_s415	1780158227299	1780158227299	1780158227303	1780158227305
robot_5_s3267	1780158227301	1780158227301	1780158227304	1780158227306
robot_1_s7514	1780158227354	1780158227355	1780158227357	1780158227359
robot_4_s3151	1780158227377	1780158227378	1780158227380	1780158227382
robot_3_s1170	1780158227399	1780158227399	1780158227401	1780158227403
robot_2_s415	1780158227399	1780158227399	1780158227401	1780158227403
robot_5_s3267	1780158227401	1780158227402	1780158227404	1780158227406
robot_1_s7514	1780158227454	1780158227454	1780158227456	1780158227459
robot_4_s3151	1780158227477	1780158227477	1780158227479	1780158227481
robot_3_s1170	1780158227499	1780158227499	1780158227502	1780158227505
robot_5_s3267	1780158227501	1780158227502	1780158227504	1780158227507
robot_2_s415	1780158227499	1780158227499	1780158227503	1780158227507
robot_1_s7514	1780158227554	1780158227555	1780158227557	1780158227559
robot_4_s3151	1780158227577	1780158227577	1780158227579	1780158227580
robot_2_s415	1780158227599	1780158227599	1780158227602	1780158227605
robot_3_s1170	1780158227599	1780158227599	1780158227602	1780158227606
robot_5_s3267	1780158227601	1780158227602	1780158227605	1780158227608
robot_1_s7514	1780158227654	1780158227654	1780158227657	1780158227658
robot_4_s3151	1780158227677	1780158227677	1780158227680	1780158227682
robot_3_s1170	1780158227699	1780158227699	1780158227702	1780158227704
robot_2_s415	1780158227699	1780158227699	1780158227701	1780158227704
robot_5_s3267	1780158227701	1780158227702	1780158227704	1780158227706
robot_1_s7514	1780158227755	1780158227755	1780158227758	1780158227760
robot_4_s3151	1780158227778	1780158227778	1780158227780	1780158227783
robot_3_s1170	1780158227799	1780158227799	1780158227801	1780158227804
robot_2_s415	1780158227799	1780158227799	1780158227801	1780158227804
robot_5_s3267	1780158227801	1780158227802	1780158227805	1780158227807
robot_1_s7514	1780158227854	1780158227855	1780158227858	1780158227860
robot_4_s3151	1780158227877	1780158227877	1780158227879	1780158227881
robot_3_s1170	1780158227899	1780158227899	1780158227902	1780158227904
robot_2_s415	1780158227899	1780158227899	1780158227902	1780158227905
robot_5_s3267	1780158227901	1780158227902	1780158227906	1780158227909
robot_1_s7514	1780158227954	1780158227955	1780158227957	1780158227958
robot_4_s3151	1780158227977	1780158227977	1780158227979	1780158227981
robot_3_s1170	1780158227999	1780158227999	1780158228002	1780158228005
robot_2_s415	1780158227999	1780158227999	1780158228003	1780158228006
robot_5_s3267	1780158228001	1780158228002	1780158228005	1780158228007
robot_1_s7514	1780158228054	1780158228054	1780158228057	1780158228058
robot_4_s3151	1780158228077	1780158228078	1780158228080	1780158228082
robot_3_s1170	1780158228099	1780158228099	1780158228101	1780158228103
robot_2_s415	1780158228099	1780158228099	1780158228101	1780158228104
robot_5_s3267	1780158228101	1780158228102	1780158228105	1780158228107
robot_1_s7514	1780158228154	1780158228154	1780158228157	1780158228159
robot_4_s3151	1780158228177	1780158228178	1780158228180	1780158228182
robot_3_s1170	1780158228198	1780158228199	1780158228201	1780158228203
robot_2_s415	1780158228198	1780158228199	1780158228201	1780158228203
robot_5_s3267	1780158228201	1780158228202	1780158228205	1780158228207
robot_1_s7514	1780158228254	1780158228254	1780158228257	1780158228260
robot_4_s3151	1780158228277	1780158228278	1780158228279	1780158228282
robot_3_s1170	1780158228299	1780158228299	1780158228301	1780158228304
robot_2_s415	1780158228299	1780158228299	1780158228301	1780158228304
robot_5_s3267	1780158228301	1780158228302	1780158228305	1780158228307
robot_1_s7514	1780158228354	1780158228355	1780158228357	1780158228359
robot_4_s3151	1780158228377	1780158228378	1780158228379	1780158228381
robot_3_s1170	1780158228399	1780158228399	1780158228402	1780158228404
robot_2_s415	1780158228399	1780158228399	1780158228402	1780158228406
robot_5_s3267	1780158228401	1780158228402	1780158228406	1780158228407
robot_1_s7514	1780158228454	1780158228455	1780158228457	1780158228459
robot_4_s3151	1780158228477	1780158228478	1780158228480	1780158228482
robot_3_s1170	1780158228499	1780158228499	1780158228501	1780158228504
robot_2_s415	1780158228499	1780158228499	1780158228502	1780158228504
robot_5_s3267	1780158228501	1780158228501	1780158228504	1780158228506
robot_1_s7514	1780158228554	1780158228554	1780158228557	1780158228559
robot_4_s3151	1780158228577	1780158228578	1780158228580	1780158228582
robot_3_s1170	1780158228598	1780158228599	1780158228601	1780158228603
robot_2_s415	1780158228599	1780158228599	1780158228601	1780158228603
robot_5_s3267	1780158228601	1780158228602	1780158228604	1780158228606
robot_1_s7514	1780158228654	1780158228654	1780158228657	1780158228659
robot_4_s3151	1780158228677	1780158228678	1780158228679	1780158228681
robot_3_s1170	1780158228699	1780158228699	1780158228701	1780158228703
robot_2_s415	1780158228699	1780158228699	1780158228701	1780158228704
robot_5_s3267	1780158228701	1780158228702	1780158228704	1780158228706
robot_1_s7514	1780158228754	1780158228755	1780158228757	1780158228759
robot_4_s3151	1780158228777	1780158228777	1780158228780	1780158228782
robot_2_s415	1780158228800	1780158228800	1780158228804	1780158228807
robot_3_s1170	1780158228800	1780158228800	1780158228805	1780158228809
robot_5_s3267	1780158228802	1780158228802	1780158228809	1780158228811
robot_1_s7514	1780158228854	1780158228854	1780158228857	1780158228859
robot_4_s3151	1780158228877	1780158228878	1780158228881	1780158228884
robot_3_s1170	1780158228899	1780158228900	1780158228903	1780158228906
robot_5_s3267	1780158228901	1780158228902	1780158228904	1780158228908
robot_2_s415	1780158228899	1780158228901	1780158228906	1780158228909
robot_1_s7514	1780158228954	1780158228954	1780158228957	1780158228959
robot_4_s3151	1780158228977	1780158228978	1780158228980	1780158228982
robot_3_s1170	1780158228999	1780158228999	1780158229001	1780158229004
robot_2_s415	1780158228999	1780158228999	1780158229001	1780158229004
robot_5_s3267	1780158229001	1780158229002	1780158229004	1780158229006
robot_1_s7514	1780158229054	1780158229054	1780158229058	1780158229059
robot_4_s3151	1780158229077	1780158229077	1780158229079	1780158229081
robot_3_s1170	1780158229098	1780158229099	1780158229101	1780158229104
robot_2_s415	1780158229098	1780158229099	1780158229101	1780158229104
robot_5_s3267	1780158229101	1780158229102	1780158229104	1780158229106
robot_1_s7514	1780158229154	1780158229154	1780158229157	1780158229159
robot_4_s3151	1780158229177	1780158229178	1780158229180	1780158229182
robot_3_s1170	1780158229199	1780158229199	1780158229202	1780158229205
robot_2_s415	1780158229199	1780158229199	1780158229203	1780158229206
robot_5_s3267	1780158229201	1780158229201	1780158229206	1780158229208
robot_1_s7514	1780158229254	1780158229254	1780158229257	1780158229259
robot_4_s3151	1780158229277	1780158229279	1780158229282	1780158229284
robot_3_s1170	1780158229299	1780158229299	1780158229302	1780158229304
robot_2_s415	1780158229299	1780158229299	1780158229302	1780158229304
robot_5_s3267	1780158229301	1780158229301	1780158229304	1780158229306
robot_1_s7514	1780158229354	1780158229354	1780158229357	1780158229359
robot_4_s3151	1780158229377	1780158229377	1780158229380	1780158229381
robot_3_s1170	1780158229399	1780158229399	1780158229401	1780158229404
robot_2_s415	1780158229399	1780158229399	1780158229401	1780158229405
robot_5_s3267	1780158229401	1780158229401	1780158229404	1780158229406
robot_1_s7514	1780158229454	1780158229454	1780158229457	1780158229459
robot_4_s3151	1780158229477	1780158229478	1780158229479	1780158229481
robot_3_s1170	1780158229499	1780158229499	1780158229501	1780158229504
robot_2_s415	1780158229499	1780158229499	1780158229501	1780158229504
robot_5_s3267	1780158229501	1780158229502	1780158229505	1780158229507
robot_1_s7514	1780158229554	1780158229554	1780158229557	1780158229558
robot_4_s3151	1780158229577	1780158229577	1780158229579	1780158229581
robot_3_s1170	1780158229599	1780158229599	1780158229602	1780158229604
robot_2_s415	1780158229599	1780158229599	1780158229603	1780158229606
robot_5_s3267	1780158229601	1780158229602	1780158229605	1780158229607
robot_1_s7514	1780158229654	1780158229655	1780158229657	1780158229659
robot_4_s3151	1780158229677	1780158229678	1780158229681	1780158229683
robot_3_s1170	1780158229699	1780158229699	1780158229701	1780158229704
robot_2_s415	1780158229699	1780158229699	1780158229703	1780158229706
robot_5_s3267	1780158229701	1780158229702	1780158229705	1780158229707
robot_1_s7514	1780158229754	1780158229754	1780158229757	1780158229759
robot_4_s3151	1780158229777	1780158229778	1780158229780	1780158229782
robot_3_s1170	1780158229799	1780158229799	1780158229801	1780158229804
robot_2_s415	1780158229799	1780158229799	1780158229801	1780158229804
robot_5_s3267	1780158229801	1780158229802	1780158229805	1780158229807
robot_1_s7514	1780158229854	1780158229854	1780158229857	1780158229859
robot_4_s3151	1780158229877	1780158229877	1780158229879	1780158229881
robot_3_s1170	1780158229899	1780158229899	1780158229901	1780158229904
robot_2_s415	1780158229899	1780158229899	1780158229902	1780158229906
robot_5_s3267	1780158229901	1780158229901	1780158229904	1780158229907
robot_1_s7514	1780158229954	1780158229955	1780158229957	1780158229958
robot_4_s3151	1780158229977	1780158229977	1780158229979	1780158229981
robot_3_s1170	1780158229999	1780158230000	1780158230002	1780158230005
robot_2_s415	1780158229999	1780158230000	1780158230002	1780158230006
robot_5_s3267	1780158230001	1780158230002	1780158230007	1780158230009
robot_1_s7514	1780158230054	1780158230055	1780158230057	1780158230059
robot_4_s3151	1780158230077	1780158230079	1780158230082	1780158230084
robot_3_s1170	1780158230099	1780158230099	1780158230102	1780158230104
robot_2_s415	1780158230099	1780158230099	1780158230102	1780158230104
robot_5_s3267	1780158230101	1780158230102	1780158230104	1780158230107
robot_1_s7514	1780158230154	1780158230154	1780158230157	1780158230159
robot_4_s3151	1780158230177	1780158230178	1780158230180	1780158230182
robot_3_s1170	1780158230199	1780158230199	1780158230201	1780158230204
robot_2_s415	1780158230199	1780158230199	1780158230201	1780158230204
robot_5_s3267	1780158230201	1780158230202	1780158230205	1780158230207
robot_1_s7514	1780158230254	1780158230254	1780158230257	1780158230259
robot_4_s3151	1780158230277	1780158230277	1780158230279	1780158230281
robot_3_s1170	1780158230299	1780158230299	1780158230301	1780158230304
robot_2_s415	1780158230299	1780158230299	1780158230302	1780158230306
robot_5_s3267	1780158230301	1780158230301	1780158230304	1780158230307
robot_1_s7514	1780158230355	1780158230355	1780158230358	1780158230359
robot_4_s3151	1780158230377	1780158230378	1780158230379	1780158230381
robot_3_s1170	1780158230399	1780158230399	1780158230401	1780158230404
robot_2_s415	1780158230399	1780158230399	1780158230401	1780158230404
robot_5_s3267	1780158230401	1780158230402	1780158230404	1780158230406
robot_1_s7514	1780158230455	1780158230455	1780158230459	1780158230460
robot_4_s3151	1780158230477	1780158230478	1780158230481	1780158230483
robot_3_s1170	1780158230499	1780158230499	1780158230501	1780158230504
robot_2_s415	1780158230499	1780158230499	1780158230501	1780158230504
robot_5_s3267	1780158230501	1780158230501	1780158230504	1780158230506
robot_1_s7514	1780158230554	1780158230555	1780158230557	1780158230559
robot_4_s3151	1780158230581	1780158230581	1780158230583	1780158230585
robot_3_s1170	1780158230599	1780158230599	1780158230602	1780158230605
robot_2_s415	1780158230599	1780158230600	1780158230602	1780158230606
robot_5_s3267	1780158230601	1780158230602	1780158230605	1780158230607
robot_1_s7514	1780158230654	1780158230655	1780158230658	1780158230660
robot_4_s3151	1780158230677	1780158230677	1780158230679	1780158230681
robot_3_s1170	1780158230699	1780158230699	1780158230701	1780158230704
robot_2_s415	1780158230699	1780158230699	1780158230702	1780158230704
robot_5_s3267	1780158230701	1780158230701	1780158230704	1780158230706
robot_1_s7514	1780158230754	1780158230755	1780158230756	1780158230758
robot_4_s3151	1780158230777	1780158230777	1780158230779	1780158230781
robot_3_s1170	1780158230799	1780158230799	1780158230802	1780158230805
robot_2_s415	1780158230799	1780158230800	1780158230803	1780158230805
robot_5_s3267	1780158230801	1780158230802	1780158230805	1780158230807
robot_1_s7514	1780158230854	1780158230855	1780158230857	1780158230859
robot_4_s3151	1780158230877	1780158230878	1780158230880	1780158230882
robot_3_s1170	1780158230900	1780158230900	1780158230903	1780158230907
robot_5_s3267	1780158230901	1780158230902	1780158230906	1780158230909
robot_2_s415	1780158230900	1780158230900	1780158230906	1780158230909
robot_1_s7514	1780158230955	1780158230955	1780158230959	1780158230961
robot_4_s3151	1780158230977	1780158230978	1780158230980	1780158230983
robot_3_s1170	1780158230999	1780158230999	1780158231002	1780158231005
robot_2_s415	1780158230999	1780158230999	1780158231002	1780158231005
robot_5_s3267	1780158231001	1780158231002	1780158231004	1780158231007
robot_1_s7514	1780158231054	1780158231054	1780158231057	1780158231059
robot_4_s3151	1780158231077	1780158231077	1780158231079	1780158231081
robot_3_s1170	1780158231099	1780158231099	1780158231101	1780158231103
robot_2_s415	1780158231099	1780158231099	1780158231101	1780158231103
robot_5_s3267	1780158231101	1780158231102	1780158231104	1780158231106
robot_1_s7514	1780158231154	1780158231154	1780158231156	1780158231158
robot_4_s3151	1780158231177	1780158231177	1780158231179	1780158231180
robot_3_s1170	1780158231199	1780158231199	1780158231202	1780158231205
robot_2_s415	1780158231199	1780158231200	1780158231202	1780158231205
robot_5_s3267	1780158231201	1780158231202	1780158231206	1780158231208
robot_1_s7514	1780158231254	1780158231254	1780158231256	1780158231258
robot_4_s3151	1780158231277	1780158231278	1780158231280	1780158231282
robot_3_s1170	1780158231299	1780158231300	1780158231303	1780158231306
robot_2_s415	1780158231299	1780158231300	1780158231304	1780158231306
robot_5_s3267	1780158231301	1780158231302	1780158231305	1780158231307
robot_1_s7514	1780158231354	1780158231354	1780158231357	1780158231359
robot_4_s3151	1780158231377	1780158231378	1780158231380	1780158231382
robot_3_s1170	1780158231399	1780158231399	1780158231401	1780158231403
robot_2_s415	1780158231399	1780158231399	1780158231401	1780158231403
robot_5_s3267	1780158231401	1780158231402	1780158231404	1780158231406
robot_1_s7514	1780158231454	1780158231454	1780158231457	1780158231460
robot_4_s3151	1780158231477	1780158231477	1780158231479	1780158231481
robot_3_s1170	1780158231499	1780158231499	1780158231502	1780158231504
robot_2_s415	1780158231499	1780158231499	1780158231502	1780158231504
robot_5_s3267	1780158231501	1780158231502	1780158231504	1780158231507
robot_1_s7514	1780158231554	1780158231554	1780158231557	1780158231559
robot_4_s3151	1780158231577	1780158231577	1780158231579	1780158231581
robot_2_s415	1780158231599	1780158231600	1780158231603	1780158231606
robot_3_s1170	1780158231599	1780158231600	1780158231604	1780158231608
robot_5_s3267	1780158231601	1780158231602	1780158231606	1780158231609
robot_1_s7514	1780158231654	1780158231654	1780158231656	1780158231658
robot_4_s3151	1780158231677	1780158231678	1780158231680	1780158231682
robot_3_s1170	1780158231699	1780158231700	1780158231702	1780158231704
robot_2_s415	1780158231699	1780158231700	1780158231704	1780158231706
robot_5_s3267	1780158231701	1780158231701	1780158231704	1780158231707
robot_1_s7514	1780158231754	1780158231754	1780158231758	1780158231759
robot_4_s3151	1780158231777	1780158231778	1780158231780	1780158231782
robot_3_s1170	1780158231799	1780158231799	1780158231801	1780158231804
robot_2_s415	1780158231799	1780158231799	1780158231801	1780158231804
robot_5_s3267	1780158231801	1780158231801	1780158231804	1780158231806
robot_1_s7514	1780158231854	1780158231854	1780158231856	1780158231859
robot_4_s3151	1780158231878	1780158231878	1780158231880	1780158231882
robot_3_s1170	1780158231899	1780158231899	1780158231901	1780158231903
robot_2_s415	1780158231899	1780158231899	1780158231901	1780158231904
robot_5_s3267	1780158231901	1780158231902	1780158231904	1780158231907
robot_1_s7514	1780158231954	1780158231954	1780158231957	1780158231958
robot_4_s3151	1780158231977	1780158231977	1780158231979	1780158231981
robot_3_s1170	1780158231999	1780158232000	1780158232002	1780158232005
robot_2_s415	1780158231999	1780158232000	1780158232002	1780158232005
robot_5_s3267	1780158232001	1780158232002	1780158232005	1780158232008
robot_1_s7514	1780158232054	1780158232054	1780158232057	1780158232059
robot_4_s3151	1780158232077	1780158232077	1780158232081	1780158232083
robot_3_s1170	1780158232099	1780158232100	1780158232102	1780158232104
robot_2_s415	1780158232099	1780158232100	1780158232102	1780158232104
robot_5_s3267	1780158232101	1780158232102	1780158232105	1780158232107
robot_1_s7514	1780158232154	1780158232154	1780158232158	1780158232160
robot_4_s3151	1780158232177	1780158232178	1780158232180	1780158232182
robot_3_s1170	1780158232199	1780158232199	1780158232202	1780158232204
robot_2_s415	1780158232199	1780158232199	1780158232202	1780158232204
robot_5_s3267	1780158232201	1780158232202	1780158232205	1780158232207
robot_1_s7514	1780158232253	1780158232254	1780158232256	1780158232259
robot_4_s3151	1780158232277	1780158232277	1780158232279	1780158232281
robot_3_s1170	1780158232299	1780158232299	1780158232301	1780158232304
robot_2_s415	1780158232299	1780158232299	1780158232302	1780158232305
robot_5_s3267	1780158232301	1780158232302	1780158232304	1780158232307
robot_1_s7514	1780158232354	1780158232355	1780158232357	1780158232359
robot_4_s3151	1780158232377	1780158232378	1780158232380	1780158232382
robot_3_s1170	1780158232399	1780158232400	1780158232402	1780158232405
robot_2_s415	1780158232399	1780158232400	1780158232403	1780158232405
robot_5_s3267	1780158232401	1780158232402	1780158232406	1780158232408
robot_1_s7514	1780158232454	1780158232454	1780158232457	1780158232459
robot_4_s3151	1780158232477	1780158232478	1780158232480	1780158232482
robot_3_s1170	1780158232499	1780158232499	1780158232501	1780158232504
robot_2_s415	1780158232499	1780158232499	1780158232501	1780158232504
robot_5_s3267	1780158232501	1780158232501	1780158232504	1780158232506
robot_1_s7514	1780158232554	1780158232554	1780158232558	1780158232560
robot_4_s3151	1780158232577	1780158232578	1780158232580	1780158232582
robot_3_s1170	1780158232599	1780158232599	1780158232602	1780158232604
robot_2_s415	1780158232599	1780158232599	1780158232602	1780158232604
robot_5_s3267	1780158232601	1780158232601	1780158232604	1780158232606
robot_1_s7514	1780158232654	1780158232654	1780158232658	1780158232660
robot_4_s3151	1780158232677	1780158232678	1780158232679	1780158232681
robot_2_s415	1780158232699	1780158232699	1780158232701	1780158232703
robot_3_s1170	1780158232699	1780158232699	1780158232702	1780158232705
robot_5_s3267	1780158232701	1780158232702	1780158232704	1780158232706
robot_1_s7514	1780158232754	1780158232755	1780158232757	1780158232759
robot_4_s3151	1780158232777	1780158232778	1780158232780	1780158232781
robot_3_s1170	1780158232799	1780158232799	1780158232802	1780158232804
robot_2_s415	1780158232799	1780158232799	1780158232802	1780158232804
robot_5_s3267	1780158232801	1780158232802	1780158232805	1780158232807
robot_1_s7514	1780158232854	1780158232854	1780158232856	1780158232858
robot_4_s3151	1780158232877	1780158232878	1780158232881	1780158232883
robot_3_s1170	1780158232899	1780158232899	1780158232901	1780158232904
robot_2_s415	1780158232899	1780158232899	1780158232901	1780158232904
robot_5_s3267	1780158232901	1780158232902	1780158232904	1780158232906
robot_1_s7514	1780158232954	1780158232955	1780158232958	1780158232960
robot_4_s3151	1780158232978	1780158232978	1780158232980	1780158232982
robot_3_s1170	1780158232999	1780158232999	1780158233001	1780158233003
robot_2_s415	1780158232999	1780158232999	1780158233001	1780158233004
robot_5_s3267	1780158233001	1780158233002	1780158233004	1780158233005
robot_1_s7514	1780158233054	1780158233055	1780158233059	1780158233061
robot_4_s3151	1780158233077	1780158233078	1780158233080	1780158233082
robot_3_s1170	1780158233099	1780158233099	1780158233103	1780158233105
robot_5_s3267	1780158233101	1780158233102	1780158233104	1780158233107
robot_2_s415	1780158233099	1780158233099	1780158233103	1780158233107
robot_1_s7514	1780158233154	1780158233154	1780158233156	1780158233158
robot_4_s3151	1780158233177	1780158233177	1780158233179	1780158233181
robot_3_s1170	1780158233199	1780158233199	1780158233201	1780158233204
robot_2_s415	1780158233199	1780158233199	1780158233203	1780158233205
robot_5_s3267	1780158233201	1780158233202	1780158233205	1780158233207
robot_1_s7514	1780158233254	1780158233254	1780158233257	1780158233258
robot_4_s3151	1780158233277	1780158233277	1780158233280	1780158233282
robot_3_s1170	1780158233299	1780158233300	1780158233303	1780158233305
robot_2_s415	1780158233299	1780158233300	1780158233303	1780158233305
robot_5_s3267	1780158233301	1780158233302	1780158233305	1780158233308
robot_1_s7514	1780158233354	1780158233354	1780158233357	1780158233359
robot_4_s3151	1780158233377	1780158233378	1780158233380	1780158233381
robot_3_s1170	1780158233399	1780158233399	1780158233401	1780158233404
robot_2_s415	1780158233399	1780158233399	1780158233401	1780158233405
robot_5_s3267	1780158233401	1780158233402	1780158233404	1780158233407
robot_1_s7514	1780158233454	1780158233454	1780158233457	1780158233459
robot_4_s3151	1780158233477	1780158233477	1780158233479	1780158233480
robot_3_s1170	1780158233499	1780158233499	1780158233501	1780158233503
robot_2_s415	1780158233499	1780158233499	1780158233501	1780158233504
robot_5_s3267	1780158233501	1780158233501	1780158233504	1780158233506
robot_1_s7514	1780158233555	1780158233555	1780158233558	1780158233559
robot_4_s3151	1780158233577	1780158233578	1780158233580	1780158233581
robot_3_s1170	1780158233599	1780158233599	1780158233602	1780158233604
robot_2_s415	1780158233599	1780158233599	1780158233602	1780158233604
robot_5_s3267	1780158233601	1780158233602	1780158233604	1780158233606
robot_1_s7514	1780158233654	1780158233654	1780158233657	1780158233658
robot_4_s3151	1780158233677	1780158233678	1780158233681	1780158233683
robot_3_s1170	1780158233699	1780158233699	1780158233702	1780158233704
robot_2_s415	1780158233699	1780158233699	1780158233702	1780158233704
robot_5_s3267	1780158233701	1780158233702	1780158233706	1780158233707
robot_1_s7514	1780158233754	1780158233754	1780158233757	1780158233759
robot_4_s3151	1780158233777	1780158233778	1780158233780	1780158233782
robot_3_s1170	1780158233799	1780158233799	1780158233801	1780158233804
robot_2_s415	1780158233799	1780158233799	1780158233802	1780158233804
robot_5_s3267	1780158233801	1780158233801	1780158233804	1780158233805
robot_1_s7514	1780158233854	1780158233854	1780158233857	1780158233859
robot_4_s3151	1780158233877	1780158233877	1780158233879	1780158233881
robot_3_s1170	1780158233899	1780158233899	1780158233901	1780158233903
robot_2_s415	1780158233899	1780158233899	1780158233901	1780158233903
robot_5_s3267	1780158233901	1780158233902	1780158233905	1780158233907
robot_1_s7514	1780158233954	1780158233955	1780158233957	1780158233959
robot_4_s3151	1780158233977	1780158233977	1780158233979	1780158233981
robot_3_s1170	1780158233999	1780158234000	1780158234002	1780158234005
robot_2_s415	1780158233999	1780158233999	1780158234003	1780158234006
robot_5_s3267	1780158234001	1780158234007	1780158234009	1780158234011
robot_1_s7514	1780158234054	1780158234054	1780158234057	1780158234059
robot_4_s3151	1780158234077	1780158234079	1780158234084	1780158234086
robot_5_s3267	1780158234101	1780158234101	1780158234104	1780158234105
robot_3_s1170	1780158234099	1780158234108	1780158234113	1780158234115
robot_2_s415	1780158234099	1780158234111	1780158234117	1780158234119
robot_1_s7514	1780158234154	1780158234155	1780158234158	1780158234160
robot_4_s3151	1780158234177	1780158234178	1780158234180	1780158234182
robot_3_s1170	1780158234199	1780158234199	1780158234202	1780158234204
robot_2_s415	1780158234199	1780158234199	1780158234202	1780158234204
robot_5_s3267	1780158234201	1780158234202	1780158234205	1780158234208
robot_1_s7514	1780158234255	1780158234255	1780158234259	1780158234272
robot_4_s3151	1780158234277	1780158234278	1780158234281	1780158234283
robot_2_s415	1780158234299	1780158234300	1780158234305	1780158234309
robot_3_s1170	1780158234299	1780158234300	1780158234305	1780158234310
robot_5_s3267	1780158234301	1780158234302	1780158234310	1780158234314
robot_1_s7514	1780158234355	1780158234355	1780158234360	1780158234362
robot_4_s3151	1780158234377	1780158234378	1780158234380	1780158234383
robot_3_s1170	1780158234400	1780158234401	1780158234404	1780158234407
robot_2_s415	1780158234403	1780158234403	1780158234407	1780158234411
robot_5_s3267	1780158234402	1780158234429	1780158234441	1780158234444
robot_1_s7514	1780158234454	1780158234454	1780158234457	1780158234459
robot_4_s3151	1780158234477	1780158234485	1780158234489	1780158234491
robot_5_s3267	1780158234501	1780158234501	1780158234504	1780158234507
robot_3_s1170	1780158234499	1780158234500	1780158234505	1780158234508
robot_2_s415	1780158234499	1780158234501	1780158234506	1780158234508
robot_1_s7514	1780158234554	1780158234554	1780158234557	1780158234558
robot_4_s3151	1780158234577	1780158234578	1780158234580	1780158234581
robot_3_s1170	1780158234599	1780158234599	1780158234602	1780158234604
robot_2_s415	1780158234599	1780158234599	1780158234602	1780158234605
robot_5_s3267	1780158234601	1780158234601	1780158234603	1780158234606
robot_1_s7514	1780158234654	1780158234654	1780158234657	1780158234659
robot_4_s3151	1780158234677	1780158234677	1780158234679	1780158234681
robot_3_s1170	1780158234699	1780158234699	1780158234703	1780158234705
robot_2_s415	1780158234699	1780158234699	1780158234703	1780158234705
robot_5_s3267	1780158234701	1780158234701	1780158234704	1780158234706
robot_1_s7514	1780158234754	1780158234754	1780158234757	1780158234758
robot_4_s3151	1780158234777	1780158234777	1780158234779	1780158234781
robot_3_s1170	1780158234799	1780158234800	1780158234802	1780158234804
robot_2_s415	1780158234799	1780158234800	1780158234802	1780158234804
robot_5_s3267	1780158234801	1780158234802	1780158234805	1780158234807
robot_1_s7514	1780158234854	1780158234855	1780158234857	1780158234859
robot_4_s3151	1780158234877	1780158234877	1780158234880	1780158234881
robot_3_s1170	1780158234899	1780158234899	1780158234903	1780158234905
robot_5_s3267	1780158234901	1780158234901	1780158234904	1780158234906
robot_2_s415	1780158234899	1780158234899	1780158234905	1780158234906
robot_1_s7514	1780158234954	1780158234954	1780158234957	1780158234959
robot_4_s3151	1780158234977	1780158234978	1780158234980	1780158234982
robot_3_s1170	1780158234999	1780158234999	1780158235002	1780158235004
robot_2_s415	1780158234999	1780158234999	1780158235002	1780158235004
robot_5_s3267	1780158235001	1780158235002	1780158235004	1780158235007
robot_1_s7514	1780158235054	1780158235054	1780158235056	1780158235059
robot_4_s3151	1780158235077	1780158235077	1780158235079	1780158235080
robot_3_s1170	1780158235099	1780158235099	1780158235101	1780158235104
robot_2_s415	1780158235099	1780158235099	1780158235101	1780158235104
robot_5_s3267	1780158235101	1780158235102	1780158235104	1780158235106
robot_1_s7514	1780158235154	1780158235154	1780158235156	1780158235159
robot_4_s3151	1780158235177	1780158235177	1780158235179	1780158235181
robot_3_s1170	1780158235199	1780158235200	1780158235203	1780158235205
robot_2_s415	1780158235199	1780158235200	1780158235204	1780158235207
robot_5_s3267	1780158235201	1780158235204	1780158235209	1780158235212
robot_1_s7514	1780158235254	1780158235254	1780158235256	1780158235258
robot_4_s3151	1780158235277	1780158235277	1780158235281	1780158235283
robot_3_s1170	1780158235299	1780158235299	1780158235303	1780158235305
robot_5_s3267	1780158235301	1780158235302	1780158235305	1780158235307
robot_2_s415	1780158235299	1780158235300	1780158235305	1780158235307
robot_1_s7514	1780158235354	1780158235354	1780158235357	1780158235359
robot_4_s3151	1780158235377	1780158235378	1780158235379	1780158235382
robot_3_s1170	1780158235399	1780158235399	1780158235401	1780158235404
robot_2_s415	1780158235399	1780158235399	1780158235401	1780158235404
robot_5_s3267	1780158235401	1780158235402	1780158235404	1780158235406
robot_1_s7514	1780158235454	1780158235454	1780158235457	1780158235459
robot_4_s3151	1780158235477	1780158235477	1780158235479	1780158235481
robot_3_s1170	1780158235499	1780158235499	1780158235501	1780158235503
robot_2_s415	1780158235499	1780158235499	1780158235501	1780158235504
robot_5_s3267	1780158235501	1780158235502	1780158235504	1780158235506
robot_1_s7514	1780158235554	1780158235554	1780158235556	1780158235558
robot_4_s3151	1780158235577	1780158235578	1780158235579	1780158235581
robot_3_s1170	1780158235599	1780158235599	1780158235602	1780158235604
robot_2_s415	1780158235599	1780158235599	1780158235603	1780158235605
robot_5_s3267	1780158235601	1780158235611	1780158235615	1780158235617
robot_1_s7514	1780158235654	1780158235654	1780158235656	1780158235658
robot_4_s3151	1780158235677	1780158235690	1780158235694	1780158235697
robot_5_s3267	1780158235701	1780158235701	1780158235703	1780158235705
robot_3_s1170	1780158235699	1780158235709	1780158235712	1780158235713
robot_2_s415	1780158235699	1780158235708	1780158235713	1780158235714
robot_1_s7514	1780158235754	1780158235754	1780158235757	1780158235759
robot_4_s3151	1780158235777	1780158235778	1780158235780	1780158235781
robot_3_s1170	1780158235799	1780158235799	1780158235801	1780158235804
robot_2_s415	1780158235799	1780158235799	1780158235801	1780158235804
robot_5_s3267	1780158235801	1780158235802	1780158235804	1780158235806
robot_1_s7514	1780158235854	1780158235854	1780158235857	1780158235859
robot_4_s3151	1780158235877	1780158235877	1780158235879	1780158235881
robot_3_s1170	1780158235899	1780158235899	1780158235901	1780158235903
robot_2_s415	1780158235899	1780158235899	1780158235901	1780158235903
robot_5_s3267	1780158235901	1780158235901	1780158235904	1780158235907
robot_1_s7514	1780158235954	1780158235954	1780158235956	1780158235958
robot_4_s3151	1780158235977	1780158235977	1780158235979	1780158235981
robot_3_s1170	1780158235999	1780158235999	1780158236002	1780158236004
robot_2_s415	1780158235999	1780158235999	1780158236001	1780158236004
robot_5_s3267	1780158236001	1780158236008	1780158236013	1780158236015
robot_1_s7514	1780158236054	1780158236054	1780158236057	1780158236058
robot_4_s3151	1780158236077	1780158236081	1780158236085	1780158236087
robot_5_s3267	1780158236101	1780158236101	1780158236104	1780158236106
robot_3_s1170	1780158236099	1780158236107	1780158236110	1780158236112
robot_2_s415	1780158236099	1780158236110	1780158236113	1780158236115
robot_1_s7514	1780158236154	1780158236154	1780158236156	1780158236158
robot_4_s3151	1780158236177	1780158236177	1780158236179	1780158236181
robot_3_s1170	1780158236199	1780158236199	1780158236202	1780158236204
robot_2_s415	1780158236199	1780158236199	1780158236202	1780158236204
robot_5_s3267	1780158236201	1780158236202	1780158236204	1780158236206
robot_1_s7514	1780158236254	1780158236254	1780158236256	1780158236258
robot_4_s3151	1780158236277	1780158236277	1780158236279	1780158236281
robot_3_s1170	1780158236299	1780158236299	1780158236301	1780158236304
robot_2_s415	1780158236299	1780158236299	1780158236302	1780158236304
robot_5_s3267	1780158236301	1780158236302	1780158236304	1780158236306
robot_1_s7514	1780158236354	1780158236354	1780158236356	1780158236358
robot_4_s3151	1780158236377	1780158236377	1780158236379	1780158236381
robot_3_s1170	1780158236399	1780158236400	1780158236403	1780158236405
robot_2_s415	1780158236399	1780158236400	1780158236403	1780158236405
robot_5_s3267	1780158236401	1780158236402	1780158236406	1780158236408
robot_1_s7514	1780158236454	1780158236454	1780158236457	1780158236458
robot_4_s3151	1780158236477	1780158236478	1780158236483	1780158236486
robot_5_s3267	1780158236501	1780158236502	1780158236506	1780158236508
robot_3_s1170	1780158236501	1780158236502	1780158236507	1780158236512
robot_2_s415	1780158236501	1780158236503	1780158236509	1780158236512
robot_1_s7514	1780158236554	1780158236554	1780158236558	1780158236560
robot_4_s3151	1780158236577	1780158236578	1780158236580	1780158236582
robot_3_s1170	1780158236599	1780158236599	1780158236601	1780158236603
robot_2_s415	1780158236599	1780158236599	1780158236601	1780158236605
robot_5_s3267	1780158236601	1780158236602	1780158236604	1780158236607
robot_1_s7514	1780158236654	1780158236654	1780158236657	1780158236659
robot_4_s3151	1780158236677	1780158236677	1780158236679	1780158236681
robot_3_s1170	1780158236699	1780158236699	1780158236701	1780158236704
robot_2_s415	1780158236699	1780158236699	1780158236701	1780158236704
robot_5_s3267	1780158236701	1780158236701	1780158236704	1780158236706
robot_1_s7514	1780158236754	1780158236755	1780158236757	1780158236759
robot_4_s3151	1780158236777	1780158236778	1780158236779	1780158236781
robot_3_s1170	1780158236799	1780158236799	1780158236802	1780158236804
robot_2_s415	1780158236799	1780158236799	1780158236802	1780158236805
robot_5_s3267	1780158236801	1780158236802	1780158236804	1780158236806
robot_1_s7514	1780158236854	1780158236855	1780158236858	1780158236859
robot_4_s3151	1780158236877	1780158236878	1780158236880	1780158236882
robot_3_s1170	1780158236899	1780158236899	1780158236902	1780158236904
robot_2_s415	1780158236899	1780158236899	1780158236903	1780158236906
robot_5_s3267	1780158236901	1780158236901	1780158236906	1780158236908
robot_1_s7514	1780158236954	1780158236954	1780158236957	1780158236959
robot_4_s3151	1780158236977	1780158236978	1780158236980	1780158236982
robot_3_s1170	1780158236999	1780158236999	1780158237001	1780158237004
robot_2_s415	1780158236999	1780158236999	1780158237002	1780158237005
robot_5_s3267	1780158237001	1780158237002	1780158237004	1780158237007
robot_1_s7514	1780158237054	1780158237054	1780158237056	1780158237059
robot_4_s3151	1780158237077	1780158237077	1780158237079	1780158237081
robot_3_s1170	1780158237099	1780158237099	1780158237101	1780158237104
robot_2_s415	1780158237099	1780158237099	1780158237102	1780158237104
robot_5_s3267	1780158237101	1780158237102	1780158237104	1780158237106
robot_1_s7514	1780158237154	1780158237154	1780158237156	1780158237158
robot_4_s3151	1780158237177	1780158237177	1780158237179	1780158237181
robot_3_s1170	1780158237199	1780158237199	1780158237202	1780158237204
robot_2_s415	1780158237199	1780158237199	1780158237202	1780158237204
robot_5_s3267	1780158237201	1780158237202	1780158237204	1780158237206
robot_1_s7514	1780158237254	1780158237254	1780158237256	1780158237258
robot_4_s3151	1780158237278	1780158237278	1780158237282	1780158237285
robot_3_s1170	1780158237300	1780158237300	1780158237304	1780158237306
robot_5_s3267	1780158237302	1780158237302	1780158237307	1780158237309
robot_2_s415	1780158237300	1780158237300	1780158237307	1780158237309
robot_1_s7514	1780158237354	1780158237355	1780158237358	1780158237361
robot_4_s3151	1780158237378	1780158237379	1780158237381	1780158237383
robot_3_s1170	1780158237399	1780158237399	1780158237401	1780158237404
robot_2_s415	1780158237399	1780158237399	1780158237402	1780158237405
robot_5_s3267	1780158237401	1780158237402	1780158237404	1780158237406
robot_1_s7514	1780158237454	1780158237454	1780158237456	1780158237459
robot_4_s3151	1780158237477	1780158237477	1780158237479	1780158237481
robot_3_s1170	1780158237499	1780158237499	1780158237501	1780158237504
robot_2_s415	1780158237499	1780158237499	1780158237502	1780158237504
robot_5_s3267	1780158237501	1780158237502	1780158237504	1780158237506
robot_1_s7514	1780158237554	1780158237554	1780158237556	1780158237558
robot_4_s3151	1780158237577	1780158237578	1780158237579	1780158237581
robot_3_s1170	1780158237599	1780158237599	1780158237602	1780158237604
robot_2_s415	1780158237599	1780158237599	1780158237602	1780158237604
robot_5_s3267	1780158237601	1780158237602	1780158237604	1780158237606
robot_1_s7514	1780158237654	1780158237654	1780158237656	1780158237658
robot_4_s3151	1780158237677	1780158237678	1780158237680	1780158237683
robot_3_s1170	1780158237699	1780158237699	1780158237702	1780158237704
robot_2_s415	1780158237699	1780158237699	1780158237703	1780158237705
robot_5_s3267	1780158237701	1780158237701	1780158237704	1780158237706
robot_1_s7514	1780158237754	1780158237754	1780158237757	1780158237759
robot_4_s3151	1780158237777	1780158237778	1780158237780	1780158237782
robot_3_s1170	1780158237799	1780158237800	1780158237802	1780158237804
robot_2_s415	1780158237799	1780158237799	1780158237802	1780158237805
robot_5_s3267	1780158237801	1780158237801	1780158237804	1780158237806
robot_1_s7514	1780158237854	1780158237854	1780158237856	1780158237859
robot_4_s3151	1780158237877	1780158237877	1780158237879	1780158237880
robot_3_s1170	1780158237899	1780158237899	1780158237901	1780158237904
robot_2_s415	1780158237899	1780158237899	1780158237901	1780158237904
robot_5_s3267	1780158237901	1780158237902	1780158237905	1780158237907
robot_1_s7514	1780158237954	1780158237954	1780158237957	1780158237959
robot_4_s3151	1780158237977	1780158237977	1780158237979	1780158237981
robot_3_s1170	1780158237999	1780158238000	1780158238003	1780158238005
robot_2_s415	1780158237999	1780158238000	1780158238003	1780158238005
robot_5_s3267	1780158238001	1780158238002	1780158238005	1780158238007
robot_1_s7514	1780158238054	1780158238054	1780158238057	1780158238058
robot_4_s3151	1780158238077	1780158238078	1780158238082	1780158238085
robot_3_s1170	1780158238099	1780158238100	1780158238101	1780158238104
robot_2_s415	1780158238099	1780158238099	1780158238104	1780158238106
robot_5_s3267	1780158238101	1780158238101	1780158238105	1780158238107
robot_1_s7514	1780158238154	1780158238155	1780158238157	1780158238160
robot_4_s3151	1780158238177	1780158238178	1780158238180	1780158238182
robot_3_s1170	1780158238199	1780158238199	1780158238201	1780158238204
robot_2_s415	1780158238199	1780158238199	1780158238201	1780158238205
robot_5_s3267	1780158238201	1780158238202	1780158238205	1780158238207
robot_1_s7514	1780158238254	1780158238254	1780158238256	1780158238259
robot_4_s3151	1780158238277	1780158238278	1780158238279	1780158238281
robot_3_s1170	1780158238299	1780158238299	1780158238302	1780158238304
robot_2_s415	1780158238299	1780158238299	1780158238302	1780158238304
robot_5_s3267	1780158238301	1780158238302	1780158238305	1780158238307
robot_1_s7514	1780158238354	1780158238354	1780158238356	1780158238358
robot_4_s3151	1780158238377	1780158238377	1780158238379	1780158238381
robot_3_s1170	1780158238399	1780158238399	1780158238402	1780158238405
robot_2_s415	1780158238399	1780158238399	1780158238403	1780158238406
robot_5_s3267	1780158238401	1780158238403	1780158238407	1780158238409
robot_1_s7514	1780158238454	1780158238455	1780158238457	1780158238458
robot_4_s3151	1780158238477	1780158238477	1780158238481	1780158238483
robot_5_s3267	1780158238501	1780158238501	1780158238504	1780158238506
robot_3_s1170	1780158238499	1780158238501	1780158238505	1780158238507
robot_2_s415	1780158238499	1780158238504	1780158238508	1780158238510
robot_1_s7514	1780158238554	1780158238554	1780158238557	1780158238559
robot_4_s3151	1780158238577	1780158238578	1780158238580	1780158238582
robot_3_s1170	1780158238599	1780158238599	1780158238601	1780158238604
robot_2_s415	1780158238599	1780158238599	1780158238602	1780158238604
robot_5_s3267	1780158238601	1780158238602	1780158238604	1780158238606
robot_1_s7514	1780158238654	1780158238654	1780158238657	1780158238659
robot_4_s3151	1780158238677	1780158238677	1780158238679	1780158238681
robot_3_s1170	1780158238699	1780158238699	1780158238701	1780158238704
robot_2_s415	1780158238699	1780158238699	1780158238702	1780158238705
robot_5_s3267	1780158238701	1780158238701	1780158238704	1780158238707
robot_1_s7514	1780158238754	1780158238755	1780158238757	1780158238759
robot_4_s3151	1780158238777	1780158238777	1780158238779	1780158238781
robot_3_s1170	1780158238799	1780158238799	1780158238801	1780158238804
robot_2_s415	1780158238799	1780158238799	1780158238802	1780158238804
robot_5_s3267	1780158238801	1780158238802	1780158238806	1780158238807
robot_1_s7514	1780158238854	1780158238854	1780158238857	1780158238858
robot_4_s3151	1780158238877	1780158238881	1780158238884	1780158238886
robot_5_s3267	1780158238901	1780158238901	1780158238904	1780158238906
robot_3_s1170	1780158238899	1780158238906	1780158238909	1780158238911
robot_2_s415	1780158238899	1780158238907	1780158238910	1780158238912
robot_1_s7514	1780158238954	1780158238954	1780158238957	1780158238958
robot_4_s3151	1780158238977	1780158238977	1780158238979	1780158238981
robot_3_s1170	1780158238999	1780158238999	1780158239002	1780158239005
robot_2_s415	1780158238999	1780158238999	1780158239003	1780158239006
robot_5_s3267	1780158239001	1780158239002	1780158239005	1780158239008
robot_1_s7514	1780158239054	1780158239054	1780158239057	1780158239059
robot_4_s3151	1780158239077	1780158239077	1780158239079	1780158239081
robot_3_s1170	1780158239099	1780158239099	1780158239101	1780158239103
robot_2_s415	1780158239099	1780158239099	1780158239101	1780158239104
robot_5_s3267	1780158239101	1780158239101	1780158239104	1780158239105
robot_1_s7514	1780158239154	1780158239155	1780158239158	1780158239160
robot_4_s3151	1780158239177	1780158239177	1780158239179	1780158239180
robot_2_s415	1780158239199	1780158239199	1780158239201	1780158239204
robot_3_s1170	1780158239199	1780158239199	1780158239201	1780158239204
robot_5_s3267	1780158239201	1780158239205	1780158239208	1780158239209
robot_1_s7514	1780158239254	1780158239255	1780158239257	1780158239259
robot_4_s3151	1780158239277	1780158239282	1780158239285	1780158239287
robot_5_s3267	1780158239301	1780158239301	1780158239303	1780158239305
robot_3_s1170	1780158239299	1780158239306	1780158239309	1780158239311
robot_2_s415	1780158239299	1780158239307	1780158239311	1780158239313
robot_1_s7514	1780158239354	1780158239354	1780158239359	1780158239362
robot_4_s3151	1780158239377	1780158239377	1780158239379	1780158239381
robot_3_s1170	1780158239399	1780158239399	1780158239402	1780158239404
robot_2_s415	1780158239399	1780158239399	1780158239402	1780158239404
robot_5_s3267	1780158239401	1780158239402	1780158239405	1780158239408
robot_1_s7514	1780158239454	1780158239454	1780158239457	1780158239459
robot_4_s3151	1780158239477	1780158239477	1780158239480	1780158239482
robot_3_s1170	1780158239499	1780158239499	1780158239501	1780158239504
robot_2_s415	1780158239499	1780158239499	1780158239501	1780158239504
robot_5_s3267	1780158239501	1780158239502	1780158239504	1780158239506
robot_1_s7514	1780158239554	1780158239554	1780158239556	1780158239558
robot_4_s3151	1780158239577	1780158239577	1780158239580	1780158239583
robot_3_s1170	1780158239599	1780158239599	1780158239601	1780158239604
robot_2_s415	1780158239599	1780158239599	1780158239602	1780158239605
robot_5_s3267	1780158239601	1780158239601	1780158239605	1780158239607
robot_1_s7514	1780158239654	1780158239654	1780158239657	1780158239658
robot_4_s3151	1780158239677	1780158239677	1780158239679	1780158239682
robot_5_s3267	1780158239701	1780158239701	1780158239704	1780158239706
robot_3_s1170	1780158239699	1780158239704	1780158239707	1780158239709
robot_2_s415	1780158239699	1780158239708	1780158239710	1780158239712
robot_1_s7514	1780158239754	1780158239754	1780158239757	1780158239758
robot_4_s3151	1780158239777	1780158239777	1780158239780	1780158239782
robot_3_s1170	1780158239799	1780158239799	1780158239801	1780158239804
robot_2_s415	1780158239799	1780158239799	1780158239801	1780158239804
robot_5_s3267	1780158239801	1780158239802	1780158239804	1780158239806
robot_1_s7514	1780158239854	1780158239854	1780158239857	1780158239858
robot_4_s3151	1780158239877	1780158239877	1780158239879	1780158239881
robot_3_s1170	1780158239899	1780158239899	1780158239901	1780158239904
robot_2_s415	1780158239899	1780158239899	1780158239902	1780158239904
robot_5_s3267	1780158239901	1780158239902	1780158239905	1780158239907
robot_1_s7514	1780158239954	1780158239955	1780158239957	1780158239958
robot_4_s3151	1780158239977	1780158239978	1780158239979	1780158239981
robot_3_s1170	1780158239999	1780158239999	1780158240002	1780158240004
robot_2_s415	1780158239999	1780158239999	1780158240003	1780158240005
robot_5_s3267	1780158240001	1780158240006	1780158240010	1780158240013
robot_1_s7514	1780158240055	1780158240055	1780158240058	1780158240059
robot_4_s3151	1780158240077	1780158240079	1780158240084	1780158240086
robot_5_s3267	1780158240101	1780158240102	1780158240105	1780158240107
robot_3_s1170	1780158240099	1780158240117	1780158240121	1780158240124
robot_2_s415	1780158240099	1780158240118	1780158240122	1780158240126
robot_1_s7514	1780158240154	1780158240155	1780158240160	1780158240163
robot_4_s3151	1780158240177	1780158240188	1780158240193	1780158240195
robot_5_s3267	1780158240201	1780158240202	1780158240205	1780158240207
robot_2_s415	1780158240199	1780158240201	1780158240208	1780158240210
robot_3_s1170	1780158240199	1780158240208	1780158240211	1780158240214
robot_1_s7514	1780158240254	1780158240255	1780158240257	1780158240260
robot_4_s3151	1780158240277	1780158240285	1780158240289	1780158240292
robot_2_s415	1780158240299	1780158240299	1780158240302	1780158240305
robot_3_s1170	1780158240299	1780158240299	1780158240302	1780158240305
robot_5_s3267	1780158240301	1780158240302	1780158240304	1780158240307
robot_1_s7514	1780158240354	1780158240355	1780158240357	1780158240360
robot_4_s3151	1780158240377	1780158240378	1780158240380	1780158240382
robot_3_s1170	1780158240400	1780158240401	1780158240403	1780158240406
robot_2_s415	1780158240400	1780158240401	1780158240404	1780158240407
robot_5_s3267	1780158240401	1780158240428	1780158240433	1780158240435
robot_1_s7514	1780158240454	1780158240454	1780158240457	1780158240459
robot_4_s3151	1780158240477	1780158240486	1780158240490	1780158240492
robot_5_s3267	1780158240501	1780158240501	1780158240504	1780158240507
robot_2_s415	1780158240499	1780158240510	1780158240515	1780158240517
robot_3_s1170	1780158240499	1780158240512	1780158240516	1780158240518
robot_1_s7514	1780158240554	1780158240554	1780158240558	1780158240560
robot_4_s3151	1780158240577	1780158240578	1780158240580	1780158240583
robot_3_s1170	1780158240599	1780158240599	1780158240602	1780158240605
robot_2_s415	1780158240599	1780158240599	1780158240602	1780158240605
robot_5_s3267	1780158240601	1780158240602	1780158240605	1780158240607
robot_1_s7514	1780158240654	1780158240655	1780158240657	1780158240659
robot_4_s3151	1780158240677	1780158240677	1780158240679	1780158240681
robot_3_s1170	1780158240699	1780158240699	1780158240701	1780158240704
robot_2_s415	1780158240699	1780158240699	1780158240702	1780158240704
robot_5_s3267	1780158240701	1780158240702	1780158240704	1780158240707
robot_1_s7514	1780158240754	1780158240754	1780158240757	1780158240758
robot_4_s3151	1780158240777	1780158240778	1780158240780	1780158240781
robot_3_s1170	1780158240800	1780158240800	1780158240802	1780158240805
robot_2_s415	1780158240799	1780158240800	1780158240804	1780158240806
robot_5_s3267	1780158240801	1780158240802	1780158240805	1780158240807
robot_1_s7514	1780158240854	1780158240854	1780158240857	1780158240859
robot_4_s3151	1780158240877	1780158240878	1780158240881	1780158240884
robot_3_s1170	1780158240899	1780158240899	1780158240902	1780158240904
robot_2_s415	1780158240899	1780158240899	1780158240902	1780158240904
robot_5_s3267	1780158240901	1780158240901	1780158240904	1780158240906
robot_1_s7514	1780158240954	1780158240954	1780158240958	1780158240960
robot_4_s3151	1780158240977	1780158240978	1780158240980	1780158240982
robot_3_s1170	1780158240999	1780158241000	1780158241003	1780158241005
robot_2_s415	1780158240999	1780158241000	1780158241003	1780158241006
robot_5_s3267	1780158241001	1780158241002	1780158241005	1780158241007
robot_1_s7514	1780158241054	1780158241054	1780158241056	1780158241059
robot_4_s3151	1780158241077	1780158241077	1780158241079	1780158241082
robot_3_s1170	1780158241099	1780158241099	1780158241101	1780158241104
robot_2_s415	1780158241099	1780158241099	1780158241101	1780158241104
robot_5_s3267	1780158241101	1780158241101	1780158241104	1780158241106
robot_1_s7514	1780158241154	1780158241154	1780158241157	1780158241158
robot_4_s3151	1780158241177	1780158241178	1780158241179	1780158241181
robot_3_s1170	1780158241199	1780158241200	1780158241202	1780158241204
robot_2_s415	1780158241199	1780158241200	1780158241203	1780158241206
robot_5_s3267	1780158241201	1780158241202	1780158241204	1780158241207
robot_1_s7514	1780158241255	1780158241255	1780158241257	1780158241259
robot_4_s3151	1780158241277	1780158241277	1780158241280	1780158241282
robot_5_s3267	1780158241301	1780158241302	1780158241304	1780158241306
robot_3_s1170	1780158241299	1780158241299	1780158241304	1780158241306
robot_2_s415	1780158241299	1780158241300	1780158241304	1780158241306
robot_1_s7514	1780158241354	1780158241354	1780158241357	1780158241358
robot_4_s3151	1780158241377	1780158241378	1780158241380	1780158241382
robot_2_s415	1780158241399	1780158241399	1780158241401	1780158241403
robot_3_s1170	1780158241399	1780158241399	1780158241402	1780158241405
robot_5_s3267	1780158241401	1780158241402	1780158241404	1780158241406
robot_1_s7514	1780158241454	1780158241454	1780158241457	1780158241459
robot_4_s3151	1780158241477	1780158241477	1780158241479	1780158241481
robot_3_s1170	1780158241499	1780158241499	1780158241501	1780158241503
robot_2_s415	1780158241499	1780158241499	1780158241501	1780158241503
robot_5_s3267	1780158241501	1780158241502	1780158241504	1780158241506
robot_1_s7514	1780158241554	1780158241554	1780158241557	1780158241558
robot_4_s3151	1780158241577	1780158241577	1780158241579	1780158241580
robot_3_s1170	1780158241599	1780158241600	1780158241602	1780158241606
robot_2_s415	1780158241599	1780158241600	1780158241604	1780158241608
robot_5_s3267	1780158241601	1780158241602	1780158241609	1780158241612
robot_1_s7514	1780158241654	1780158241654	1780158241656	1780158241658
robot_4_s3151	1780158241678	1780158241680	1780158241684	1780158241687
robot_5_s3267	1780158241702	1780158241702	1780158241706	1780158241708
robot_2_s415	1780158241700	1780158241704	1780158241709	1780158241712
robot_3_s1170	1780158241700	1780158241705	1780158241715	1780158241718
robot_1_s7514	1780158241754	1780158241755	1780158241759	1780158241761
robot_4_s3151	1780158241777	1780158241778	1780158241780	1780158241782
robot_3_s1170	1780158241799	1780158241800	1780158241802	1780158241805
robot_2_s415	1780158241799	1780158241800	1780158241803	1780158241805
robot_5_s3267	1780158241801	1780158241802	1780158241805	1780158241806
robot_1_s7514	1780158241854	1780158241854	1780158241857	1780158241859
robot_4_s3151	1780158241877	1780158241877	1780158241879	1780158241880
robot_3_s1170	1780158241899	1780158241899	1780158241901	1780158241904
robot_2_s415	1780158241899	1780158241899	1780158241901	1780158241904
robot_5_s3267	1780158241901	1780158241902	1780158241904	1780158241906
robot_1_s7514	1780158241954	1780158241954	1780158241957	1780158241959
robot_4_s3151	1780158241977	1780158241977	1780158241979	1780158241981
robot_3_s1170	1780158241999	1780158241999	1780158242002	1780158242004
robot_2_s415	1780158241999	1780158241999	1780158242002	1780158242005
robot_5_s3267	1780158242001	1780158242002	1780158242005	1780158242007
robot_1_s7514	1780158242054	1780158242055	1780158242057	1780158242059
robot_4_s3151	1780158242077	1780158242078	1780158242080	1780158242082
robot_3_s1170	1780158242099	1780158242099	1780158242102	1780158242104
robot_2_s415	1780158242099	1780158242099	1780158242102	1780158242104
robot_5_s3267	1780158242101	1780158242101	1780158242105	1780158242107
robot_1_s7514	1780158242154	1780158242154	1780158242157	1780158242159
robot_4_s3151	1780158242177	1780158242178	1780158242180	1780158242182
robot_3_s1170	1780158242199	1780158242199	1780158242201	1780158242203
robot_2_s415	1780158242199	1780158242199	1780158242201	1780158242203
robot_5_s3267	1780158242201	1780158242202	1780158242204	1780158242206
robot_1_s7514	1780158242254	1780158242254	1780158242257	1780158242259
robot_4_s3151	1780158242277	1780158242278	1780158242279	1780158242281
robot_3_s1170	1780158242299	1780158242299	1780158242302	1780158242304
robot_2_s415	1780158242299	1780158242299	1780158242302	1780158242304
robot_5_s3267	1780158242301	1780158242301	1780158242303	1780158242305
robot_1_s7514	1780158242354	1780158242355	1780158242357	1780158242359
robot_4_s3151	1780158242377	1780158242377	1780158242379	1780158242381
robot_3_s1170	1780158242399	1780158242400	1780158242402	1780158242405
robot_2_s415	1780158242399	1780158242400	1780158242402	1780158242405
robot_5_s3267	1780158242401	1780158242402	1780158242404	1780158242406
robot_1_s7514	1780158242454	1780158242454	1780158242456	1780158242458
robot_4_s3151	1780158242477	1780158242478	1780158242481	1780158242483
robot_3_s1170	1780158242499	1780158242500	1780158242502	1780158242504
robot_2_s415	1780158242499	1780158242500	1780158242502	1780158242506
robot_5_s3267	1780158242501	1780158242501	1780158242505	1780158242507
robot_1_s7514	1780158242554	1780158242554	1780158242556	1780158242558
robot_4_s3151	1780158242577	1780158242578	1780158242580	1780158242581
robot_3_s1170	1780158242599	1780158242599	1780158242602	1780158242604
robot_2_s415	1780158242599	1780158242599	1780158242602	1780158242606
robot_5_s3267	1780158242601	1780158242601	1780158242604	1780158242607
robot_1_s7514	1780158242654	1780158242654	1780158242657	1780158242659
robot_4_s3151	1780158242677	1780158242677	1780158242679	1780158242681
robot_3_s1170	1780158242699	1780158242699	1780158242701	1780158242704
robot_2_s415	1780158242699	1780158242699	1780158242701	1780158242704
robot_5_s3267	1780158242701	1780158242702	1780158242705	1780158242707
robot_1_s7514	1780158242754	1780158242755	1780158242757	1780158242758
robot_4_s3151	1780158242777	1780158242777	1780158242780	1780158242782
robot_3_s1170	1780158242799	1780158242800	1780158242802	1780158242805
robot_2_s415	1780158242799	1780158242800	1780158242803	1780158242806
robot_5_s3267	1780158242801	1780158242802	1780158242806	1780158242807
robot_1_s7514	1780158242854	1780158242854	1780158242857	1780158242859
robot_4_s3151	1780158242877	1780158242878	1780158242881	1780158242883
robot_2_s415	1780158242899	1780158242900	1780158242902	1780158242904
robot_5_s3267	1780158242901	1780158242902	1780158242903	1780158242906
robot_3_s1170	1780158242899	1780158242900	1780158242902	1780158242906
robot_1_s7514	1780158242954	1780158242955	1780158242958	1780158242960
robot_4_s3151	1780158242978	1780158242978	1780158242980	1780158242982
robot_3_s1170	1780158242999	1780158242999	1780158243001	1780158243004
robot_2_s415	1780158242999	1780158242999	1780158243002	1780158243005
robot_5_s3267	1780158243001	1780158243001	1780158243005	1780158243007
robot_1_s7514	1780158243054	1780158243054	1780158243057	1780158243059
robot_4_s3151	1780158243077	1780158243078	1780158243079	1780158243081
robot_3_s1170	1780158243099	1780158243099	1780158243101	1780158243104
robot_2_s415	1780158243099	1780158243099	1780158243101	1780158243104
robot_5_s3267	1780158243101	1780158243102	1780158243104	1780158243106
robot_1_s7514	1780158243154	1780158243154	1780158243157	1780158243158
robot_4_s3151	1780158243177	1780158243177	1780158243179	1780158243181
robot_3_s1170	1780158243199	1780158243199	1780158243202	1780158243204
robot_2_s415	1780158243199	1780158243199	1780158243202	1780158243204
robot_5_s3267	1780158243201	1780158243202	1780158243204	1780158243206
robot_1_s7514	1780158243254	1780158243255	1780158243256	1780158243258
robot_4_s3151	1780158243277	1780158243278	1780158243280	1780158243282
robot_3_s1170	1780158243299	1780158243299	1780158243302	1780158243304
robot_2_s415	1780158243299	1780158243299	1780158243302	1780158243304
robot_5_s3267	1780158243301	1780158243302	1780158243305	1780158243306
robot_1_s7514	1780158243354	1780158243354	1780158243357	1780158243359
robot_4_s3151	1780158243377	1780158243378	1780158243380	1780158243382
robot_3_s1170	1780158243399	1780158243399	1780158243401	1780158243404
robot_2_s415	1780158243399	1780158243399	1780158243401	1780158243404
robot_5_s3267	1780158243401	1780158243402	1780158243404	1780158243406
robot_1_s7514	1780158243454	1780158243454	1780158243456	1780158243459
robot_4_s3151	1780158243477	1780158243477	1780158243479	1780158243481
robot_3_s1170	1780158243499	1780158243499	1780158243501	1780158243504
robot_2_s415	1780158243499	1780158243499	1780158243501	1780158243504
robot_5_s3267	1780158243501	1780158243502	1780158243505	1780158243507
robot_1_s7514	1780158243554	1780158243555	1780158243557	1780158243558
robot_4_s3151	1780158243577	1780158243578	1780158243580	1780158243581
robot_3_s1170	1780158243599	1780158243599	1780158243602	1780158243604
robot_2_s415	1780158243599	1780158243599	1780158243603	1780158243606
robot_5_s3267	1780158243601	1780158243602	1780158243605	1780158243607
robot_1_s7514	1780158243654	1780158243654	1780158243657	1780158243659
robot_4_s3151	1780158243677	1780158243677	1780158243680	1780158243682
robot_3_s1170	1780158243699	1780158243699	1780158243702	1780158243704
robot_2_s415	1780158243699	1780158243700	1780158243705	1780158243707
robot_5_s3267	1780158243701	1780158243702	1780158243705	1780158243707
robot_1_s7514	1780158243754	1780158243755	1780158243758	1780158243761
robot_4_s3151	1780158243778	1780158243778	1780158243782	1780158243784
robot_3_s1170	1780158243799	1780158243800	1780158243803	1780158243806
robot_5_s3267	1780158243802	1780158243802	1780158243805	1780158243807
robot_2_s415	1780158243799	1780158243800	1780158243804	1780158243808
robot_1_s7514	1780158243854	1780158243855	1780158243858	1780158243860
robot_4_s3151	1780158243877	1780158243878	1780158243880	1780158243883
robot_3_s1170	1780158243899	1780158243899	1780158243901	1780158243904
robot_2_s415	1780158243899	1780158243899	1780158243901	1780158243904
robot_5_s3267	1780158243901	1780158243902	1780158243904	1780158243906
robot_1_s7514	1780158243954	1780158243954	1780158243957	1780158243958
robot_4_s3151	1780158243977	1780158243977	1780158243979	1780158243980
robot_3_s1170	1780158243999	1780158244000	1780158244003	1780158244005
robot_2_s415	1780158243999	1780158244000	1780158244003	1780158244005
robot_5_s3267	1780158244002	1780158244002	1780158244005	1780158244006
robot_1_s7514	1780158244054	1780158244055	1780158244057	1780158244059
robot_4_s3151	1780158244077	1780158244078	1780158244080	1780158244082
robot_3_s1170	1780158244099	1780158244099	1780158244103	1780158244105
robot_5_s3267	1780158244101	1780158244102	1780158244105	1780158244107
robot_2_s415	1780158244099	1780158244100	1780158244105	1780158244107
robot_1_s7514	1780158244154	1780158244154	1780158244157	1780158244159
robot_4_s3151	1780158244178	1780158244179	1780158244181	1780158244184
robot_3_s1170	1780158244199	1780158244199	1780158244202	1780158244204
robot_2_s415	1780158244199	1780158244199	1780158244202	1780158244206
robot_5_s3267	1780158244201	1780158244202	1780158244204	1780158244207
robot_1_s7514	1780158244254	1780158244255	1780158244257	1780158244260
robot_4_s3151	1780158244277	1780158244278	1780158244280	1780158244282
robot_3_s1170	1780158244299	1780158244300	1780158244303	1780158244306
robot_2_s415	1780158244299	1780158244300	1780158244304	1780158244306
robot_5_s3267	1780158244301	1780158244302	1780158244307	1780158244309
robot_1_s7514	1780158244354	1780158244355	1780158244358	1780158244360
robot_4_s3151	1780158244377	1780158244378	1780158244380	1780158244383
robot_3_s1170	1780158244400	1780158244401	1780158244410	1780158244418
robot_2_s415	1780158244400	1780158244401	1780158244413	1780158244418
robot_5_s3267	1780158244410	1780158244420	1780158244424	1780158244428
robot_1_s7514	1780158244454	1780158244454	1780158244457	1780158244459
robot_4_s3151	1780158244478	1780158244479	1780158244483	1780158244485
robot_2_s415	1780158244499	1780158244500	1780158244503	1780158244506
robot_5_s3267	1780158244501	1780158244502	1780158244504	1780158244507
robot_3_s1170	1780158244499	1780158244500	1780158244504	1780158244507
robot_1_s7514	1780158244554	1780158244554	1780158244557	1780158244559
robot_4_s3151	1780158244577	1780158244578	1780158244580	1780158244582
robot_3_s1170	1780158244599	1780158244599	1780158244601	1780158244603
robot_2_s415	1780158244599	1780158244599	1780158244601	1780158244603
robot_5_s3267	1780158244602	1780158244602	1780158244604	1780158244606
robot_1_s7514	1780158244654	1780158244654	1780158244657	1780158244659
robot_4_s3151	1780158244677	1780158244677	1780158244679	1780158244680
robot_3_s1170	1780158244699	1780158244699	1780158244701	1780158244704
robot_2_s415	1780158244699	1780158244699	1780158244701	1780158244704
robot_5_s3267	1780158244701	1780158244702	1780158244704	1780158244706
robot_1_s7514	1780158244754	1780158244754	1780158244756	1780158244758
robot_4_s3151	1780158244777	1780158244777	1780158244779	1780158244781
robot_3_s1170	1780158244799	1780158244799	1780158244802	1780158244805
robot_2_s415	1780158244799	1780158244799	1780158244802	1780158244805
robot_5_s3267	1780158244801	1780158244803	1780158244805	1780158244807
robot_1_s7514	1780158244854	1780158244854	1780158244856	1780158244858
robot_4_s3151	1780158244877	1780158244877	1780158244880	1780158244882
robot_3_s1170	1780158244899	1780158244899	1780158244902	1780158244904
robot_2_s415	1780158244899	1780158244900	1780158244904	1780158244906
robot_5_s3267	1780158244901	1780158244902	1780158244905	1780158244907
robot_1_s7514	1780158244954	1780158244954	1780158244956	1780158244959
robot_4_s3151	1780158244977	1780158244978	1780158244980	1780158244981
robot_3_s1170	1780158244999	1780158244999	1780158245002	1780158245004
robot_2_s415	1780158244999	1780158244999	1780158245002	1780158245004
robot_5_s3267	1780158245001	1780158245001	1780158245004	1780158245006
robot_1_s7514	1780158245054	1780158245054	1780158245057	1780158245059
robot_4_s3151	1780158245077	1780158245077	1780158245079	1780158245081
robot_3_s1170	1780158245099	1780158245099	1780158245101	1780158245103
robot_2_s415	1780158245099	1780158245099	1780158245101	1780158245104
robot_5_s3267	1780158245101	1780158245102	1780158245104	1780158245106
robot_1_s7514	1780158245154	1780158245154	1780158245157	1780158245158
robot_4_s3151	1780158245177	1780158245178	1780158245179	1780158245181
robot_3_s1170	1780158245199	1780158245199	1780158245202	1780158245204
robot_2_s415	1780158245199	1780158245199	1780158245203	1780158245206
robot_5_s3267	1780158245201	1780158245202	1780158245205	1780158245207
robot_1_s7514	1780158245254	1780158245254	1780158245256	1780158245257
robot_4_s3151	1780158245277	1780158245277	1780158245280	1780158245282
robot_2_s415	1780158245299	1780158245299	1780158245302	1780158245305
robot_3_s1170	1780158245299	1780158245299	1780158245304	1780158245306
robot_5_s3267	1780158245301	1780158245302	1780158245307	1780158245308
robot_1_s7514	1780158245354	1780158245354	1780158245357	1780158245359
robot_4_s3151	1780158245377	1780158245378	1780158245380	1780158245381
robot_3_s1170	1780158245399	1780158245399	1780158245401	1780158245403
robot_2_s415	1780158245399	1780158245399	1780158245401	1780158245405
robot_5_s3267	1780158245402	1780158245402	1780158245404	1780158245406
robot_1_s7514	1780158245454	1780158245454	1780158245457	1780158245458
robot_4_s3151	1780158245477	1780158245477	1780158245479	1780158245481
robot_3_s1170	1780158245499	1780158245499	1780158245501	1780158245503
robot_2_s415	1780158245499	1780158245499	1780158245501	1780158245503
robot_5_s3267	1780158245501	1780158245502	1780158245504	1780158245506
robot_1_s7514	1780158245554	1780158245555	1780158245557	1780158245559
robot_4_s3151	1780158245577	1780158245577	1780158245579	1780158245581
robot_3_s1170	1780158245599	1780158245599	1780158245602	1780158245604
robot_2_s415	1780158245599	1780158245599	1780158245602	1780158245604
robot_5_s3267	1780158245601	1780158245602	1780158245605	1780158245607
robot_1_s7514	1780158245654	1780158245654	1780158245656	1780158245658
robot_4_s3151	1780158245678	1780158245678	1780158245680	1780158245682
robot_3_s1170	1780158245699	1780158245699	1780158245703	1780158245705
robot_2_s415	1780158245699	1780158245699	1780158245703	1780158245705
robot_5_s3267	1780158245701	1780158245701	1780158245704	1780158245706
robot_1_s7514	1780158245754	1780158245754	1780158245757	1780158245759
robot_4_s3151	1780158245778	1780158245778	1780158245780	1780158245783
robot_3_s1170	1780158245799	1780158245799	1780158245801	1780158245803
robot_2_s415	1780158245799	1780158245799	1780158245801	1780158245804
robot_5_s3267	1780158245801	1780158245802	1780158245805	1780158245815
robot_1_s7514	1780158245854	1780158245854	1780158245857	1780158245859
robot_4_s3151	1780158245877	1780158245877	1780158245879	1780158245881
robot_3_s1170	1780158245899	1780158245899	1780158245902	1780158245904
robot_2_s415	1780158245899	1780158245899	1780158245902	1780158245905
robot_5_s3267	1780158245901	1780158245902	1780158245905	1780158245908
robot_1_s7514	1780158245954	1780158245954	1780158245957	1780158245958
robot_4_s3151	1780158245977	1780158245977	1780158245979	1780158245981
robot_3_s1170	1780158245999	1780158246000	1780158246003	1780158246005
robot_2_s415	1780158245999	1780158246000	1780158246003	1780158246005
robot_5_s3267	1780158246001	1780158246002	1780158246007	1780158246010
robot_1_s7514	1780158246054	1780158246054	1780158246056	1780158246058
robot_4_s3151	1780158246077	1780158246078	1780158246080	1780158246082
robot_5_s3267	1780158246101	1780158246101	1780158246104	1780158246107
robot_2_s415	1780158246099	1780158246102	1780158246106	1780158246108
robot_3_s1170	1780158246099	1780158246101	1780158246107	1780158246109
robot_1_s7514	1780158246154	1780158246154	1780158246156	1780158246158
robot_4_s3151	1780158246177	1780158246178	1780158246180	1780158246181
robot_3_s1170	1780158246199	1780158246199	1780158246201	1780158246204
robot_2_s415	1780158246199	1780158246199	1780158246202	1780158246204
robot_5_s3267	1780158246201	1780158246202	1780158246204	1780158246206
robot_1_s7514	1780158246254	1780158246254	1780158246257	1780158246259
robot_4_s3151	1780158246277	1780158246278	1780158246279	1780158246281
robot_3_s1170	1780158246299	1780158246299	1780158246301	1780158246303
robot_2_s415	1780158246299	1780158246299	1780158246301	1780158246303
robot_5_s3267	1780158246301	1780158246302	1780158246304	1780158246306
robot_1_s7514	1780158246354	1780158246354	1780158246357	1780158246358
robot_4_s3151	1780158246377	1780158246377	1780158246379	1780158246381
robot_3_s1170	1780158246399	1780158246400	1780158246402	1780158246405
robot_2_s415	1780158246399	1780158246400	1780158246403	1780158246405
robot_5_s3267	1780158246401	1780158246402	1780158246406	1780158246408
robot_1_s7514	1780158246454	1780158246454	1780158246457	1780158246459
robot_4_s3151	1780158246478	1780158246480	1780158246485	1780158246488
robot_5_s3267	1780158246502	1780158246502	1780158246505	1780158246508
robot_2_s415	1780158246501	1780158246510	1780158246523	1780158246526
robot_3_s1170	1780158246500	1780158246513	1780158246524	1780158246528
robot_1_s7514	1780158246554	1780158246555	1780158246557	1780158246559
robot_4_s3151	1780158246577	1780158246578	1780158246580	1780158246582
robot_3_s1170	1780158246599	1780158246599	1780158246601	1780158246603
robot_2_s415	1780158246599	1780158246599	1780158246601	1780158246605
robot_5_s3267	1780158246601	1780158246602	1780158246604	1780158246606
robot_1_s7514	1780158246654	1780158246654	1780158246657	1780158246659
robot_4_s3151	1780158246677	1780158246677	1780158246679	1780158246681
robot_3_s1170	1780158246699	1780158246699	1780158246701	1780158246704
robot_2_s415	1780158246699	1780158246699	1780158246701	1780158246704
robot_5_s3267	1780158246701	1780158246702	1780158246704	1780158246706
robot_1_s7514	1780158246754	1780158246755	1780158246757	1780158246759
robot_4_s3151	1780158246777	1780158246777	1780158246779	1780158246781
robot_3_s1170	1780158246799	1780158246799	1780158246802	1780158246805
robot_2_s415	1780158246799	1780158246799	1780158246804	1780158246807
robot_5_s3267	1780158246801	1780158246802	1780158246807	1780158246809
robot_1_s7514	1780158246854	1780158246854	1780158246858	1780158246860
robot_4_s3151	1780158246877	1780158246880	1780158246884	1780158246886
robot_3_s1170	1780158246899	1780158246899	1780158246902	1780158246905
robot_2_s415	1780158246899	1780158246899	1780158246903	1780158246905
robot_5_s3267	1780158246901	1780158246901	1780158246904	1780158246906
robot_1_s7514	1780158246954	1780158246954	1780158246957	1780158246959
robot_4_s3151	1780158246977	1780158246978	1780158246980	1780158246982
robot_3_s1170	1780158246999	1780158246999	1780158247001	1780158247004
robot_2_s415	1780158246999	1780158246999	1780158247001	1780158247004
robot_5_s3267	1780158247001	1780158247002	1780158247004	1780158247007
robot_1_s7514	1780158247054	1780158247054	1780158247057	1780158247059
robot_4_s3151	1780158247077	1780158247077	1780158247079	1780158247081
robot_3_s1170	1780158247099	1780158247099	1780158247101	1780158247103
robot_2_s415	1780158247099	1780158247099	1780158247101	1780158247103
robot_5_s3267	1780158247101	1780158247101	1780158247104	1780158247105
robot_1_s7514	1780158247154	1780158247154	1780158247156	1780158247158
robot_4_s3151	1780158247177	1780158247178	1780158247179	1780158247181
robot_3_s1170	1780158247199	1780158247199	1780158247202	1780158247204
robot_2_s415	1780158247199	1780158247199	1780158247202	1780158247204
robot_5_s3267	1780158247201	1780158247201	1780158247205	1780158247207
robot_1_s7514	1780158247255	1780158247255	1780158247257	1780158247259
robot_4_s3151	1780158247277	1780158247277	1780158247280	1780158247282
robot_3_s1170	1780158247299	1780158247299	1780158247303	1780158247306
robot_5_s3267	1780158247301	1780158247302	1780158247305	1780158247307
robot_2_s415	1780158247299	1780158247300	1780158247305	1780158247308
robot_1_s7514	1780158247354	1780158247355	1780158247357	1780158247359
robot_4_s3151	1780158247377	1780158247378	1780158247380	1780158247382
robot_3_s1170	1780158247399	1780158247399	1780158247401	1780158247404
robot_2_s415	1780158247399	1780158247399	1780158247401	1780158247404
robot_5_s3267	1780158247402	1780158247402	1780158247404	1780158247406
robot_1_s7514	1780158247454	1780158247454	1780158247457	1780158247458
robot_4_s3151	1780158247477	1780158247477	1780158247479	1780158247481
robot_3_s1170	1780158247499	1780158247499	1780158247501	1780158247504
robot_2_s415	1780158247499	1780158247499	1780158247501	1780158247504
robot_5_s3267	1780158247501	1780158247502	1780158247505	1780158247507
robot_1_s7514	1780158247554	1780158247554	1780158247556	1780158247558
robot_4_s3151	1780158247577	1780158247577	1780158247579	1780158247580
robot_3_s1170	1780158247599	1780158247600	1780158247603	1780158247605
robot_2_s415	1780158247599	1780158247600	1780158247603	1780158247605
robot_5_s3267	1780158247601	1780158247602	1780158247604	1780158247606
robot_1_s7514	1780158247654	1780158247654	1780158247657	1780158247658
robot_4_s3151	1780158247677	1780158247677	1780158247679	1780158247681
robot_3_s1170	1780158247699	1780158247700	1780158247702	1780158247704
robot_2_s415	1780158247699	1780158247700	1780158247703	1780158247706
robot_5_s3267	1780158247701	1780158247702	1780158247705	1780158247707
robot_1_s7514	1780158247754	1780158247754	1780158247757	1780158247759
robot_4_s3151	1780158247777	1780158247778	1780158247780	1780158247782
robot_3_s1170	1780158247799	1780158247799	1780158247801	1780158247804
robot_2_s415	1780158247799	1780158247799	1780158247801	1780158247804
robot_5_s3267	1780158247801	1780158247802	1780158247804	1780158247806
robot_1_s7514	1780158247854	1780158247855	1780158247858	1780158247860
robot_4_s3151	1780158247877	1780158247878	1780158247880	1780158247883
robot_3_s1170	1780158247899	1780158247899	1780158247902	1780158247905
robot_2_s415	1780158247899	1780158247899	1780158247902	1780158247905
robot_5_s3267	1780158247901	1780158247901	1780158247904	1780158247907
robot_1_s7514	1780158247954	1780158247954	1780158247957	1780158247958
robot_4_s3151	1780158247977	1780158247977	1780158247979	1780158247981
robot_3_s1170	1780158247999	1780158248000	1780158248002	1780158248006
robot_2_s415	1780158247999	1780158248000	1780158248002	1780158248007
robot_5_s3267	1780158248001	1780158248003	1780158248007	1780158248009
robot_1_s7514	1780158248054	1780158248055	1780158248058	1780158248060
robot_4_s3151	1780158248078	1780158248080	1780158248085	1780158248088
robot_5_s3267	1780158248101	1780158248102	1780158248104	1780158248107
robot_3_s1170	1780158248099	1780158248105	1780158248109	1780158248111
robot_2_s415	1780158248099	1780158248104	1780158248109	1780158248111
robot_1_s7514	1780158248154	1780158248155	1780158248160	1780158248162
robot_4_s3151	1780158248177	1780158248178	1780158248180	1780158248182
robot_3_s1170	1780158248198	1780158248199	1780158248201	1780158248203
robot_2_s415	1780158248199	1780158248199	1780158248201	1780158248204
robot_5_s3267	1780158248201	1780158248202	1780158248204	1780158248206
robot_1_s7514	1780158248254	1780158248254	1780158248257	1780158248259
robot_4_s3151	1780158248277	1780158248277	1780158248279	1780158248280
robot_3_s1170	1780158248299	1780158248299	1780158248301	1780158248304
robot_2_s415	1780158248299	1780158248299	1780158248301	1780158248304
robot_5_s3267	1780158248301	1780158248302	1780158248305	1780158248308
robot_1_s7514	1780158248354	1780158248354	1780158248357	1780158248359
robot_4_s3151	1780158248377	1780158248377	1780158248380	1780158248381
robot_3_s1170	1780158248399	1780158248400	1780158248403	1780158248405
robot_2_s415	1780158248399	1780158248400	1780158248403	1780158248405
robot_5_s3267	1780158248402	1780158248402	1780158248405	1780158248407
robot_1_s7514	1780158248454	1780158248455	1780158248457	1780158248458
robot_4_s3151	1780158248477	1780158248478	1780158248480	1780158248483
robot_2_s415	1780158248499	1780158248500	1780158248502	1780158248505
robot_3_s1170	1780158248499	1780158248500	1780158248502	1780158248506
robot_5_s3267	1780158248501	1780158248502	1780158248506	1780158248508
robot_1_s7514	1780158248554	1780158248555	1780158248558	1780158248560
robot_4_s3151	1780158248577	1780158248578	1780158248580	1780158248582
robot_3_s1170	1780158248599	1780158248599	1780158248601	1780158248603
robot_2_s415	1780158248599	1780158248599	1780158248601	1780158248603
robot_5_s3267	1780158248601	1780158248601	1780158248604	1780158248606
robot_1_s7514	1780158248654	1780158248654	1780158248656	1780158248659
robot_4_s3151	1780158248677	1780158248678	1780158248680	1780158248682
robot_3_s1170	1780158248699	1780158248699	1780158248701	1780158248703
robot_2_s415	1780158248699	1780158248699	1780158248701	1780158248703
robot_5_s3267	1780158248701	1780158248702	1780158248705	1780158248707
robot_1_s7514	1780158248754	1780158248754	1780158248756	1780158248758
robot_4_s3151	1780158248777	1780158248778	1780158248780	1780158248781
robot_3_s1170	1780158248799	1780158248800	1780158248802	1780158248804
robot_2_s415	1780158248799	1780158248800	1780158248802	1780158248804
robot_5_s3267	1780158248801	1780158248802	1780158248805	1780158248807
robot_1_s7514	1780158248854	1780158248854	1780158248856	1780158248858
robot_4_s3151	1780158248877	1780158248878	1780158248881	1780158248884
robot_3_s1170	1780158248899	1780158248899	1780158248903	1780158248905
robot_2_s415	1780158248899	1780158248900	1780158248903	1780158248905
robot_5_s3267	1780158248901	1780158248901	1780158248906	1780158248908
robot_1_s7514	1780158248954	1780158248954	1780158248957	1780158248959
robot_4_s3151	1780158248977	1780158248978	1780158248980	1780158248982
robot_3_s1170	1780158248999	1780158248999	1780158249001	1780158249004
robot_2_s415	1780158248999	1780158248999	1780158249001	1780158249004
robot_5_s3267	1780158249001	1780158249002	1780158249005	1780158249008
robot_1_s7514	1780158249054	1780158249054	1780158249057	1780158249059
robot_4_s3151	1780158249077	1780158249078	1780158249079	1780158249081
robot_3_s1170	1780158249099	1780158249099	1780158249101	1780158249105
robot_2_s415	1780158249099	1780158249099	1780158249101	1780158249105
robot_5_s3267	1780158249101	1780158249102	1780158249104	1780158249106
robot_1_s7514	1780158249154	1780158249154	1780158249157	1780158249158
robot_4_s3151	1780158249177	1780158249177	1780158249179	1780158249181
robot_3_s1170	1780158249199	1780158249199	1780158249203	1780158249205
robot_2_s415	1780158249199	1780158249199	1780158249203	1780158249205
robot_5_s3267	1780158249202	1780158249203	1780158249207	1780158249208
robot_1_s7514	1780158249254	1780158249254	1780158249256	1780158249258
robot_4_s3151	1780158249277	1780158249278	1780158249281	1780158249283
robot_3_s1170	1780158249299	1780158249299	1780158249303	1780158249305
robot_5_s3267	1780158249301	1780158249301	1780158249306	1780158249307
robot_2_s415	1780158249299	1780158249300	1780158249305	1780158249307
robot_1_s7514	1780158249354	1780158249355	1780158249357	1780158249360
robot_4_s3151	1780158249377	1780158249378	1780158249380	1780158249382
robot_3_s1170	1780158249399	1780158249399	1780158249401	1780158249404
robot_2_s415	1780158249399	1780158249399	1780158249401	1780158249404
robot_5_s3267	1780158249402	1780158249403	1780158249405	1780158249407
robot_1_s7514	1780158249454	1780158249454	1780158249457	1780158249459
robot_4_s3151	1780158249477	1780158249477	1780158249479	1780158249481
robot_3_s1170	1780158249499	1780158249499	1780158249501	1780158249504
robot_2_s415	1780158249499	1780158249499	1780158249502	1780158249505
robot_5_s3267	1780158249501	1780158249501	1780158249504	1780158249507
robot_1_s7514	1780158249554	1780158249554	1780158249557	1780158249559
robot_4_s3151	1780158249577	1780158249577	1780158249579	1780158249582
robot_3_s1170	1780158249599	1780158249600	1780158249604	1780158249606
robot_2_s415	1780158249599	1780158249600	1780158249604	1780158249606
robot_5_s3267	1780158249602	1780158249603	1780158249607	1780158249610
robot_1_s7514	1780158249653	1780158249654	1780158249657	1780158249658
robot_4_s3151	1780158249677	1780158249678	1780158249682	1780158249685
robot_3_s1170	1780158249699	1780158249700	1780158249704	1780158249707
robot_2_s415	1780158249699	1780158249700	1780158249705	1780158249707
robot_5_s3267	1780158249701	1780158249702	1780158249704	1780158249707
robot_1_s7514	1780158249755	1780158249755	1780158249759	1780158249761
robot_4_s3151	1780158249778	1780158249778	1780158249781	1780158249784
robot_3_s1170	1780158249799	1780158249800	1780158249803	1780158249806
robot_2_s415	1780158249799	1780158249800	1780158249803	1780158249806
robot_5_s3267	1780158249801	1780158249802	1780158249806	1780158249809
robot_1_s7514	1780158249854	1780158249854	1780158249857	1780158249860
robot_4_s3151	1780158249877	1780158249877	1780158249879	1780158249882
robot_3_s1170	1780158249898	1780158249899	1780158249901	1780158249904
robot_2_s415	1780158249899	1780158249899	1780158249901	1780158249904
robot_5_s3267	1780158249901	1780158249902	1780158249904	1780158249907
robot_1_s7514	1780158249954	1780158249955	1780158249957	1780158249959
robot_4_s3151	1780158249977	1780158249977	1780158249979	1780158249981
robot_3_s1170	1780158249999	1780158250000	1780158250003	1780158250006
robot_2_s415	1780158249999	1780158250000	1780158250003	1780158250006
robot_5_s3267	1780158250002	1780158250003	1780158250007	1780158250009
robot_1_s7514	1780158250054	1780158250054	1780158250057	1780158250058
robot_4_s3151	1780158250077	1780158250078	1780158250081	1780158250083
robot_3_s1170	1780158250099	1780158250100	1780158250102	1780158250105
robot_2_s415	1780158250099	1780158250100	1780158250104	1780158250107
robot_5_s3267	1780158250102	1780158250102	1780158250105	1780158250108
robot_1_s7514	1780158250154	1780158250154	1780158250157	1780158250160
robot_4_s3151	1780158250178	1780158250178	1780158250181	1780158250184
robot_3_s1170	1780158250199	1780158250199	1780158250202	1780158250204
robot_2_s415	1780158250199	1780158250199	1780158250202	1780158250205
robot_5_s3267	1780158250201	1780158250202	1780158250205	1780158250208
robot_1_s7514	1780158250254	1780158250254	1780158250257	1780158250260
robot_4_s3151	1780158250277	1780158250277	1780158250279	1780158250281
robot_3_s1170	1780158250299	1780158250299	1780158250301	1780158250303
robot_2_s415	1780158250299	1780158250299	1780158250301	1780158250303
robot_5_s3267	1780158250301	1780158250302	1780158250304	1780158250306
robot_1_s7514	1780158250354	1780158250354	1780158250357	1780158250358
robot_4_s3151	1780158250377	1780158250377	1780158250380	1780158250382
robot_2_s415	1780158250399	1780158250400	1780158250403	1780158250405
robot_3_s1170	1780158250399	1780158250400	1780158250404	1780158250407
robot_5_s3267	1780158250401	1780158250402	1780158250405	1780158250408
robot_1_s7514	1780158250454	1780158250455	1780158250457	1780158250458
robot_4_s3151	1780158250477	1780158250478	1780158250481	1780158250483
robot_3_s1170	1780158250499	1780158250499	1780158250501	1780158250504
robot_2_s415	1780158250499	1780158250499	1780158250502	1780158250504
robot_5_s3267	1780158250501	1780158250501	1780158250504	1780158250506
robot_1_s7514	1780158250554	1780158250555	1780158250557	1780158250559
robot_4_s3151	1780158250577	1780158250578	1780158250580	1780158250582
robot_3_s1170	1780158250599	1780158250599	1780158250601	1780158250604
robot_2_s415	1780158250599	1780158250599	1780158250602	1780158250604
robot_5_s3267	1780158250601	1780158250602	1780158250604	1780158250606
robot_1_s7514	1780158250654	1780158250654	1780158250658	1780158250660
robot_4_s3151	1780158250677	1780158250677	1780158250679	1780158250681
robot_3_s1170	1780158250699	1780158250699	1780158250701	1780158250704
robot_2_s415	1780158250699	1780158250699	1780158250701	1780158250704
robot_5_s3267	1780158250701	1780158250702	1780158250704	1780158250706
robot_1_s7514	1780158250754	1780158250754	1780158250757	1780158250759
robot_4_s3151	1780158250777	1780158250778	1780158250780	1780158250782
robot_3_s1170	1780158250800	1780158250800	1780158250804	1780158250806
robot_2_s415	1780158250800	1780158250800	1780158250804	1780158250806
robot_5_s3267	1780158250802	1780158250804	1780158250808	1780158250810
robot_1_s7514	1780158250854	1780158250855	1780158250858	1780158250859
robot_4_s3151	1780158250877	1780158250878	1780158250880	1780158250882
robot_3_s1170	1780158250899	1780158250899	1780158250902	1780158250905
robot_2_s415	1780158250899	1780158250900	1780158250903	1780158250907
robot_5_s3267	1780158250901	1780158250902	1780158250904	1780158250907
robot_1_s7514	1780158250954	1780158250954	1780158250957	1780158250959
robot_4_s3151	1780158250977	1780158250978	1780158250979	1780158250981
robot_3_s1170	1780158250999	1780158250999	1780158251001	1780158251004
robot_2_s415	1780158250999	1780158250999	1780158251001	1780158251004
robot_5_s3267	1780158251001	1780158251002	1780158251004	1780158251007
robot_1_s7514	1780158251054	1780158251055	1780158251057	1780158251059
robot_4_s3151	1780158251077	1780158251077	1780158251079	1780158251081
robot_3_s1170	1780158251099	1780158251099	1780158251101	1780158251104
robot_2_s415	1780158251099	1780158251099	1780158251101	1780158251104
robot_5_s3267	1780158251101	1780158251102	1780158251105	1780158251107
robot_1_s7514	1780158251154	1780158251155	1780158251157	1780158251159
robot_4_s3151	1780158251177	1780158251177	1780158251179	1780158251180
robot_3_s1170	1780158251199	1780158251199	1780158251201	1780158251204
robot_2_s415	1780158251199	1780158251199	1780158251201	1780158251204
robot_5_s3267	1780158251201	1780158251202	1780158251204	1780158251206
robot_1_s7514	1780158251254	1780158251254	1780158251257	1780158251258
robot_4_s3151	1780158251277	1780158251278	1780158251282	1780158251284
robot_3_s1170	1780158251299	1780158251299	1780158251302	1780158251305
robot_2_s415	1780158251299	1780158251299	1780158251303	1780158251305
robot_5_s3267	1780158251301	1780158251301	1780158251304	1780158251306
robot_1_s7514	1780158251354	1780158251354	1780158251357	1780158251359
robot_4_s3151	1780158251377	1780158251377	1780158251380	1780158251382
robot_3_s1170	1780158251399	1780158251399	1780158251401	1780158251403
robot_2_s415	1780158251399	1780158251399	1780158251401	1780158251403
robot_5_s3267	1780158251401	1780158251402	1780158251404	1780158251406
robot_1_s7514	1780158251454	1780158251454	1780158251457	1780158251460
robot_4_s3151	1780158251477	1780158251477	1780158251479	1780158251481
robot_3_s1170	1780158251499	1780158251499	1780158251501	1780158251504
robot_2_s415	1780158251499	1780158251499	1780158251501	1780158251504
robot_5_s3267	1780158251501	1780158251502	1780158251504	1780158251506
robot_1_s7514	1780158251554	1780158251554	1780158251556	1780158251558
robot_4_s3151	1780158251577	1780158251578	1780158251579	1780158251581
robot_3_s1170	1780158251599	1780158251599	1780158251601	1780158251604
robot_2_s415	1780158251599	1780158251599	1780158251601	1780158251604
robot_5_s3267	1780158251601	1780158251602	1780158251605	1780158251607
robot_1_s7514	1780158251654	1780158251655	1780158251657	1780158251658
robot_4_s3151	1780158251677	1780158251678	1780158251681	1780158251683
robot_3_s1170	1780158251699	1780158251699	1780158251701	1780158251704
robot_2_s415	1780158251699	1780158251699	1780158251702	1780158251705
robot_5_s3267	1780158251701	1780158251701	1780158251704	1780158251706
robot_1_s7514	1780158251754	1780158251754	1780158251757	1780158251759
robot_4_s3151	1780158251777	1780158251777	1780158251779	1780158251781
robot_3_s1170	1780158251799	1780158251799	1780158251802	1780158251805
robot_2_s415	1780158251799	1780158251799	1780158251803	1780158251805
robot_5_s3267	1780158251801	1780158251802	1780158251805	1780158251807
robot_1_s7514	1780158251854	1780158251854	1780158251856	1780158251859
robot_4_s3151	1780158251877	1780158251877	1780158251879	1780158251881
robot_3_s1170	1780158251899	1780158251899	1780158251901	1780158251903
robot_2_s415	1780158251899	1780158251899	1780158251901	1780158251903
robot_5_s3267	1780158251901	1780158251901	1780158251904	1780158251906
robot_1_s7514	1780158251954	1780158251954	1780158251956	1780158251958
robot_4_s3151	1780158251977	1780158251977	1780158251979	1780158251980
robot_3_s1170	1780158251999	1780158252000	1780158252002	1780158252005
robot_2_s415	1780158251999	1780158251999	1780158252002	1780158252005
robot_5_s3267	1780158252001	1780158252002	1780158252006	1780158252007
robot_1_s7514	1780158252054	1780158252054	1780158252057	1780158252059
robot_4_s3151	1780158252077	1780158252078	1780158252081	1780158252083
robot_5_s3267	1780158252101	1780158252102	1780158252105	1780158252107
robot_3_s1170	1780158252099	1780158252100	1780158252105	1780158252107
robot_2_s415	1780158252099	1780158252100	1780158252105	1780158252108
robot_1_s7514	1780158252154	1780158252155	1780158252158	1780158252160
robot_4_s3151	1780158252177	1780158252177	1780158252180	1780158252181
robot_3_s1170	1780158252199	1780158252199	1780158252201	1780158252203
robot_2_s415	1780158252199	1780158252199	1780158252201	1780158252204
robot_5_s3267	1780158252201	1780158252202	1780158252205	1780158252206
robot_1_s7514	1780158252254	1780158252254	1780158252257	1780158252259
robot_4_s3151	1780158252277	1780158252277	1780158252279	1780158252281
robot_3_s1170	1780158252299	1780158252299	1780158252302	1780158252304
robot_2_s415	1780158252299	1780158252299	1780158252303	1780158252306
robot_5_s3267	1780158252301	1780158252302	1780158252305	1780158252308
robot_1_s7514	1780158252354	1780158252354	1780158252356	1780158252359
robot_4_s3151	1780158252377	1780158252377	1780158252379	1780158252381
robot_3_s1170	1780158252399	1780158252399	1780158252401	1780158252404
robot_2_s415	1780158252399	1780158252399	1780158252402	1780158252404
robot_5_s3267	1780158252401	1780158252402	1780158252404	1780158252406
robot_1_s7514	1780158252454	1780158252454	1780158252457	1780158252459
robot_4_s3151	1780158252477	1780158252478	1780158252481	1780158252484
robot_3_s1170	1780158252499	1780158252499	1780158252503	1780158252505
robot_2_s415	1780158252499	1780158252499	1780158252503	1780158252505
robot_5_s3267	1780158252501	1780158252501	1780158252504	1780158252506
robot_1_s7514	1780158252554	1780158252554	1780158252556	1780158252559
robot_4_s3151	1780158252577	1780158252578	1780158252580	1780158252581
robot_3_s1170	1780158252599	1780158252599	1780158252601	1780158252604
robot_2_s415	1780158252599	1780158252599	1780158252602	1780158252605
robot_5_s3267	1780158252601	1780158252601	1780158252604	1780158252606
robot_1_s7514	1780158252654	1780158252654	1780158252657	1780158252659
robot_4_s3151	1780158252677	1780158252677	1780158252679	1780158252681
robot_3_s1170	1780158252699	1780158252699	1780158252701	1780158252703
robot_2_s415	1780158252699	1780158252699	1780158252701	1780158252704
robot_5_s3267	1780158252701	1780158252702	1780158252705	1780158252707
robot_1_s7514	1780158252754	1780158252755	1780158252757	1780158252759
robot_4_s3151	1780158252777	1780158252777	1780158252779	1780158252781
robot_2_s415	1780158252799	1780158252799	1780158252802	1780158252804
robot_3_s1170	1780158252799	1780158252799	1780158252802	1780158252806
robot_5_s3267	1780158252801	1780158252802	1780158252805	1780158252807
robot_1_s7514	1780158252854	1780158252855	1780158252857	1780158252858
robot_4_s3151	1780158252877	1780158252877	1780158252880	1780158252882
robot_3_s1170	1780158252899	1780158252899	1780158252901	1780158252903
robot_2_s415	1780158252899	1780158252899	1780158252901	1780158252903
robot_5_s3267	1780158252901	1780158252901	1780158252904	1780158252906
robot_1_s7514	1780158252954	1780158252954	1780158252956	1780158252959
robot_4_s3151	1780158252977	1780158252978	1780158252980	1780158252982
robot_3_s1170	1780158252999	1780158252999	1780158253002	1780158253004
robot_2_s415	1780158252999	1780158252999	1780158253002	1780158253004
robot_5_s3267	1780158253001	1780158253002	1780158253005	1780158253007
robot_1_s7514	1780158253054	1780158253054	1780158253057	1780158253060
robot_4_s3151	1780158253077	1780158253077	1780158253079	1780158253081
robot_2_s415	1780158253099	1780158253099	1780158253101	1780158253104
robot_3_s1170	1780158253099	1780158253099	1780158253101	1780158253106
robot_5_s3267	1780158253101	1780158253102	1780158253105	1780158253107
robot_1_s7514	1780158253154	1780158253154	1780158253157	1780158253159
robot_4_s3151	1780158253177	1780158253177	1780158253179	1780158253181
robot_3_s1170	1780158253199	1780158253199	1780158253202	1780158253205
robot_2_s415	1780158253199	1780158253199	1780158253202	1780158253205
robot_5_s3267	1780158253201	1780158253202	1780158253205	1780158253207
robot_1_s7514	1780158253254	1780158253254	1780158253257	1780158253259
robot_4_s3151	1780158253277	1780158253278	1780158253280	1780158253282
robot_3_s1170	1780158253299	1780158253299	1780158253302	1780158253304
robot_2_s415	1780158253299	1780158253299	1780158253302	1780158253305
robot_5_s3267	1780158253301	1780158253301	1780158253305	1780158253306
robot_1_s7514	1780158253354	1780158253354	1780158253357	1780158253359
robot_4_s3151	1780158253377	1780158253378	1780158253380	1780158253381
robot_3_s1170	1780158253399	1780158253399	1780158253401	1780158253403
robot_2_s415	1780158253399	1780158253399	1780158253402	1780158253405
robot_5_s3267	1780158253402	1780158253402	1780158253404	1780158253406
robot_1_s7514	1780158253454	1780158253454	1780158253457	1780158253459
robot_4_s3151	1780158253477	1780158253477	1780158253479	1780158253481
robot_3_s1170	1780158253499	1780158253499	1780158253501	1780158253503
robot_2_s415	1780158253499	1780158253499	1780158253501	1780158253503
robot_5_s3267	1780158253501	1780158253502	1780158253504	1780158253506
robot_1_s7514	1780158253554	1780158253555	1780158253557	1780158253559
robot_4_s3151	1780158253577	1780158253577	1780158253579	1780158253581
robot_3_s1170	1780158253599	1780158253599	1780158253602	1780158253604
robot_2_s415	1780158253599	1780158253599	1780158253602	1780158253604
robot_5_s3267	1780158253601	1780158253602	1780158253605	1780158253607
robot_1_s7514	1780158253654	1780158253654	1780158253657	1780158253659
robot_4_s3151	1780158253677	1780158253678	1780158253680	1780158253682
robot_2_s415	1780158253699	1780158253699	1780158253702	1780158253705
robot_3_s1170	1780158253699	1780158253699	1780158253702	1780158253706
robot_5_s3267	1780158253701	1780158253701	1780158253705	1780158253707
robot_1_s7514	1780158253754	1780158253754	1780158253757	1780158253759
robot_4_s3151	1780158253777	1780158253777	1780158253779	1780158253781
robot_3_s1170	1780158253799	1780158253799	1780158253801	1780158253803
robot_2_s415	1780158253799	1780158253799	1780158253801	1780158253805
robot_5_s3267	1780158253801	1780158253801	1780158253804	1780158253806
robot_1_s7514	1780158253854	1780158253854	1780158253857	1780158253859
robot_4_s3151	1780158253877	1780158253877	1780158253879	1780158253880
robot_3_s1170	1780158253898	1780158253899	1780158253901	1780158253903
robot_2_s415	1780158253898	1780158253899	1780158253901	1780158253904
robot_5_s3267	1780158253901	1780158253902	1780158253904	1780158253906
robot_1_s7514	1780158253954	1780158253954	1780158253956	1780158253958
robot_4_s3151	1780158253977	1780158253977	1780158253979	1780158253981
robot_3_s1170	1780158253999	1780158253999	1780158254002	1780158254005
robot_2_s415	1780158253999	1780158253999	1780158254002	1780158254005
robot_5_s3267	1780158254001	1780158254002	1780158254005	1780158254007
robot_1_s7514	1780158254054	1780158254054	1780158254056	1780158254058
robot_4_s3151	1780158254077	1780158254078	1780158254080	1780158254082
robot_3_s1170	1780158254099	1780158254099	1780158254102	1780158254104
robot_2_s415	1780158254099	1780158254099	1780158254102	1780158254104
robot_5_s3267	1780158254101	1780158254102	1780158254105	1780158254107
robot_1_s7514	1780158254154	1780158254154	1780158254157	1780158254159
robot_4_s3151	1780158254177	1780158254178	1780158254180	1780158254182
robot_3_s1170	1780158254199	1780158254200	1780158254202	1780158254205
robot_2_s415	1780158254199	1780158254200	1780158254202	1780158254205
robot_5_s3267	1780158254201	1780158254202	1780158254205	1780158254208
robot_1_s7514	1780158254254	1780158254255	1780158254258	1780158254260
robot_4_s3151	1780158254278	1780158254278	1780158254280	1780158254283
robot_3_s1170	1780158254299	1780158254299	1780158254302	1780158254304
robot_2_s415	1780158254299	1780158254299	1780158254302	1780158254305
robot_5_s3267	1780158254301	1780158254302	1780158254305	1780158254307
robot_1_s7514	1780158254354	1780158254355	1780158254357	1780158254359
robot_4_s3151	1780158254377	1780158254378	1780158254380	1780158254383
robot_3_s1170	1780158254401	1780158254401	1780158254406	1780158254420
robot_2_s415	1780158254410	1780158254412	1780158254417	1780158254438
robot_5_s3267	1780158254402	1780158254416	1780158254438	1780158254446
robot_1_s7514	1780158254455	1780158254456	1780158254463	1780158254469
robot_4_s3151	1780158254479	1780158254487	1780158254493	1780158254498
robot_5_s3267	1780158254504	1780158254505	1780158254512	1780158254519
robot_3_s1170	1780158254507	1780158254511	1780158254518	1780158254521
robot_2_s415	1780158254503	1780158254514	1780158254522	1780158254525
robot_1_s7514	1780158254555	1780158254557	1780158254564	1780158254567
robot_4_s3151	1780158254578	1780158254579	1780158254581	1780158254585
robot_3_s1170	1780158254599	1780158254599	1780158254602	1780158254604
robot_2_s415	1780158254599	1780158254599	1780158254602	1780158254605
robot_5_s3267	1780158254601	1780158254602	1780158254607	1780158254609
robot_1_s7514	1780158254654	1780158254654	1780158254657	1780158254659
robot_4_s3151	1780158254677	1780158254677	1780158254679	1780158254681
robot_3_s1170	1780158254698	1780158254699	1780158254701	1780158254703
robot_2_s415	1780158254698	1780158254699	1780158254701	1780158254703
robot_5_s3267	1780158254701	1780158254702	1780158254704	1780158254706
robot_1_s7514	1780158254753	1780158254754	1780158254756	1780158254758
robot_4_s3151	1780158254777	1780158254777	1780158254779	1780158254781
robot_3_s1170	1780158254799	1780158254799	1780158254802	1780158254804
robot_2_s415	1780158254799	1780158254799	1780158254802	1780158254805
robot_5_s3267	1780158254801	1780158254802	1780158254805	1780158254807
robot_1_s7514	1780158254854	1780158254854	1780158254857	1780158254858
robot_4_s3151	1780158254878	1780158254878	1780158254880	1780158254882
robot_3_s1170	1780158254900	1780158254900	1780158254904	1780158254907
robot_5_s3267	1780158254901	1780158254902	1780158254905	1780158254908
robot_2_s415	1780158254900	1780158254901	1780158254906	1780158254909
robot_1_s7514	1780158254954	1780158254954	1780158254957	1780158254959
robot_4_s3151	1780158254978	1780158254978	1780158254981	1780158254983
robot_3_s1170	1780158254999	1780158254999	1780158255001	1780158255004
robot_2_s415	1780158254999	1780158254999	1780158255001	1780158255004
robot_5_s3267	1780158255001	1780158255002	1780158255005	1780158255007
robot_1_s7514	1780158255054	1780158255054	1780158255057	1780158255059
robot_4_s3151	1780158255077	1780158255078	1780158255079	1780158255081
robot_3_s1170	1780158255099	1780158255099	1780158255102	1780158255104
robot_2_s415	1780158255099	1780158255099	1780158255102	1780158255105
robot_5_s3267	1780158255101	1780158255102	1780158255104	1780158255106
robot_1_s7514	1780158255154	1780158255154	1780158255156	1780158255158
robot_4_s3151	1780158255177	1780158255178	1780158255179	1780158255181
robot_3_s1170	1780158255199	1780158255199	1780158255202	1780158255204
robot_2_s415	1780158255199	1780158255199	1780158255202	1780158255205
robot_5_s3267	1780158255201	1780158255202	1780158255205	1780158255207
robot_1_s7514	1780158255254	1780158255254	1780158255256	1780158255258
robot_4_s3151	1780158255277	1780158255278	1780158255282	1780158255284
robot_5_s3267	1780158255301	1780158255302	1780158255305	1780158255307
robot_2_s415	1780158255299	1780158255300	1780158255304	1780158255307
robot_3_s1170	1780158255299	1780158255302	1780158255306	1780158255308
robot_1_s7514	1780158255354	1780158255355	1780158255357	1780158255358
robot_4_s3151	1780158255377	1780158255378	1780158255380	1780158255382
robot_3_s1170	1780158255399	1780158255399	1780158255401	1780158255403
robot_2_s415	1780158255399	1780158255399	1780158255401	1780158255405
robot_5_s3267	1780158255401	1780158255401	1780158255405	1780158255407
robot_1_s7514	1780158255454	1780158255454	1780158255456	1780158255458
robot_4_s3151	1780158255477	1780158255477	1780158255479	1780158255481
robot_3_s1170	1780158255499	1780158255499	1780158255501	1780158255503
robot_2_s415	1780158255499	1780158255499	1780158255501	1780158255503
robot_5_s3267	1780158255502	1780158255502	1780158255504	1780158255506
robot_1_s7514	1780158255554	1780158255554	1780158255557	1780158255558
robot_4_s3151	1780158255577	1780158255577	1780158255579	1780158255581
robot_3_s1170	1780158255599	1780158255599	1780158255601	1780158255603
robot_2_s415	1780158255599	1780158255599	1780158255602	1780158255604
robot_5_s3267	1780158255601	1780158255602	1780158255605	1780158255607
robot_1_s7514	1780158255654	1780158255655	1780158255657	1780158255659
robot_4_s3151	1780158255677	1780158255679	1780158255683	1780158255685
robot_3_s1170	1780158255699	1780158255699	1780158255703	1780158255705
robot_5_s3267	1780158255701	1780158255701	1780158255704	1780158255706
robot_2_s415	1780158255699	1780158255701	1780158255704	1780158255706
robot_1_s7514	1780158255754	1780158255755	1780158255758	1780158255760
robot_4_s3151	1780158255777	1780158255777	1780158255780	1780158255782
robot_3_s1170	1780158255799	1780158255799	1780158255801	1780158255804
robot_2_s415	1780158255799	1780158255799	1780158255801	1780158255804
robot_5_s3267	1780158255801	1780158255802	1780158255804	1780158255806
robot_1_s7514	1780158255854	1780158255854	1780158255857	1780158255859
robot_4_s3151	1780158255877	1780158255878	1780158255880	1780158255882
robot_3_s1170	1780158255899	1780158255899	1780158255901	1780158255903
robot_2_s415	1780158255899	1780158255899	1780158255901	1780158255903
robot_5_s3267	1780158255901	1780158255902	1780158255904	1780158255906
robot_1_s7514	1780158255954	1780158255955	1780158255957	1780158255959
robot_4_s3151	1780158255977	1780158255977	1780158255979	1780158255981
robot_2_s415	1780158255999	1780158255999	1780158256003	1780158256005
robot_3_s1170	1780158255999	1780158255999	1780158256003	1780158256006
robot_5_s3267	1780158256002	1780158256003	1780158256005	1780158256007
robot_1_s7514	1780158256054	1780158256054	1780158256057	1780158256059
robot_4_s3151	1780158256077	1780158256077	1780158256080	1780158256082
robot_3_s1170	1780158256099	1780158256099	1780158256103	1780158256105
robot_2_s415	1780158256099	1780158256099	1780158256103	1780158256105
robot_5_s3267	1780158256101	1780158256102	1780158256105	1780158256106
robot_1_s7514	1780158256154	1780158256154	1780158256157	1780158256159
robot_4_s3151	1780158256177	1780158256178	1780158256180	1780158256182
robot_3_s1170	1780158256199	1780158256199	1780158256201	1780158256203
robot_2_s415	1780158256199	1780158256199	1780158256202	1780158256205
robot_5_s3267	1780158256201	1780158256202	1780158256204	1780158256206
robot_1_s7514	1780158256254	1780158256254	1780158256257	1780158256259
robot_4_s3151	1780158256277	1780158256277	1780158256279	1780158256281
robot_3_s1170	1780158256299	1780158256299	1780158256301	1780158256303
robot_2_s415	1780158256299	1780158256299	1780158256301	1780158256304
robot_5_s3267	1780158256301	1780158256302	1780158256304	1780158256307
robot_1_s7514	1780158256354	1780158256354	1780158256356	1780158256358
robot_4_s3151	1780158256377	1780158256377	1780158256380	1780158256381
robot_3_s1170	1780158256399	1780158256399	1780158256401	1780158256404
robot_2_s415	1780158256399	1780158256399	1780158256401	1780158256404
robot_5_s3267	1780158256401	1780158256402	1780158256405	1780158256407
robot_1_s7514	1780158256454	1780158256454	1780158256456	1780158256458
robot_4_s3151	1780158256477	1780158256483	1780158256488	1780158256493
robot_5_s3267	1780158256504	1780158256505	1780158256509	1780158256513
robot_2_s415	1780158256499	1780158256506	1780158256512	1780158256516
robot_3_s1170	1780158256500	1780158256511	1780158256517	1780158256522
robot_1_s7514	1780158256555	1780158256558	1780158256567	1780158256570
robot_4_s3151	1780158256578	1780158256579	1780158256583	1780158256585
robot_2_s415	1780158256600	1780158256600	1780158256606	1780158256610
robot_5_s3267	1780158256602	1780158256603	1780158256608	1780158256613
robot_3_s1170	1780158256600	1780158256600	1780158256608	1780158256613
robot_1_s7514	1780158256658	1780158256659	1780158256666	1780158256673
robot_4_s3151	1780158256678	1780158256679	1780158256683	1780158256688
robot_3_s1170	1780158256700	1780158256700	1780158256704	1780158256710
robot_2_s415	1780158256700	1780158256700	1780158256705	1780158256716
robot_5_s3267	1780158256702	1780158256703	1780158256710	1780158256720
robot_1_s7514	1780158256754	1780158256755	1780158256757	1780158256761
robot_4_s3151	1780158256777	1780158256778	1780158256781	1780158256785
robot_3_s1170	1780158256800	1780158256800	1780158256809	1780158256813
robot_2_s415	1780158256800	1780158256800	1780158256811	1780158256815
robot_5_s3267	1780158256802	1780158256811	1780158256817	1780158256820
robot_1_s7514	1780158256855	1780158256855	1780158256858	1780158256861
robot_4_s3151	1780158256878	1780158256880	1780158256885	1780158256888
robot_5_s3267	1780158256901	1780158256902	1780158256905	1780158256908
robot_3_s1170	1780158256900	1780158256904	1780158256910	1780158256912
robot_2_s415	1780158256900	1780158256902	1780158256912	1780158256915
robot_1_s7514	1780158256955	1780158256956	1780158256962	1780158256967
robot_4_s3151	1780158256978	1780158256978	1780158256982	1780158256987
robot_3_s1170	1780158256999	1780158257000	1780158257004	1780158257008
robot_2_s415	1780158256999	1780158257000	1780158257012	1780158257016
robot_5_s3267	1780158257003	1780158257004	1780158257015	1780158257017
robot_1_s7514	1780158257054	1780158257055	1780158257060	1780158257065
robot_4_s3151	1780158257077	1780158257078	1780158257081	1780158257084
robot_3_s1170	1780158257099	1780158257100	1780158257102	1780158257105
robot_2_s415	1780158257099	1780158257100	1780158257103	1780158257106
robot_5_s3267	1780158257101	1780158257103	1780158257108	1780158257110
robot_1_s7514	1780158257154	1780158257154	1780158257157	1780158257159
robot_4_s3151	1780158257177	1780158257178	1780158257180	1780158257182
robot_3_s1170	1780158257199	1780158257200	1780158257203	1780158257207
robot_2_s415	1780158257199	1780158257200	1780158257203	1780158257208
robot_5_s3267	1780158257202	1780158257205	1780158257209	1780158257212
robot_1_s7514	1780158257254	1780158257254	1780158257269	1780158257272
robot_4_s3151	1780158257278	1780158257281	1780158257286	1780158257289
robot_5_s3267	1780158257301	1780158257302	1780158257306	1780158257309
robot_3_s1170	1780158257299	1780158257303	1780158257308	1780158257310
robot_2_s415	1780158257299	1780158257301	1780158257308	1780158257310
robot_1_s7514	1780158257354	1780158257355	1780158257359	1780158257362
robot_4_s3151	1780158257377	1780158257378	1780158257381	1780158257384
robot_3_s1170	1780158257399	1780158257399	1780158257402	1780158257405
robot_5_s3267	1780158257401	1780158257402	1780158257405	1780158257407
robot_2_s415	1780158257399	1780158257399	1780158257404	1780158257407
robot_1_s7514	1780158257454	1780158257455	1780158257458	1780158257461
robot_4_s3151	1780158257477	1780158257478	1780158257480	1780158257483
robot_3_s1170	1780158257499	1780158257500	1780158257503	1780158257507
robot_2_s415	1780158257499	1780158257500	1780158257503	1780158257507
robot_5_s3267	1780158257501	1780158257502	1780158257508	1780158257510
robot_1_s7514	1780158257554	1780158257555	1780158257557	1780158257560
robot_4_s3151	1780158257577	1780158257578	1780158257581	1780158257584
robot_3_s1170	1780158257600	1780158257600	1780158257604	1780158257607
robot_2_s415	1780158257599	1780158257600	1780158257607	1780158257609
robot_5_s3267	1780158257602	1780158257608	1780158257611	1780158257614
robot_1_s7514	1780158257654	1780158257654	1780158257657	1780158257659
robot_4_s3151	1780158257678	1780158257684	1780158257688	1780158257691
robot_5_s3267	1780158257701	1780158257702	1780158257705	1780158257707
robot_3_s1170	1780158257699	1780158257703	1780158257707	1780158257709
robot_2_s415	1780158257699	1780158257702	1780158257709	1780158257711
robot_1_s7514	1780158257755	1780158257758	1780158257766	1780158257769
robot_4_s3151	1780158257778	1780158257779	1780158257783	1780158257786
robot_3_s1170	1780158257799	1780158257799	1780158257802	1780158257804
robot_2_s415	1780158257799	1780158257799	1780158257803	1780158257806
robot_5_s3267	1780158257802	1780158257802	1780158257805	1780158257807
robot_1_s7514	1780158257854	1780158257855	1780158257857	1780158257859
robot_4_s3151	1780158257877	1780158257878	1780158257880	1780158257883
robot_2_s415	1780158257898	1780158257899	1780158257901	1780158257903
robot_3_s1170	1780158257898	1780158257899	1780158257901	1780158257903
robot_5_s3267	1780158257901	1780158257902	1780158257904	1780158257905
robot_1_s7514	1780158257954	1780158257954	1780158257956	1780158257958
robot_4_s3151	1780158257977	1780158257977	1780158257979	1780158257981
robot_3_s1170	1780158257999	1780158257999	1780158258002	1780158258005
robot_2_s415	1780158257999	1780158257999	1780158258002	1780158258007
robot_5_s3267	1780158258001	1780158258002	1780158258006	1780158258008
robot_1_s7514	1780158258054	1780158258054	1780158258057	1780158258058
robot_4_s3151	1780158258077	1780158258077	1780158258080	1780158258082
robot_2_s415	1780158258099	1780158258100	1780158258103	1780158258105
robot_5_s3267	1780158258101	1780158258101	1780158258104	1780158258107
robot_3_s1170	1780158258099	1780158258100	1780158258104	1780158258107
robot_1_s7514	1780158258154	1780158258154	1780158258157	1780158258159
robot_4_s3151	1780158258177	1780158258178	1780158258180	1780158258182
robot_3_s1170	1780158258199	1780158258199	1780158258201	1780158258204
robot_2_s415	1780158258199	1780158258199	1780158258201	1780158258204
robot_5_s3267	1780158258201	1780158258202	1780158258204	1780158258206
robot_1_s7514	1780158258254	1780158258255	1780158258258	1780158258260
robot_4_s3151	1780158258277	1780158258278	1780158258279	1780158258281
robot_3_s1170	1780158258299	1780158258299	1780158258301	1780158258303
robot_2_s415	1780158258299	1780158258299	1780158258301	1780158258304
robot_5_s3267	1780158258301	1780158258302	1780158258304	1780158258306
robot_1_s7514	1780158258354	1780158258355	1780158258357	1780158258359
robot_4_s3151	1780158258377	1780158258377	1780158258379	1780158258381
robot_3_s1170	1780158258399	1780158258399	1780158258401	1780158258404
robot_2_s415	1780158258399	1780158258399	1780158258402	1780158258404
robot_5_s3267	1780158258401	1780158258402	1780158258405	1780158258407
robot_1_s7514	1780158258454	1780158258454	1780158258456	1780158258458
robot_4_s3151	1780158258477	1780158258478	1780158258481	1780158258483
robot_3_s1170	1780158258499	1780158258499	1780158258502	1780158258504
robot_2_s415	1780158258499	1780158258499	1780158258502	1780158258505
robot_5_s3267	1780158258501	1780158258501	1780158258504	1780158258506
robot_1_s7514	1780158258554	1780158258555	1780158258557	1780158258559
robot_4_s3151	1780158258577	1780158258578	1780158258580	1780158258583
robot_3_s1170	1780158258599	1780158258599	1780158258601	1780158258603
robot_2_s415	1780158258599	1780158258599	1780158258601	1780158258603
robot_5_s3267	1780158258601	1780158258602	1780158258604	1780158258606
robot_1_s7514	1780158258654	1780158258654	1780158258657	1780158258659
robot_4_s3151	1780158258677	1780158258677	1780158258679	1780158258681
robot_3_s1170	1780158258699	1780158258699	1780158258701	1780158258703
robot_2_s415	1780158258699	1780158258699	1780158258701	1780158258704
robot_5_s3267	1780158258701	1780158258702	1780158258704	1780158258707
robot_1_s7514	1780158258754	1780158258755	1780158258757	1780158258758
robot_4_s3151	1780158258777	1780158258778	1780158258780	1780158258781
robot_2_s415	1780158258799	1780158258800	1780158258803	1780158258806
robot_3_s1170	1780158258799	1780158258800	1780158258803	1780158258808
robot_5_s3267	1780158258802	1780158258803	1780158258806	1780158258809
robot_1_s7514	1780158258854	1780158258854	1780158258857	1780158258859
robot_4_s3151	1780158258878	1780158258881	1780158258885	1780158258887
robot_5_s3267	1780158258901	1780158258902	1780158258905	1780158258908
robot_3_s1170	1780158258899	1780158258902	1780158258907	1780158258909
robot_2_s415	1780158258899	1780158258902	1780158258908	1780158258910
robot_1_s7514	1780158258954	1780158258956	1780158258960	1780158258962
robot_4_s3151	1780158258977	1780158258978	1780158258979	1780158258981
robot_3_s1170	1780158258999	1780158258999	1780158259002	1780158259004
robot_2_s415	1780158258999	1780158258999	1780158259002	1780158259004
robot_5_s3267	1780158259001	1780158259002	1780158259005	1780158259006
robot_1_s7514	1780158259054	1780158259054	1780158259056	1780158259059
robot_4_s3151	1780158259077	1780158259078	1780158259079	1780158259081
robot_3_s1170	1780158259099	1780158259099	1780158259101	1780158259104
robot_2_s415	1780158259099	1780158259099	1780158259101	1780158259104
robot_5_s3267	1780158259102	1780158259102	1780158259105	1780158259107
robot_1_s7514	1780158259154	1780158259154	1780158259157	1780158259158
robot_4_s3151	1780158259177	1780158259178	1780158259179	1780158259181
robot_3_s1170	1780158259199	1780158259199	1780158259202	1780158259204
robot_2_s415	1780158259199	1780158259199	1780158259202	1780158259204
robot_5_s3267	1780158259201	1780158259202	1780158259205	1780158259207
robot_1_s7514	1780158259254	1780158259255	1780158259257	1780158259259
robot_4_s3151	1780158259277	1780158259277	1780158259281	1780158259283
robot_3_s1170	1780158259299	1780158259299	1780158259301	1780158259303
robot_2_s415	1780158259299	1780158259299	1780158259301	1780158259303
robot_5_s3267	1780158259301	1780158259302	1780158259304	1780158259306
robot_1_s7514	1780158259354	1780158259354	1780158259357	1780158259359
robot_4_s3151	1780158259377	1780158259378	1780158259380	1780158259382
robot_3_s1170	1780158259399	1780158259399	1780158259401	1780158259403
robot_2_s415	1780158259398	1780158259399	1780158259401	1780158259404
robot_5_s3267	1780158259401	1780158259402	1780158259405	1780158259407
robot_1_s7514	1780158259454	1780158259454	1780158259456	1780158259459
robot_4_s3151	1780158259477	1780158259477	1780158259479	1780158259481
robot_3_s1170	1780158259498	1780158259499	1780158259501	1780158259504
robot_2_s415	1780158259498	1780158259499	1780158259501	1780158259504
robot_5_s3267	1780158259501	1780158259502	1780158259505	1780158259507
robot_1_s7514	1780158259554	1780158259554	1780158259557	1780158259559
robot_4_s3151	1780158259577	1780158259578	1780158259580	1780158259581
robot_3_s1170	1780158259599	1780158259599	1780158259601	1780158259604
robot_2_s415	1780158259599	1780158259599	1780158259602	1780158259605
robot_5_s3267	1780158259601	1780158259602	1780158259605	1780158259607
robot_1_s7514	1780158259654	1780158259654	1780158259656	1780158259658
robot_4_s3151	1780158259677	1780158259678	1780158259680	1780158259682
robot_3_s1170	1780158259699	1780158259699	1780158259701	1780158259704
robot_2_s415	1780158259699	1780158259699	1780158259703	1780158259705
robot_5_s3267	1780158259701	1780158259702	1780158259705	1780158259707
robot_1_s7514	1780158259754	1780158259754	1780158259757	1780158259759
robot_4_s3151	1780158259777	1780158259778	1780158259780	1780158259782
robot_3_s1170	1780158259798	1780158259799	1780158259801	1780158259804
robot_2_s415	1780158259798	1780158259799	1780158259801	1780158259804
robot_5_s3267	1780158259801	1780158259802	1780158259805	1780158259807
robot_1_s7514	1780158259854	1780158259854	1780158259857	1780158259859
robot_4_s3151	1780158259877	1780158259877	1780158259879	1780158259881
robot_3_s1170	1780158259898	1780158259899	1780158259901	1780158259904
robot_2_s415	1780158259898	1780158259899	1780158259902	1780158259906
robot_5_s3267	1780158259902	1780158259902	1780158259905	1780158259908
robot_1_s7514	1780158259954	1780158259955	1780158259957	1780158259958
robot_4_s3151	1780158259977	1780158259977	1780158259979	1780158259981
robot_3_s1170	1780158259999	1780158259999	1780158260001	1780158260004
robot_2_s415	1780158259999	1780158259999	1780158260001	1780158260004
robot_5_s3267	1780158260002	1780158260003	1780158260005	1780158260007
robot_1_s7514	1780158260054	1780158260054	1780158260056	1780158260058
robot_4_s3151	1780158260077	1780158260077	1780158260080	1780158260082
robot_3_s1170	1780158260099	1780158260099	1780158260105	1780158260107
robot_2_s415	1780158260099	1780158260099	1780158260105	1780158260107
robot_5_s3267	1780158260101	1780158260102	1780158260106	1780158260108
robot_1_s7514	1780158260154	1780158260154	1780158260156	1780158260158
robot_4_s3151	1780158260177	1780158260178	1780158260180	1780158260182
robot_3_s1170	1780158260198	1780158260199	1780158260201	1780158260204
robot_2_s415	1780158260198	1780158260199	1780158260201	1780158260204
robot_5_s3267	1780158260201	1780158260201	1780158260204	1780158260206
robot_1_s7514	1780158260254	1780158260254	1780158260257	1780158260259
robot_4_s3151	1780158260277	1780158260277	1780158260279	1780158260281
robot_3_s1170	1780158260298	1780158260299	1780158260301	1780158260303
robot_2_s415	1780158260298	1780158260299	1780158260301	1780158260303
robot_5_s3267	1780158260301	1780158260301	1780158260304	1780158260306
robot_1_s7514	1780158260354	1780158260354	1780158260357	1780158260358
robot_4_s3151	1780158260377	1780158260377	1780158260379	1780158260381
robot_3_s1170	1780158260399	1780158260399	1780158260401	1780158260404
robot_2_s415	1780158260399	1780158260399	1780158260402	1780158260404
robot_5_s3267	1780158260401	1780158260402	1780158260404	1780158260406
robot_1_s7514	1780158260454	1780158260454	1780158260456	1780158260458
robot_4_s3151	1780158260477	1780158260477	1780158260480	1780158260482
robot_3_s1170	1780158260499	1780158260499	1780158260502	1780158260504
robot_2_s415	1780158260499	1780158260499	1780158260503	1780158260506
robot_5_s3267	1780158260501	1780158260501	1780158260505	1780158260507
robot_1_s7514	1780158260554	1780158260554	1780158260557	1780158260559
robot_4_s3151	1780158260577	1780158260578	1780158260580	1780158260583
robot_3_s1170	1780158260599	1780158260599	1780158260601	1780158260603
robot_2_s415	1780158260599	1780158260599	1780158260601	1780158260605
robot_5_s3267	1780158260601	1780158260602	1780158260604	1780158260606
robot_1_s7514	1780158260654	1780158260654	1780158260657	1780158260659
robot_4_s3151	1780158260677	1780158260677	1780158260679	1780158260680
robot_3_s1170	1780158260699	1780158260699	1780158260701	1780158260703
robot_2_s415	1780158260699	1780158260699	1780158260701	1780158260704
robot_5_s3267	1780158260701	1780158260702	1780158260705	1780158260707
robot_1_s7514	1780158260754	1780158260754	1780158260756	1780158260758
robot_4_s3151	1780158260777	1780158260778	1780158260779	1780158260781
robot_3_s1170	1780158260799	1780158260799	1780158260802	1780158260804
robot_2_s415	1780158260799	1780158260799	1780158260802	1780158260804
robot_5_s3267	1780158260801	1780158260802	1780158260805	1780158260806
robot_1_s7514	1780158260854	1780158260855	1780158260858	1780158260859
robot_4_s3151	1780158260877	1780158260877	1780158260880	1780158260882
robot_3_s1170	1780158260899	1780158260899	1780158260903	1780158260906
robot_5_s3267	1780158260901	1780158260901	1780158260904	1780158260907
robot_2_s415	1780158260899	1780158260900	1780158260904	1780158260907
robot_1_s7514	1780158260954	1780158260955	1780158260958	1780158260961
robot_4_s3151	1780158260977	1780158260978	1780158260981	1780158260983
robot_3_s1170	1780158260999	1780158260999	1780158261002	1780158261004
robot_2_s415	1780158260999	1780158260999	1780158261002	1780158261006
robot_5_s3267	1780158261001	1780158261002	1780158261005	1780158261008
robot_1_s7514	1780158261054	1780158261054	1780158261057	1780158261059
robot_4_s3151	1780158261077	1780158261077	1780158261079	1780158261081
robot_3_s1170	1780158261099	1780158261099	1780158261102	1780158261104
robot_2_s415	1780158261099	1780158261099	1780158261102	1780158261106
robot_5_s3267	1780158261101	1780158261102	1780158261105	1780158261107
robot_1_s7514	1780158261154	1780158261154	1780158261156	1780158261158
robot_4_s3151	1780158261177	1780158261177	1780158261179	1780158261180
robot_3_s1170	1780158261199	1780158261199	1780158261202	1780158261204
robot_2_s415	1780158261199	1780158261199	1780158261202	1780158261204
robot_5_s3267	1780158261201	1780158261201	1780158261204	1780158261206
robot_1_s7514	1780158261254	1780158261255	1780158261257	1780158261258
robot_4_s3151	1780158261277	1780158261278	1780158261280	1780158261282
robot_3_s1170	1780158261299	1780158261299	1780158261302	1780158261305
robot_2_s415	1780158261299	1780158261300	1780158261304	1780158261306
robot_5_s3267	1780158261301	1780158261301	1780158261305	1780158261307
robot_1_s7514	1780158261354	1780158261354	1780158261357	1780158261359
robot_4_s3151	1780158261377	1780158261378	1780158261380	1780158261382
robot_3_s1170	1780158261399	1780158261399	1780158261401	1780158261403
robot_2_s415	1780158261399	1780158261399	1780158261401	1780158261404
robot_5_s3267	1780158261401	1780158261402	1780158261404	1780158261406
robot_1_s7514	1780158261454	1780158261454	1780158261458	1780158261459
robot_4_s3151	1780158261477	1780158261477	1780158261479	1780158261481
robot_3_s1170	1780158261499	1780158261499	1780158261501	1780158261503
robot_2_s415	1780158261499	1780158261499	1780158261501	1780158261503
robot_5_s3267	1780158261501	1780158261502	1780158261504	1780158261506
robot_1_s7514	1780158261554	1780158261554	1780158261556	1780158261558
robot_4_s3151	1780158261577	1780158261577	1780158261579	1780158261581
robot_3_s1170	1780158261599	1780158261599	1780158261602	1780158261604
robot_2_s415	1780158261599	1780158261599	1780158261602	1780158261604
robot_5_s3267	1780158261601	1780158261602	1780158261606	1780158261607
robot_1_s7514	1780158261654	1780158261654	1780158261656	1780158261658
robot_4_s3151	1780158261677	1780158261678	1780158261680	1780158261683
robot_3_s1170	1780158261699	1780158261699	1780158261702	1780158261704
robot_2_s415	1780158261699	1780158261699	1780158261703	1780158261706
robot_5_s3267	1780158261701	1780158261702	1780158261705	1780158261707
robot_1_s7514	1780158261754	1780158261754	1780158261756	1780158261759
robot_4_s3151	1780158261777	1780158261778	1780158261781	1780158261784
robot_3_s1170	1780158261799	1780158261799	1780158261801	1780158261803
robot_2_s415	1780158261799	1780158261799	1780158261801	1780158261803
robot_5_s3267	1780158261801	1780158261802	1780158261804	1780158261806
robot_1_s7514	1780158261854	1780158261854	1780158261857	1780158261859
robot_4_s3151	1780158261877	1780158261877	1780158261879	1780158261880
robot_3_s1170	1780158261899	1780158261899	1780158261901	1780158261903
robot_2_s415	1780158261899	1780158261899	1780158261901	1780158261904
robot_5_s3267	1780158261901	1780158261901	1780158261904	1780158261906
robot_1_s7514	1780158261954	1780158261954	1780158261957	1780158261958
robot_4_s3151	1780158261977	1780158261977	1780158261979	1780158261981
robot_3_s1170	1780158261999	1780158261999	1780158262004	1780158262005
robot_2_s415	1780158261999	1780158261999	1780158262003	1780158262006
robot_5_s3267	1780158262002	1780158262003	1780158262006	1780158262008
robot_1_s7514	1780158262054	1780158262054	1780158262056	1780158262058
robot_4_s3151	1780158262077	1780158262078	1780158262081	1780158262083
robot_5_s3267	1780158262101	1780158262101	1780158262105	1780158262107
robot_3_s1170	1780158262099	1780158262100	1780158262105	1780158262107
robot_2_s415	1780158262099	1780158262102	1780158262106	1780158262108
robot_1_s7514	1780158262154	1780158262154	1780158262158	1780158262160
robot_4_s3151	1780158262177	1780158262178	1780158262180	1780158262181
robot_3_s1170	1780158262199	1780158262199	1780158262201	1780158262203
robot_2_s415	1780158262199	1780158262199	1780158262201	1780158262203
robot_5_s3267	1780158262201	1780158262202	1780158262204	1780158262206
robot_1_s7514	1780158262254	1780158262254	1780158262257	1780158262259
robot_4_s3151	1780158262277	1780158262277	1780158262279	1780158262281
robot_3_s1170	1780158262299	1780158262299	1780158262301	1780158262303
robot_2_s415	1780158262299	1780158262299	1780158262301	1780158262303
robot_5_s3267	1780158262301	1780158262301	1780158262304	1780158262306
robot_1_s7514	1780158262354	1780158262355	1780158262358	1780158262359
robot_4_s3151	1780158262377	1780158262377	1780158262379	1780158262380
robot_3_s1170	1780158262399	1780158262399	1780158262402	1780158262405
robot_2_s415	1780158262399	1780158262399	1780158262402	1780158262405
robot_5_s3267	1780158262401	1780158262402	1780158262404	1780158262406
robot_1_s7514	1780158262454	1780158262454	1780158262457	1780158262458
robot_4_s3151	1780158262477	1780158262478	1780158262481	1780158262484
robot_3_s1170	1780158262499	1780158262499	1780158262503	1780158262505
robot_2_s415	1780158262499	1780158262500	1780158262503	1780158262506
robot_5_s3267	1780158262501	1780158262501	1780158262505	1780158262507
robot_1_s7514	1780158262554	1780158262554	1780158262557	1780158262559
robot_4_s3151	1780158262577	1780158262577	1780158262579	1780158262581
robot_3_s1170	1780158262599	1780158262599	1780158262601	1780158262603
robot_2_s415	1780158262599	1780158262599	1780158262601	1780158262603
robot_5_s3267	1780158262601	1780158262602	1780158262604	1780158262606
robot_1_s7514	1780158262654	1780158262654	1780158262657	1780158262659
robot_4_s3151	1780158262677	1780158262678	1780158262679	1780158262681
robot_3_s1170	1780158262699	1780158262699	1780158262701	1780158262703
robot_2_s415	1780158262699	1780158262699	1780158262701	1780158262704
robot_5_s3267	1780158262701	1780158262701	1780158262704	1780158262706
robot_1_s7514	1780158262754	1780158262755	1780158262757	1780158262759
robot_4_s3151	1780158262777	1780158262777	1780158262779	1780158262781
robot_3_s1170	1780158262799	1780158262799	1780158262803	1780158262806
robot_2_s415	1780158262799	1780158262799	1780158262803	1780158262806
robot_5_s3267	1780158262801	1780158262802	1780158262805	1780158262807
robot_1_s7514	1780158262854	1780158262854	1780158262857	1780158262858
robot_4_s3151	1780158262877	1780158262878	1780158262880	1780158262882
robot_3_s1170	1780158262899	1780158262899	1780158262903	1780158262905
robot_2_s415	1780158262899	1780158262899	1780158262903	1780158262905
robot_5_s3267	1780158262901	1780158262901	1780158262905	1780158262907
robot_1_s7514	1780158262954	1780158262954	1780158262957	1780158262959
robot_4_s3151	1780158262977	1780158262978	1780158262980	1780158262982
robot_3_s1170	1780158262999	1780158262999	1780158263001	1780158263003
robot_2_s415	1780158262998	1780158262999	1780158263001	1780158263003
robot_5_s3267	1780158263001	1780158263002	1780158263004	1780158263006
robot_1_s7514	1780158263054	1780158263054	1780158263058	1780158263059
robot_4_s3151	1780158263077	1780158263077	1780158263079	1780158263080
robot_2_s415	1780158263099	1780158263100	1780158263102	1780158263105
robot_3_s1170	1780158263099	1780158263100	1780158263102	1780158263107
robot_5_s3267	1780158263101	1780158263102	1780158263105	1780158263108
robot_1_s7514	1780158263154	1780158263154	1780158263156	1780158263158
robot_4_s3151	1780158263177	1780158263177	1780158263179	1780158263181
robot_3_s1170	1780158263199	1780158263199	1780158263203	1780158263205
robot_2_s415	1780158263199	1780158263200	1780158263203	1780158263207
robot_5_s3267	1780158263202	1780158263205	1780158263209	1780158263211
robot_1_s7514	1780158263254	1780158263254	1780158263256	1780158263258
robot_4_s3151	1780158263277	1780158263277	1780158263279	1780158263281
robot_3_s1170	1780158263299	1780158263299	1780158263304	1780158263306
robot_2_s415	1780158263299	1780158263299	1780158263304	1780158263306
robot_5_s3267	1780158263301	1780158263302	1780158263306	1780158263307
robot_1_s7514	1780158263354	1780158263354	1780158263357	1780158263359
robot_4_s3151	1780158263377	1780158263378	1780158263380	1780158263381
robot_2_s415	1780158263400	1780158263400	1780158263403	1780158263405
robot_5_s3267	1780158263401	1780158263402	1780158263404	1780158263407
robot_3_s1170	1780158263399	1780158263400	1780158263404	1780158263407
robot_1_s7514	1780158263454	1780158263454	1780158263456	1780158263458
robot_4_s3151	1780158263477	1780158263477	1780158263479	1780158263481
robot_3_s1170	1780158263498	1780158263499	1780158263501	1780158263503
robot_2_s415	1780158263498	1780158263499	1780158263501	1780158263503
robot_5_s3267	1780158263501	1780158263502	1780158263504	1780158263506
robot_1_s7514	1780158263554	1780158263554	1780158263556	1780158263558
robot_4_s3151	1780158263577	1780158263578	1780158263579	1780158263581
robot_3_s1170	1780158263599	1780158263600	1780158263602	1780158263604
robot_2_s415	1780158263599	1780158263600	1780158263602	1780158263604
robot_5_s3267	1780158263601	1780158263602	1780158263606	1780158263608
robot_1_s7514	1780158263654	1780158263654	1780158263656	1780158263658
robot_4_s3151	1780158263677	1780158263679	1780158263682	1780158263684
robot_5_s3267	1780158263701	1780158263701	1780158263705	1780158263707
robot_3_s1170	1780158263699	1780158263699	1780158263704	1780158263708
robot_2_s415	1780158263699	1780158263699	1780158263703	1780158263708
robot_1_s7514	1780158263754	1780158263754	1780158263756	1780158263759
robot_4_s3151	1780158263777	1780158263778	1780158263780	1780158263781
robot_3_s1170	1780158263798	1780158263799	1780158263801	1780158263804
robot_2_s415	1780158263799	1780158263799	1780158263802	1780158263805
robot_5_s3267	1780158263801	1780158263802	1780158263804	1780158263806
robot_1_s7514	1780158263854	1780158263854	1780158263858	1780158263860
robot_4_s3151	1780158263877	1780158263878	1780158263879	1780158263881
robot_3_s1170	1780158263898	1780158263899	1780158263901	1780158263903
robot_2_s415	1780158263898	1780158263899	1780158263901	1780158263903
robot_5_s3267	1780158263901	1780158263902	1780158263905	1780158263907
robot_1_s7514	1780158263954	1780158263954	1780158263957	1780158263958
robot_4_s3151	1780158263977	1780158263978	1780158263980	1780158263982
robot_3_s1170	1780158263999	1780158263999	1780158264001	1780158264004
robot_2_s415	1780158263999	1780158263999	1780158264002	1780158264004
robot_5_s3267	1780158264001	1780158264002	1780158264005	1780158264007
robot_1_s7514	1780158264054	1780158264054	1780158264056	1780158264058
robot_4_s3151	1780158264077	1780158264077	1780158264081	1780158264083
robot_3_s1170	1780158264099	1780158264099	1780158264105	1780158264107
robot_5_s3267	1780158264101	1780158264102	1780158264105	1780158264108
robot_2_s415	1780158264099	1780158264100	1780158264105	1780158264108
robot_1_s7514	1780158264154	1780158264154	1780158264158	1780158264160
robot_4_s3151	1780158264177	1780158264178	1780158264180	1780158264181
robot_3_s1170	1780158264199	1780158264199	1780158264203	1780158264206
robot_2_s415	1780158264199	1780158264200	1780158264204	1780158264206
robot_5_s3267	1780158264202	1780158264202	1780158264205	1780158264208
robot_1_s7514	1780158264254	1780158264254	1780158264258	1780158264260
robot_4_s3151	1780158264277	1780158264278	1780158264280	1780158264283
robot_3_s1170	1780158264299	1780158264299	1780158264303	1780158264307
robot_5_s3267	1780158264302	1780158264302	1780158264306	1780158264309
robot_2_s415	1780158264299	1780158264299	1780158264304	1780158264309
robot_1_s7514	1780158264354	1780158264355	1780158264357	1780158264360
robot_4_s3151	1780158264377	1780158264378	1780158264380	1780158264383
robot_3_s1170	1780158264399	1780158264401	1780158264405	1780158264407
robot_2_s415	1780158264399	1780158264404	1780158264409	1780158264412
robot_5_s3267	1780158264403	1780158264406	1780158264411	1780158264413
robot_1_s7514	1780158264454	1780158264455	1780158264458	1780158264460
robot_4_s3151	1780158264478	1780158264481	1780158264487	1780158264490
robot_5_s3267	1780158264501	1780158264502	1780158264505	1780158264506
robot_3_s1170	1780158264499	1780158264500	1780158264505	1780158264506
robot_2_s415	1780158264500	1780158264501	1780158264505	1780158264507
robot_1_s7514	1780158264554	1780158264554	1780158264558	1780158264560
robot_4_s3151	1780158264577	1780158264578	1780158264580	1780158264582
robot_3_s1170	1780158264598	1780158264599	1780158264601	1780158264604
robot_2_s415	1780158264598	1780158264599	1780158264602	1780158264605
robot_5_s3267	1780158264601	1780158264602	1780158264605	1780158264606
robot_1_s7514	1780158264654	1780158264654	1780158264657	1780158264658
robot_4_s3151	1780158264677	1780158264677	1780158264679	1780158264681
robot_3_s1170	1780158264699	1780158264699	1780158264701	1780158264703
robot_2_s415	1780158264699	1780158264699	1780158264701	1780158264703
robot_5_s3267	1780158264701	1780158264702	1780158264704	1780158264706
robot_1_s7514	1780158264754	1780158264754	1780158264757	1780158264758
robot_4_s3151	1780158264777	1780158264777	1780158264779	1780158264781
robot_3_s1170	1780158264799	1780158264799	1780158264802	1780158264805
robot_2_s415	1780158264799	1780158264799	1780158264803	1780158264806
robot_5_s3267	1780158264802	1780158264802	1780158264805	1780158264807
robot_1_s7514	1780158264854	1780158264854	1780158264856	1780158264858
robot_4_s3151	1780158264877	1780158264878	1780158264880	1780158264882
robot_3_s1170	1780158264899	1780158264899	1780158264901	1780158264904
robot_2_s415	1780158264899	1780158264899	1780158264903	1780158264905
robot_5_s3267	1780158264901	1780158264902	1780158264905	1780158264907
robot_1_s7514	1780158264954	1780158264954	1780158264957	1780158264959
robot_4_s3151	1780158264978	1780158264978	1780158264980	1780158264982
robot_3_s1170	1780158264998	1780158264999	1780158265001	1780158265004
robot_2_s415	1780158264998	1780158264999	1780158265001	1780158265004
robot_5_s3267	1780158265001	1780158265002	1780158265004	1780158265006
robot_1_s7514	1780158265054	1780158265054	1780158265056	1780158265058
robot_4_s3151	1780158265077	1780158265077	1780158265079	1780158265081
robot_3_s1170	1780158265098	1780158265099	1780158265101	1780158265104
robot_2_s415	1780158265098	1780158265099	1780158265102	1780158265106
robot_5_s3267	1780158265102	1780158265103	1780158265106	1780158265108
robot_1_s7514	1780158265154	1780158265154	1780158265156	1780158265158
robot_4_s3151	1780158265177	1780158265177	1780158265179	1780158265181
robot_3_s1170	1780158265199	1780158265199	1780158265203	1780158265206
robot_2_s415	1780158265199	1780158265199	1780158265204	1780158265208
robot_5_s3267	1780158265202	1780158265202	1780158265206	1780158265209
robot_1_s7514	1780158265254	1780158265255	1780158265258	1780158265261
robot_4_s3151	1780158265278	1780158265286	1780158265290	1780158265293
robot_5_s3267	1780158265301	1780158265302	1780158265305	1780158265308
robot_3_s1170	1780158265299	1780158265304	1780158265309	1780158265311
robot_2_s415	1780158265299	1780158265304	1780158265309	1780158265312
robot_1_s7514	1780158265354	1780158265354	1780158265356	1780158265358
robot_4_s3151	1780158265378	1780158265378	1780158265381	1780158265383
robot_3_s1170	1780158265399	1780158265399	1780158265401	1780158265403
robot_2_s415	1780158265399	1780158265399	1780158265401	1780158265404
robot_5_s3267	1780158265401	1780158265402	1780158265404	1780158265406
robot_1_s7514	1780158265454	1780158265454	1780158265458	1780158265461
robot_4_s3151	1780158265477	1780158265478	1780158265480	1780158265482
robot_3_s1170	1780158265499	1780158265499	1780158265501	1780158265504
robot_2_s415	1780158265499	1780158265499	1780158265501	1780158265504
robot_5_s3267	1780158265501	1780158265502	1780158265504	1780158265506
robot_1_s7514	1780158265554	1780158265554	1780158265557	1780158265558
robot_4_s3151	1780158265577	1780158265578	1780158265579	1780158265581
robot_2_s415	1780158265599	1780158265599	1780158265602	1780158265604
robot_3_s1170	1780158265599	1780158265599	1780158265602	1780158265606
robot_5_s3267	1780158265601	1780158265602	1780158265606	1780158265607
robot_1_s7514	1780158265654	1780158265654	1780158265656	1780158265658
robot_4_s3151	1780158265677	1780158265678	1780158265680	1780158265681
robot_3_s1170	1780158265699	1780158265699	1780158265703	1780158265706
robot_5_s3267	1780158265701	1780158265702	1780158265705	1780158265707
robot_2_s415	1780158265699	1780158265701	1780158265709	1780158265710
robot_1_s7514	1780158265754	1780158265754	1780158265756	1780158265758
robot_4_s3151	1780158265777	1780158265778	1780158265780	1780158265782
robot_3_s1170	1780158265798	1780158265799	1780158265801	1780158265803
robot_2_s415	1780158265799	1780158265799	1780158265802	1780158265805
robot_5_s3267	1780158265801	1780158265802	1780158265805	1780158265806
robot_1_s7514	1780158265854	1780158265854	1780158265856	1780158265859
robot_4_s3151	1780158265877	1780158265878	1780158265880	1780158265881
robot_3_s1170	1780158265898	1780158265899	1780158265901	1780158265903
robot_2_s415	1780158265899	1780158265899	1780158265901	1780158265903
robot_5_s3267	1780158265901	1780158265902	1780158265904	1780158265906
robot_1_s7514	1780158265954	1780158265955	1780158265957	1780158265959
robot_4_s3151	1780158265977	1780158265977	1780158265979	1780158265980
robot_3_s1170	1780158265999	1780158265999	1780158266002	1780158266005
robot_2_s415	1780158265999	1780158265999	1780158266002	1780158266005
robot_5_s3267	1780158266001	1780158266002	1780158266006	1780158266008
robot_1_s7514	1780158266054	1780158266054	1780158266057	1780158266058
robot_4_s3151	1780158266077	1780158266078	1780158266080	1780158266082
robot_3_s1170	1780158266099	1780158266099	1780158266102	1780158266104
robot_2_s415	1780158266099	1780158266100	1780158266104	1780158266106
robot_5_s3267	1780158266101	1780158266102	1780158266106	1780158266108
robot_1_s7514	1780158266154	1780158266154	1780158266157	1780158266159
robot_4_s3151	1780158266177	1780158266178	1780158266180	1780158266182
robot_3_s1170	1780158266199	1780158266199	1780158266202	1780158266204
robot_2_s415	1780158266199	1780158266199	1780158266202	1780158266206
robot_5_s3267	1780158266201	1780158266202	1780158266204	1780158266207
robot_1_s7514	1780158266254	1780158266254	1780158266257	1780158266259
robot_4_s3151	1780158266277	1780158266277	1780158266279	1780158266281
robot_3_s1170	1780158266299	1780158266299	1780158266301	1780158266304
robot_2_s415	1780158266299	1780158266299	1780158266301	1780158266304
robot_5_s3267	1780158266301	1780158266302	1780158266304	1780158266306
robot_1_s7514	1780158266354	1780158266354	1780158266356	1780158266358
robot_4_s3151	1780158266377	1780158266377	1780158266379	1780158266380
robot_3_s1170	1780158266399	1780158266399	1780158266401	1780158266404
robot_2_s415	1780158266399	1780158266399	1780158266401	1780158266404
robot_5_s3267	1780158266401	1780158266402	1780158266405	1780158266407
robot_1_s7514	1780158266454	1780158266454	1780158266457	1780158266458
robot_4_s3151	1780158266477	1780158266478	1780158266480	1780158266482
robot_3_s1170	1780158266500	1780158266501	1780158266505	1780158266508
robot_5_s3267	1780158266501	1780158266502	1780158266505	1780158266510
robot_2_s415	1780158266500	1780158266501	1780158266507	1780158266510
robot_1_s7514	1780158266554	1780158266555	1780158266558	1780158266560
robot_4_s3151	1780158266577	1780158266578	1780158266580	1780158266582
robot_3_s1170	1780158266598	1780158266599	1780158266601	1780158266603
robot_2_s415	1780158266598	1780158266599	1780158266601	1780158266603
robot_5_s3267	1780158266601	1780158266602	1780158266605	1780158266607
robot_1_s7514	1780158266654	1780158266654	1780158266657	1780158266659
robot_4_s3151	1780158266677	1780158266677	1780158266679	1780158266680
robot_3_s1170	1780158266698	1780158266699	1780158266701	1780158266703
robot_2_s415	1780158266698	1780158266699	1780158266701	1780158266703
robot_5_s3267	1780158266701	1780158266702	1780158266705	1780158266707
robot_1_s7514	1780158266754	1780158266754	1780158266757	1780158266758
robot_4_s3151	1780158266777	1780158266777	1780158266779	1780158266780
robot_3_s1170	1780158266799	1780158266799	1780158266801	1780158266804
robot_2_s415	1780158266799	1780158266799	1780158266801	1780158266804
robot_5_s3267	1780158266802	1780158266802	1780158266805	1780158266807
robot_1_s7514	1780158266854	1780158266854	1780158266856	1780158266858
robot_4_s3151	1780158266877	1780158266878	1780158266880	1780158266881
robot_2_s415	1780158266899	1780158266899	1780158266902	1780158266904
robot_3_s1170	1780158266899	1780158266899	1780158266904	1780158266907
robot_5_s3267	1780158266901	1780158266901	1780158266905	1780158266908
robot_1_s7514	1780158266955	1780158266955	1780158266957	1780158266960
robot_4_s3151	1780158266977	1780158266977	1780158266979	1780158266981
robot_3_s1170	1780158266999	1780158266999	1780158267001	1780158267004
robot_2_s415	1780158266999	1780158266999	1780158267002	1780158267004
robot_5_s3267	1780158267001	1780158267002	1780158267004	1780158267007
robot_1_s7514	1780158267054	1780158267054	1780158267056	1780158267059
robot_4_s3151	1780158267077	1780158267077	1780158267079	1780158267080
robot_3_s1170	1780158267098	1780158267099	1780158267101	1780158267103
robot_2_s415	1780158267098	1780158267099	1780158267101	1780158267103
robot_5_s3267	1780158267101	1780158267102	1780158267104	1780158267106
robot_1_s7514	1780158267154	1780158267155	1780158267157	1780158267159
robot_4_s3151	1780158267177	1780158267177	1780158267180	1780158267181
robot_3_s1170	1780158267199	1780158267199	1780158267202	1780158267204
robot_2_s415	1780158267199	1780158267199	1780158267202	1780158267205
robot_5_s3267	1780158267201	1780158267202	1780158267205	1780158267207
robot_1_s7514	1780158267254	1780158267254	1780158267257	1780158267258
